feature_0,feature_1,feature_2,feature_3,feature_4,feature_5,feature_6,feature_7,feature_8,feature_9,feature_10,feature_11,feature_12,feature_13,feature_14,feature_15,feature_16,feature_17,feature_18,feature_19,feature_20,feature_21,feature_22,feature_23,feature_24,feature_25,feature_26,feature_27,feature_28,feature_29,genre
21.18461799621582,3.1194040775299072,3.457733154296875,2.2260313034057617,1.8348690271377563,-4.57197904586792,9.270257949829102,-0.29959797859191895,2.2631218433380127,0.4261507987976074,82561.07443883458,1654.2877766959652,581850.2101051614,3530.866871002132,1.4578833997802576e-06,0.001977782929316163,0.0007225029137758656,0.10842238306236673,0.5582776441236746,1.0,0.0,0.0,125.01666666666667,0.0,938.0,210.0,24.499714748859326,70.0,4.0,938.0,blues
77.45775604248047,5.234729290008545,6.481889724731445,4.098783493041992,2.159468173980713,-13.517208099365234,10.596757888793945,1.7457382678985596,1.839388370513916,1.1225018501281738,240702.75227417526,1364.9269340676058,1991310.6755982141,3094.6411913646057,6.0931688494747505e-06,0.0030232721474021673,1.3380561106311061e-05,0.07055247617937101,0.551390002673082,0.0,0.0,0.0,0.0,0.0,938.0,267.0,24.499714748859326,94.0,3.0,932.0,blues
23.83699607849121,4.444128036499023,4.489752769470215,1.5555247068405151,1.2893848419189453,-1.5805977582931519,10.60768985748291,-1.4120111465454102,1.2214175462722778,0.41786739230155945,125791.25813014129,1472.9778261791298,576701.698662388,2886.785381130064,1.8334526430408005e-06,0.002020352054387331,0.000425087481356548,0.10216061850346482,0.5038715138554754,1.0,0.0,0.0,156.26666666666665,0.0,938.0,255.0,30.867706328507765,3.0,3.0,938.0,blues
49.60625457763672,4.718095302581787,3.183928966522217,1.7652720212936401,1.5853276252746582,-13.266894340515137,13.01563835144043,1.034149169921875,1.92792546749115,0.7488928437232971,125838.0228407833,993.2264242728568,1001274.1994498147,2040.1702425373135,9.778877029020805e-06,0.003225589171051979,4.5901065141313655e-05,0.043884407482675906,0.6085182215094002,0.0,0.0,0.0,0.0,0.0,938.0,198.0,20.601722307054366,50.0,3.0,903.0,blues
47.70880889892578,11.221357345581055,2.62111496925354,2.2104101181030273,1.7084884643554688,-7.0784196853637695,9.283130645751953,-1.2469934225082397,0.27336007356643677,-1.1779721975326538,302169.00540564116,1795.6620345833758,1373471.177914534,3531.774720149254,1.855750838331005e-06,0.001934763859026134,0.005195270511466381,0.1355547874466951,0.5391071905907512,0.0,0.0,0.0,0.0,0.0,938.0,251.0,29.135235094880613,47.0,5.0,938.0,blues
78.06791687011719,26.942214965820312,4.919948101043701,3.2585418224334717,1.7882486581802368,-8.79889965057373,9.982617378234863,0.47809481620788574,1.187682867050171,-0.4172242283821106,921558.4975885596,1796.8497589200167,2922243.189451522,3455.4987340085286,4.761003310704837e-06,0.001963455695658922,0.0001182754074850666,0.12389017523987207,0.5050521251002408,0.0,0.0,0.0,0.0,0.0,938.0,385.0,18.354047994837977,281.0,4.0,938.0,blues
121.91292572021484,23.04196548461914,11.24615478515625,5.449886322021484,3.1670355796813965,-9.671300888061523,12.519813537597656,-2.282805919647217,4.325815200805664,0.7839654088020325,396085.67149786075,1458.7320853804927,1387714.9934458372,2798.3075692963753,9.174015758617315e-06,0.0030397316440939903,0.0013673484045488408,0.09827623184301706,0.5329457364341086,0.0,0.0,0.0,0.0,0.0,938.0,259.0,21.826764464562746,114.0,3.0,938.0,blues
67.94725036621094,14.14798641204834,4.793842792510986,4.548140048980713,3.141766309738159,-9.047370910644531,11.155112266540527,-0.39951226115226746,3.6143481731414795,1.3734415769577026,402002.0708948015,1428.3104983945104,1351606.5829656308,2908.7819829424307,6.0787733673350886e-06,0.002976411022245884,7.853398585431062e-05,0.08244665345149253,0.5705649113427782,0.0,0.0,0.0,0.0,0.0,938.0,339.0,29.135235094880613,200.0,3.0,938.0,blues
20.669946670532227,3.8336315155029297,4.567442893981934,1.7994575500488281,1.3779628276824951,-5.2055864334106445,9.186186790466309,0.39216694235801697,2.5310258865356445,0.6780790090560913,127824.5880817225,1589.1041435522284,863504.6705794977,3493.3119003198294,1.997449089685688e-06,0.0022991232108324766,4.617656627970329e-05,0.08247892790511727,0.5751670676289763,0.0,0.0,0.0,0.0,0.0,938.0,158.0,23.12465141947715,3.0,3.0,928.0,blues
81.6434555053711,7.998225688934326,5.6453752517700195,3.7705910205841064,4.0960798263549805,-12.748151779174805,9.520411491394043,1.0562067031860352,1.4614094495773315,-1.267318844795227,300896.2370898166,1731.5537539627026,1232376.909989357,3745.2275453091684,2.384111439823755e-06,0.002200329676270485,0.0036877669833102634,0.10369573727345416,0.5647643232647241,0.0,0.0,0.0,0.0,0.0,938.0,218.0,18.354047994837977,4.0,4.0,938.0,blues
84.2253189086914,12.883645057678223,7.917339324951172,4.022928714752197,1.6489893198013306,-7.9530205726623535,11.932598114013672,-1.1456011533737183,0.6521296501159668,-1.502387285232544,175088.13173344822,1409.967052398335,1223466.0495945339,2809.285047974414,1.4287847989180591e-05,0.003131684847176075,0.0019292693861504386,0.08542735541044776,0.5314577207520271,0.0,0.0,0.0,0.0,0.0,938.0,172.0,16.351597831287414,2.0,5.0,938.0,blues
59.197837829589844,11.733549118041992,3.205993413925171,2.5669071674346924,2.0917258262634277,-21.20590591430664,10.94727897644043,1.9773733615875244,2.6643693447113037,1.1489320993423462,411943.3869280102,1295.3599790359222,2335377.257473608,2802.921775053305,1.0264433512929827e-05,0.0033621047623455524,0.002304442185393206,0.05679366837686567,0.6272208856811905,1.0,0.0,0.0,156.06060606060606,0.0,938.0,387.0,20.601722307054366,265.0,3.0,878.0,blues
55.17759323120117,7.9349188804626465,6.514232635498047,4.731639862060547,2.6756513118743896,-11.197627067565918,10.465097427368164,0.056030936539173126,4.724069118499756,-0.38693302869796753,257733.2423707898,1331.552922689848,900376.3139497465,2731.3682702558635,6.4482119341846555e-06,0.0031573937740176916,0.0025121854046825636,0.09309045592350747,0.5513365410318097,1.0,0.0,0.0,170.3125,0.0,938.0,489.0,30.867706328507765,405.0,3.0,938.0,blues
28.208242416381836,4.773803234100342,7.017413139343262,2.3341872692108154,2.2967889308929443,-13.017239570617676,11.111335754394531,1.6425491571426392,3.611372709274292,0.37606292963027954,157210.2078177221,1198.2429460847372,782856.3117688734,2446.9033182302774,8.076131052803248e-06,0.0035124404821544886,0.0012169660491804096,0.06808816547841151,0.5406397576405595,0.0,0.0,0.0,0.0,0.0,938.0,285.0,30.867706328507765,21.0,3.0,938.0,blues
130.5176239013672,6.561393737792969,11.608912467956543,2.8608670234680176,2.7112255096435547,-21.39739990234375,11.010537147521973,1.520867109298706,3.9521100521087646,0.9092195630073547,170519.31321054112,1082.5327425112387,827707.4382957022,2132.1295309168445,1.259157397726085e-05,0.005470918025821447,0.0003080030262195745,0.060030483742004266,0.6077831239419049,0.0,0.0,0.0,0.0,0.0,938.0,236.0,29.135235094880613,28.0,3.0,902.0,blues
63.98567199707031,7.3821234703063965,8.646261215209961,5.2236833572387695,3.6481332778930664,-15.15251350402832,10.58193302154541,0.17219233512878418,3.23994779586792,0.032315876334905624,199758.14971049014,1329.9571266609566,579377.9206948725,2754.4976012793177,7.462571829819353e-06,0.003799011465162039,0.0015321890207258102,0.08552990488406183,0.5947117526508063,0.0,0.0,0.0,0.0,0.0,938.0,359.0,30.867706328507765,241.0,3.0,936.0,blues
73.92391967773438,6.899071216583252,11.173299789428711,5.980097770690918,3.429274559020996,-15.035408973693848,10.571198463439941,0.3652285635471344,2.7424228191375732,0.5092213153839111,155351.88593796125,1334.899309477802,732559.8608314192,2724.097148187633,3.7306081139831804e-06,0.003565683960914612,2.1702376309510714e-06,0.081534639858742,0.5709435979684575,0.0,0.0,0.0,0.0,0.0,938.0,368.0,27.5,221.0,3.0,934.0,blues
59.52946472167969,9.137238502502441,4.797271251678467,3.0311241149902344,2.4662997722625732,-15.104166030883789,11.874282836914062,0.29939699172973633,5.520019054412842,0.5731002688407898,226665.48728256449,1074.2274745463935,1037488.5213721348,2155.3588086353943,7.01475528330775e-06,0.003839813405647874,0.00037966212854276065,0.0654760169576226,0.5889824467611154,0.0,0.0,0.0,0.0,0.0,938.0,308.0,27.5,165.0,3.0,938.0,blues
49.60728454589844,5.971671104431152,7.436611175537109,2.606198310852051,2.1330363750457764,-16.96327781677246,9.969229698181152,2.1581761837005615,3.135606288909912,0.8707031011581421,161960.53399603715,1363.3169934849705,1131284.5349861914,3050.373134328358,2.8620137527468614e-05,0.004071855451911688,0.001896076805405876,0.07315525469749468,0.5805666933974872,0.0,0.0,0.0,0.0,0.0,938.0,162.0,27.5,0.0,4.0,922.0,blues
67.12699890136719,8.93470287322998,10.658453941345215,6.212547779083252,3.078866720199585,-14.656139373779297,12.033266067504883,0.46902865171432495,3.9683046340942383,-0.21490229666233063,248200.11330505242,1153.7574470105656,1162694.6610839178,2213.236273987207,7.769813237246126e-06,0.004419393837451935,0.0003896467659501289,0.0798699027185501,0.5694333066025127,1.0,0.0,0.0,125.65104166666666,0.0,938.0,375.0,27.5,230.0,3.0,938.0,blues
39.975181579589844,3.606868267059326,5.936945915222168,2.5358774662017822,2.020733594894409,-15.46970272064209,11.200770378112793,1.4616981744766235,2.602719306945801,0.3026568591594696,84270.13210978956,1239.0738599933966,553502.8442475492,2631.7297441364603,4.955980784870917e-06,0.0034986829850822687,0.0011526461594619445,0.06907670075959488,0.5985075291811459,0.0,0.0,0.0,0.0,0.0,938.0,235.0,20.601722307054366,30.0,3.0,938.0,blues
93.90526580810547,11.448505401611328,9.689852714538574,3.1377663612365723,3.1520345211029053,-17.21245002746582,12.267574310302734,1.1191908121109009,3.8734147548675537,1.1274851560592651,306132.29992052994,1001.2278149019925,1341213.5713148483,1798.9988672707889,1.1451836144260596e-05,0.004152593202888966,0.002342783655391412,0.06451559168443496,0.5660162166978526,0.0,0.0,0.0,0.0,0.0,938.0,181.0,25.956543598746574,6.0,3.0,927.0,blues
94.76727294921875,11.197799682617188,7.697953701019287,3.3224575519561768,4.080742835998535,-13.986438751220703,11.807113647460938,0.585639238357544,3.728206157684326,-0.0953621044754982,328088.66891071486,1120.855627889883,1299445.7834885893,2143.6400586353943,9.93693174677901e-06,0.003932311665266752,0.005518163172007404,0.07916715251865672,0.5674775015592979,1.0,0.0,0.0,98.4375,0.0,938.0,161.0,21.826764464562746,37.0,4.0,926.0,blues
61.51814270019531,3.859794855117798,9.72836685180664,2.250803232192993,1.4333988428115845,-13.222391128540039,11.568652153015137,0.06355589628219604,4.789299964904785,-0.17247125506401062,133920.11972826242,1185.677682227737,524120.8739289827,2497.4013859275055,5.343723387341015e-06,0.0031726788729429245,0.001068933081661252,0.07078047957755863,0.5464136148979774,0.0,0.0,0.0,0.0,0.0,938.0,321.0,27.5,21.0,4.0,938.0,blues
86.53038787841797,6.381793975830078,9.327683448791504,3.4281704425811768,2.5531435012817383,-17.132774353027344,11.570138931274414,1.102455973625183,5.959826469421387,-0.10432407259941101,186357.12133479054,1116.3580337763447,1110369.85999136,2342.558968550107,1.738229548209347e-05,0.005283911246806383,0.001768769077228863,0.06402939265724947,0.5387151385547536,1.0,0.0,0.0,104.29566563467492,0.0,938.0,330.0,29.135235094880613,172.0,3.0,937.0,blues
58.31346893310547,3.481872081756592,12.776851654052734,3.276521682739258,1.9377467632293701,-15.95543384552002,11.243401527404785,0.6995146870613098,5.792144775390625,-0.14036868512630463,146051.32898823058,1091.7465478448344,795414.0307272334,2252.631929637527,1.789236193872057e-05,0.003990008030086756,0.002001033530478802,0.06963525702958422,0.5793415307849951,0.0,0.0,0.0,0.0,0.0,938.0,497.0,29.135235094880613,349.0,3.0,938.0,blues
96.92530822753906,6.186405181884766,11.592184066772461,3.463881492614746,3.425445079803467,-18.992351531982422,10.52985668182373,0.9580908417701721,4.935389995574951,0.16084378957748413,168853.95793046747,1176.757732016467,922290.7641777263,2450.493070362473,3.6928813642589375e-05,0.004581148270517588,0.0007531279166177125,0.06992364488939233,0.6070658469215005,0.0,0.0,0.0,0.0,0.0,938.0,199.0,29.135235094880613,45.0,4.0,925.0,blues
44.508750915527344,6.799893856048584,8.657355308532715,5.661605358123779,2.2609000205993652,-11.969812393188477,10.551725387573242,-0.4218989312648773,5.499055862426758,-0.9587035775184631,206960.02168536012,1396.2842924263693,485959.94227740937,2830.3238272921108,4.322626864450285e-06,0.0027816728688776493,0.005225405711383168,0.09812318846615138,0.5225563574801746,0.0,0.0,0.0,0.0,0.0,938.0,269.0,20.601722307054366,25.0,4.0,938.0,blues
72.95553588867188,5.1129655838012695,9.593327522277832,4.362684726715088,2.2154035568237305,-15.15688419342041,12.29675579071045,-0.466056227684021,5.343288898468018,0.7140565514564514,110360.05645915474,1099.314829401113,597643.682852976,2278.6847014925374,9.96445396594936e-06,0.004685747902840376,3.6186742077832616e-05,0.06509757296108742,0.5290831328521787,1.0,0.0,0.0,110.17628205128204,0.0,938.0,287.0,29.135235094880613,86.0,3.0,938.0,blues
43.30152893066406,9.63735580444336,5.166590690612793,3.4577078819274902,1.9459502696990967,-13.845636367797852,11.060349464416504,3.688321828842163,1.5335596799850464,2.5014591217041016,478551.2740301886,1437.1946353849294,2851229.53810129,3145.2308768656717,1.6376237908843905e-05,0.0055305869318544865,0.0006764433529196827,0.06360618087020256,0.5470863405506549,0.0,0.0,0.0,0.0,0.0,938.0,195.0,27.5,72.0,3.0,929.0,blues
17.676424026489258,8.294979095458984,4.314620494842529,3.707007884979248,1.7705743312835693,-11.066473007202148,12.48965835571289,4.112120151519775,1.699073314666748,1.984899878501892,397936.7266167767,1238.7772339520964,3230238.2728522937,2617.220815565032,1.470664756197948e-05,0.004935138858854771,0.00024858539653496107,0.04896971615138593,0.5390893700436604,0.0,0.0,0.0,0.0,0.0,938.0,321.0,21.826764464562746,111.0,3.0,938.0,blues
19.50649070739746,6.44528341293335,5.179893493652344,3.645914316177368,2.0177061557769775,-11.909576416015625,11.903752326965332,3.5795090198516846,2.270325183868408,2.5656003952026367,210609.35281000333,1171.9254889165252,2292000.438141413,2442.1142057569296,1.3951457731309347e-05,0.0051671178080141544,0.0011885147711884925,0.05302953008395522,0.5142118863049095,0.0,0.0,0.0,0.0,0.0,938.0,293.0,27.5,151.0,3.0,938.0,blues
63.09697341918945,10.413846969604492,4.552827835083008,4.757543563842773,2.096184730529785,-18.939470291137695,11.744174003601074,3.4030263423919678,1.9358646869659424,2.8757030963897705,558126.4057088788,1182.292585480161,3278835.1851699217,2434.09348347548,2.8474869395722635e-05,0.004697770811617374,4.4016357282457803e-05,0.04911495119269723,0.5332843268288336,0.0,0.0,0.0,0.0,0.0,938.0,336.0,24.499714748859326,190.0,3.0,937.0,blues
31.28891944885254,8.932209014892578,2.811913013458252,4.50886344909668,1.863830804824829,-14.109688758850098,12.033158302307129,5.317714214324951,1.411091923713684,2.194546699523926,512241.7980497807,1267.687222897026,4006891.809831398,2757.346082089552,1.7640855730860494e-05,0.004671460948884487,1.060203043700144e-05,0.050943142823827295,0.5506370845584959,0.0,0.0,0.0,0.0,0.0,938.0,335.0,21.826764464562746,214.0,3.0,938.0,blues
39.58258819580078,6.229485988616943,4.686054706573486,3.7982373237609863,2.011575937271118,-11.973762512207031,11.227039337158203,3.486980676651001,1.1313432455062866,2.5834548473358154,241032.74625947088,1368.0536655095054,2722389.0314979665,3076.3093017057568,1.721720582281705e-05,0.005448346026241779,6.083094054442389e-06,0.057103919576226014,0.5306557961329413,0.0,0.0,0.0,0.0,0.0,938.0,161.0,27.5,4.0,3.0,936.0,blues
16.977144241333008,6.105294227600098,4.351895332336426,2.1446373462677,1.521719217300415,-8.055931091308594,12.341041564941406,2.85787296295166,0.603554368019104,2.033406972885132,294459.6178433694,1339.4416270968345,3059979.12388768,2946.5701625799575,6.857059361209394e-06,0.0037618009373545647,0.0006050782923370847,0.05682490171908316,0.5206941103091864,0.0,0.0,0.0,0.0,0.0,938.0,195.0,21.826764464562746,33.0,3.0,938.0,blues
26.412633895874023,4.956423759460449,2.398695468902588,4.332282543182373,1.213957667350769,-9.650752067565918,12.649077415466309,3.7123239040374756,1.6245476007461548,2.2066166400909424,171600.2083152006,1106.0363909477232,1715842.972558936,2175.398121002132,1.8583068595035e-05,0.005757266655564308,1.8743293922418073e-06,0.04745906349946695,0.5195402298850573,0.0,0.0,0.0,0.0,0.0,938.0,346.0,21.826764464562746,163.0,3.0,938.0,blues
99.65372467041016,9.82647705078125,6.651721954345703,4.532260417938232,3.0159971714019775,-20.942760467529297,11.482098579406738,2.2270328998565674,1.881501317024231,2.437654733657837,323400.7313087783,1114.9378290746704,2461963.9348442024,2183.652052238806,9.896214032778516e-05,0.007293858099728823,0.00028724326614642864,0.06382325259861407,0.6333912501113784,0.0,0.0,0.0,0.0,0.0,938.0,444.0,21.826764464562746,306.0,3.0,926.0,blues
26.41468620300293,7.273416996002197,3.308598518371582,2.4857912063598633,1.5698835849761963,-9.992944717407227,11.870691299438477,3.7136893272399902,1.501079797744751,2.3672983646392822,364617.2321060507,1308.1601035826131,2782258.3464353173,2871.043776652452,1.6078425687737763e-05,0.004687368404120207,3.369473539978286e-05,0.0536562791511194,0.5299162434286732,0.0,0.0,0.0,0.0,0.0,938.0,183.0,25.956543598746574,1.0,3.0,938.0,blues
58.050174713134766,9.961328506469727,2.7670280933380127,3.693758964538574,1.736533284187317,-20.07029914855957,13.28710651397705,3.3058712482452393,1.6997712850570679,2.4590537548065186,363225.7810325685,1047.8854269012372,2794916.138065473,2082.9390991471214,4.20982287323568e-05,0.004502751864492893,0.0008614208377206845,0.04497497168176972,0.5536665775639312,0.0,0.0,0.0,0.0,0.0,938.0,400.0,21.826764464562746,287.0,3.0,934.0,blues
15.470782279968262,2.1406216621398926,3.7920632362365723,2.0375654697418213,1.333566665649414,-4.215131759643555,5.9346771240234375,2.5662617683410645,3.391505718231201,0.8131983280181885,127597.68125834502,2114.5959498632387,346689.08164357475,4800.689632196162,7.515753850384499e-07,0.0017772886203601956,0.0005058040861085994,0.12356430736940298,0.5812572395972555,1.0,0.0,0.0,117.31283422459893,0.0,938.0,370.0,25.956543598746574,234.0,3.0,938.0,blues
14.20754337310791,2.908221960067749,3.823416233062744,1.6877118349075317,1.9694523811340332,-4.13970422744751,6.4889960289001465,1.6620575189590454,2.0872387886047363,0.8201504349708557,165736.5557056188,2131.364707045336,590619.841462241,4830.065631663113,7.289571613000589e-07,0.0015046148328110576,0.002004155067301881,0.12386935301172708,0.595531497816983,0.0,0.0,0.0,0.0,0.0,938.0,345.0,19.445436482630058,218.0,3.0,938.0,blues
18.110380172729492,3.685349225997925,3.678568124771118,1.0233889818191528,1.2383358478546143,-7.844437122344971,4.368556976318359,1.66925847530365,4.520257949829102,2.3458521366119385,169435.4843357723,2155.461650281142,404754.8564256535,4836.5954824093815,1.9850908756779972e-06,0.001522290171124041,0.004603094245398726,0.12497501332622601,0.6471754432861089,0.0,0.0,0.0,0.0,0.0,938.0,166.0,23.12465141947715,43.0,3.0,938.0,blues
23.433958053588867,2.1910908222198486,4.543129920959473,0.8373721241950989,1.6095123291015625,-4.912947177886963,7.217342376708984,1.254345417022705,2.0087132453918457,1.410264253616333,131398.91221756203,1955.0835717791779,700894.8761692103,4523.079357675906,7.067013143569056e-07,0.0016670392360538244,0.0009536958930486556,0.10827818913246269,0.5820057025750691,0.0,0.0,0.0,0.0,0.0,938.0,223.0,23.12465141947715,84.0,3.0,938.0,blues
4.327507495880127,1.6462572813034058,2.9023571014404297,0.976487398147583,0.7490503191947937,-4.265806198120117,5.631540775299072,1.6905289888381958,3.095871925354004,1.6425355672836304,119489.19029010659,2109.2751645684975,390415.20169176033,4840.060301172708,9.785131851458573e-07,0.0019288164330646396,0.004408545673380471,0.11668984874733475,0.5839659627550566,0.0,0.0,0.0,0.0,0.0,938.0,286.0,19.445436482630058,74.0,3.0,938.0,blues
4.497097015380859,1.349485993385315,1.148354411125183,0.5267466902732849,0.635860800743103,-9.668244361877441,6.313981056213379,4.034300327301025,5.203162670135498,2.000180959701538,95984.02940886271,1578.49156126006,554319.469961725,4220.024320362473,3.1785536975803552e-06,0.0034254728816449642,1.9730491769900683e-05,0.06059424556902985,0.5955047669963467,1.0,0.0,0.0,133.9452380952381,0.0,938.0,256.0,25.956543598746574,53.0,3.0,938.0,blues
18.18391990661621,4.131923198699951,2.0961318016052246,1.5659456253051758,0.8393797874450684,-11.708842277526855,6.771745681762695,3.755875825881958,3.9771201610565186,2.0199615955352783,232980.5053333939,1743.2460753524265,922563.9490916678,4406.766391257996,5.234793661657022e-06,0.0023944624699652195,0.0006161405291847298,0.07185750932835822,0.6200258397932816,1.0,0.0,0.0,117.96875,0.0,938.0,263.0,19.445436482630058,32.0,3.0,938.0,blues
11.215095520019531,2.0725066661834717,2.191317558288574,1.3055191040039062,1.3937760591506958,-8.221508026123047,6.655957221984863,3.6085093021392822,3.788722276687622,1.1687349081039429,119975.04779886069,1895.9329355827483,420191.8780310771,4568.8132995735605,1.424048832632252e-06,0.0016000779578462243,0.0014773469659407098,0.09507689648853944,0.575924440880335,1.0,0.0,0.0,143.97321428571428,0.0,938.0,344.0,20.601722307054366,219.0,4.0,938.0,blues
15.575484275817871,2.0689198970794678,3.446378707885742,1.599820613861084,2.424954652786255,-3.7651777267456055,6.941995143890381,0.6941197514533997,2.7085795402526855,0.5820595622062683,113836.40738498281,2020.3936054833518,535868.1526568915,4390.1585820895525,7.54741108721646e-07,0.0014561235439032316,0.004675495422717645,0.12648306319962688,0.5379443998930766,0.0,0.0,0.0,0.0,0.0,938.0,222.0,19.445436482630058,73.0,3.0,938.0,blues
27.56877326965332,8.425271987915039,1.958702802658081,2.1957075595855713,1.2458935976028442,-17.338680267333984,9.007214546203613,4.61444616317749,4.350728988647461,2.468043804168701,357440.14896470774,1267.01608116536,2676430.511991419,2984.341684434968,9.18797650228953e-06,0.002989063737913966,0.0005255204162846696,0.051732825826226014,0.5375256170364431,1.0,0.0,0.0,125.13950892857142,0.0,938.0,214.0,29.135235094880613,80.0,4.0,938.0,blues
21.020797729492188,3.1482491493225098,4.142821311950684,2.637026309967041,1.233964443206787,-1.929075002670288,7.259411811828613,-0.10719691216945648,3.250720977783203,1.4195998907089233,110858.50813621654,1815.2380859567322,572229.5190788083,3906.6831023454156,1.1189530368937994e-06,0.0018639304907992482,0.001453275892956415,0.1118523245935501,0.5682705159048382,0.0,0.0,0.0,0.0,0.0,938.0,229.0,30.867706328507765,61.0,3.0,938.0,blues
6.5836920738220215,2.5838119983673096,1.5588836669921875,1.3835546970367432,1.148052453994751,0.7134419083595276,7.415278434753418,-0.5130701065063477,4.239557266235352,-0.6075807213783264,89698.28652534464,1871.188148358885,419369.1164330339,3755.380463752665,4.753575524318876e-07,0.0015319136437028646,0.003835710713630125,0.14054639608875266,0.5843401942439634,1.0,0.0,0.0,98.70087719298246,0.0,938.0,189.0,20.601722307054366,76.0,4.0,938.0,blues
73.52536010742188,9.847447395324707,5.511603832244873,2.234236001968384,3.518925189971924,-13.880552291870117,9.194921493530273,0.18237918615341187,5.333230495452881,0.5100621581077576,381113.4974673881,1408.0336467090683,1671258.1526598437,3032.0079291044776,1.251368121302221e-05,0.002706869738176465,1.6941735465704704e-05,0.08907697144856076,0.6016840417000802,0.0,0.0,0.0,0.0,0.0,938.0,396.0,24.499714748859326,237.0,3.0,938.0,blues
21.002500534057617,3.5762522220611572,3.7998270988464355,4.51534366607666,2.2523446083068848,-0.7090883851051331,6.431729316711426,-1.1493918895721436,3.6838626861572266,-0.2996874451637268,118262.52265860753,2061.4933912542315,491585.3585665826,4028.701359275053,8.96120297966263e-07,0.0015729396836832166,2.752317589207436e-06,0.17558708272254797,0.561275951171701,0.0,0.0,0.0,0.0,0.0,938.0,124.0,19.445436482630058,12.0,4.0,936.0,blues
15.948915481567383,3.594663381576538,3.363630533218384,2.3854520320892334,1.3152129650115967,0.16305407881736755,6.796029090881348,-0.6524872779846191,4.103831768035889,0.9576047658920288,158306.60785980156,1917.2300745360658,594125.5396647596,3842.4090485074626,4.7304732220254664e-07,0.0015043914318084717,0.0005060382600845405,0.13570783082356078,0.5640737770649561,1.0,0.0,0.0,169.49404761904762,0.0,938.0,212.0,20.601722307054366,44.0,3.0,938.0,blues
29.873266220092773,3.3330748081207275,3.596658706665039,2.7829654216766357,2.209101915359497,-3.047396659851074,6.75447416305542,-0.8272163271903992,3.974036455154419,0.07468912750482559,135363.8753288716,1902.2951296253948,486184.9405485873,3804.0378464818764,1.4119733577899751e-06,0.001897740876302123,0.0035841858489260602,0.14873525786247335,0.5927693130179097,1.0,0.0,0.0,133.65384615384616,0.0,938.0,222.0,24.499714748859326,78.0,3.0,937.0,blues
35.37808609008789,5.720907211303711,3.334760904312134,3.418520212173462,4.191640853881836,-6.9937424659729,7.921524524688721,1.0267034769058228,3.789254903793335,0.7078418731689453,259130.27641864898,1693.8533652700467,1055525.240408052,3710.1962286780386,5.788388989458326e-06,0.0019061319762840867,0.001652649958769813,0.09704251482542645,0.6073197897175443,0.0,0.0,0.0,0.0,0.0,938.0,210.0,30.867706328507765,55.0,3.0,937.0,blues
25.27754783630371,4.748360633850098,5.003941059112549,3.693800926208496,2.7752153873443604,-2.5911831855773926,7.6609086990356445,-0.6762334108352661,3.7952983379364014,1.1726807355880737,190018.72814858684,1805.3106302466826,958151.2497372582,3684.6182036247333,1.3155932947483961e-06,0.0018818398239091039,0.0001457130537021331,0.11851647871135394,0.5413570346609641,1.0,0.0,0.0,94.86607142857143,0.0,938.0,251.0,23.12465141947715,79.0,3.0,934.0,blues
28.052391052246094,5.123826503753662,4.508393287658691,1.7724651098251343,1.9231476783752441,-2.340134382247925,7.347487926483154,0.08024557679891586,3.7468323707580566,0.05099283903837204,208294.09488074662,1944.7841645969224,753642.305782243,4000.1499200426438,1.2244934168847976e-06,0.001702002831734717,0.00042973662251272594,0.13498790228544777,0.5977546110665597,0.0,0.0,0.0,0.0,0.0,938.0,190.0,17.323914436054505,9.0,4.0,937.0,blues
20.920360565185547,3.7664637565612793,2.4252781867980957,1.9336559772491455,3.776747465133667,-2.0171756744384766,5.553451061248779,0.5628523826599121,4.514405250549316,-0.12091779708862305,198491.30776620875,2089.5496550619782,513883.9765452429,4144.098147654584,1.45839123888436e-06,0.0018613350111991167,0.008522988582143978,0.18704659598214285,0.6273099884166443,1.0,0.0,0.0,109.375,0.0,938.0,218.0,24.499714748859326,78.0,3.0,938.0,blues
13.904932975769043,3.170992851257324,3.137690305709839,3.5690577030181885,1.7396705150604248,-0.5730368494987488,7.043389797210693,-0.7156573534011841,3.797236204147339,1.1831252574920654,93783.10691593979,1841.3379219121355,462965.83454675716,3753.4898054371,7.171019547058677e-07,0.0017032524337992072,0.0037679866868622455,0.12827845982142858,0.5694154860554218,0.0,0.0,0.0,0.0,0.0,938.0,232.0,27.5,5.0,3.0,938.0,blues
6.657127380371094,2.3392791748046875,1.2394777536392212,1.0281040668487549,0.6437966227531433,-0.15262676775455475,4.202489852905273,1.2799692153930664,3.4505252838134766,-0.27289798855781555,129180.09765845248,2423.7702047788234,275200.462616189,4934.918043710021,3.262091468059225e-07,0.0012124518398195505,0.005962327603606927,0.21881767224147122,0.5241022899403012,1.0,0.0,0.0,133.9452380952381,0.0,938.0,143.0,29.135235094880613,14.0,3.0,938.0,blues
18.25111198425293,5.942567825317383,3.837441921234131,3.829484701156616,1.386106252670288,-5.171480655670166,6.356496334075928,0.5436647534370422,1.6375335454940796,-0.34594738483428955,406496.22222436586,2169.4427386535067,761033.5902680483,4538.154650852878,1.522982529422734e-06,0.0020354771986603737,0.003802639959011983,0.15346242420708955,0.48965962755056586,0.0,0.0,0.0,0.0,0.0,938.0,192.0,21.826764464562746,11.0,5.0,938.0,blues
26.214157104492188,2.96578311920166,6.254583835601807,2.238630771636963,0.9380064606666565,-5.351853847503662,5.279969215393066,2.2384955883026123,1.3067305088043213,-0.6215713620185852,218582.14334947988,2574.5693097037342,289702.1611933346,5258.004064498934,8.576367918067263e-07,0.0014197264099493623,0.008446461021070715,0.19325161996934967,0.5157578187650361,1.0,0.0,0.0,94.49404761904762,0.0,938.0,211.0,16.351597831287414,81.0,4.0,938.0,blues
6.842227935791016,0.9979161620140076,1.589651107788086,1.0347182750701904,1.0887783765792847,-1.8026256561279297,5.727404594421387,1.9713376760482788,2.559072732925415,-1.9210753440856934,63829.014713404904,2354.5697744230847,113433.10748937188,4815.190231876332,2.870704349788866e-07,0.0011474296916276217,0.0015627822849702503,0.1884578224946695,0.4735676735275773,0.0,0.0,0.0,0.0,0.0,938.0,301.0,16.351597831287414,36.0,4.0,938.0,blues
12.09878158569336,4.359208583831787,4.42535924911499,3.1715056896209717,1.0799815654754639,-3.939253568649292,5.210024833679199,1.1353062391281128,1.2761199474334717,-0.829551100730896,260821.24525220023,2564.7144420386717,338618.4687041289,5166.861007462687,7.591691542074841e-07,0.0014868553262203932,0.0029395870515947194,0.1855656150053305,0.45085538626035826,1.0,0.0,0.0,110.31078431372549,0.0,938.0,334.0,16.351597831287414,164.0,5.0,938.0,blues
13.948376655578613,5.7203216552734375,2.353954553604126,2.4333198070526123,1.020883560180664,-4.051806926727295,6.404236793518066,1.039730191230774,1.895056128501892,-0.18417294323444366,296712.85973863216,2155.692451193174,594717.7916497351,4596.32362739872,9.754967322805896e-07,0.0016723045846447349,0.0018069792680247268,0.15622188999200426,0.4889378953933885,0.0,0.0,0.0,0.0,0.0,938.0,156.0,30.867706328507765,10.0,4.0,938.0,blues
7.32069730758667,2.991281270980835,3.077880382537842,2.3568668365478516,2.4173340797424316,-2.0894548892974854,7.202235221862793,0.7141900062561035,1.5749303102493286,-1.2488136291503906,167477.0537552526,2086.90896813208,454070.84277644317,4420.675639658849,8.085951321845641e-07,0.0017151631182059646,0.010948118699717665,0.1461371643456823,0.46744186046511627,1.0,0.0,0.0,156.06060606060606,0.0,938.0,300.0,24.499714748859326,87.0,4.0,938.0,blues
13.995999336242676,1.805168867111206,1.7251935005187988,1.1178861856460571,1.782766342163086,-4.172235488891602,6.1468963623046875,1.8276032209396362,1.65581214427948,-2.0890796184539795,109032.1778524105,2267.678243868829,217667.33320809214,4806.769722814499,7.346547477027343e-07,0.0014885144773870707,0.0033229203098795084,0.17141430820229211,0.4923193442038671,0.0,0.0,0.0,0.0,0.0,938.0,404.0,21.826764464562746,251.0,5.0,938.0,blues
12.753302574157715,4.277093410491943,2.78532075881958,2.5816292762756348,1.7391167879104614,-3.1257407665252686,6.769890785217285,1.472609281539917,1.4326099157333374,-0.6134507060050964,229939.94928884096,2257.5335287294242,402038.0001090747,4787.280117270789,1.163720412478142e-06,0.0016543667297810316,0.005381130493813248,0.1617350954490938,0.45274436425198245,0.0,0.0,0.0,0.0,0.0,938.0,192.0,24.499714748859326,36.0,4.0,938.0,blues
16.967992782592773,5.1775407791137695,3.6279046535491943,3.04130482673645,2.013921022415161,-4.675252914428711,7.830776214599609,0.5100669264793396,1.140023112297058,-0.5339972972869873,250794.81005777483,2018.97311368177,807035.9213631061,4390.600013326226,1.5420162071677623e-06,0.002048762748017907,0.00017380714416503906,0.12841796875,0.46203777955983244,1.0,0.0,0.0,144.24743589743588,0.0,938.0,190.0,21.826764464562746,66.0,5.0,938.0,blues
5.057530879974365,1.434517741203308,1.082731008529663,0.9004666209220886,1.1515558958053589,-1.8133312463760376,6.1839518547058105,1.707276463508606,2.2316648960113525,-1.7726750373840332,66364.00609364685,2236.144354387649,95749.413182217,4717.409048507463,2.7056037765760266e-07,0.001276095281355083,0.004635076788255756,0.1735501482542644,0.4919362024414149,0.0,0.0,0.0,0.0,0.0,938.0,428.0,21.826764464562746,214.0,5.0,938.0,blues
4.882167816162109,2.0095436573028564,1.6248512268066406,0.7215097546577454,1.2312994003295898,-5.106023788452148,6.7952680587768555,4.0907111167907715,0.9518901705741882,-0.9019691944122314,176437.65797669935,2341.1416875312184,223527.53434053806,5262.6182702558635,4.957946657668799e-07,0.0010689839255064726,0.009286064966806444,0.15984079324360342,0.5027176334313463,0.0,0.0,0.0,0.0,0.0,938.0,319.0,18.354047994837977,57.0,4.0,938.0,blues
8.81106948852539,2.223916530609131,2.2652835845947266,2.7653520107269287,1.2618311643600464,3.367230176925659,7.414886474609375,0.4710603654384613,2.6949710845947266,-0.1063639298081398,79962.66957750078,1943.1866511833314,344706.06776965305,4174.7151519189765,1.2797090676031075e-06,0.0016810772940516472,0.0031299194615157814,0.13016443313566098,0.46665775639312124,0.0,0.0,0.0,0.0,0.0,938.0,231.0,29.135235094880613,64.0,4.0,938.0,blues
23.609111785888672,2.476100444793701,3.6251368522644043,2.4119834899902344,1.7013347148895264,0.7528839707374573,6.766594886779785,1.0731498003005981,1.3398185968399048,1.3517154455184937,187263.88087352464,2234.7555395341283,879363.7536021344,5151.161047441365,1.79314804427122e-06,0.001676043146289885,0.000497131321295487,0.1477847231476546,0.5452330036532121,1.0,0.0,0.0,110.31078431372549,0.0,938.0,241.0,29.135235094880613,45.0,4.0,938.0,blues
57.89842987060547,6.963796138763428,3.141427516937256,2.847217559814453,1.62229323387146,-1.9699811935424805,6.159682750701904,0.38120123744010925,2.904618978500366,1.4667425155639648,330916.4771415356,2039.9884719895413,1304568.4276693556,4334.429970682303,3.046459596589557e-06,0.0020276312716305256,0.0144858468489429,0.137447007429371,0.5686001960260181,1.0,0.0,0.0,119.7350543478261,0.0,938.0,189.0,24.499714748859326,28.0,3.0,938.0,blues
15.033027648925781,1.6994483470916748,2.0775835514068604,1.675940752029419,2.5152244567871094,1.688772439956665,4.820678234100342,-0.08020544052124023,2.715837001800537,1.0898631811141968,117686.43748848175,2402.470444122046,384014.8135790798,5040.378464818763,6.308025604084833e-07,0.0012062599416822195,0.0008713803516514563,0.17112071478544777,0.4650761828388132,1.0,0.0,0.0,117.20416666666667,0.0,938.0,274.0,21.826764464562746,137.0,3.0,937.0,blues
15.34385871887207,2.3616726398468018,3.6748554706573486,1.33519446849823,1.4358718395233154,3.1280593872070312,7.237441062927246,-1.0916423797607422,1.6165187358856201,1.3436185121536255,135105.4753579951,2013.4274418238465,789601.2605160909,4233.91691098081,9.883730172077776e-07,0.0015940202865749598,2.4952547858281928e-05,0.14317884628198294,0.5195714158424665,0.0,0.0,0.0,0.0,0.0,938.0,177.0,21.826764464562746,18.0,3.0,938.0,blues
5.984902381896973,1.0982929468154907,1.9271209239959717,1.442061424255371,0.7204303741455078,5.329904556274414,6.693666934967041,-0.8078558444976807,1.4636008739471436,0.8211432099342346,61581.06887030529,2140.464944687104,362939.1472291537,4513.942563965885,4.6266572439890297e-07,0.0013328647473827004,0.004262535524825914,0.15903809634861407,0.506865365766729,0.0,0.0,0.0,0.0,0.0,938.0,240.0,29.135235094880613,14.0,3.0,938.0,blues
7.043769359588623,1.3216118812561035,2.0523195266723633,1.0007776021957397,0.6151278614997864,5.197700500488281,6.116928577423096,-0.33868440985679626,1.9463199377059937,0.9650501012802124,95356.10727178477,2190.709882398817,275143.93632975087,4767.115871535181,4.73305874493235e-07,0.0012655818136408925,0.003700612532565772,0.15653578508128999,0.5030384032789806,0.0,0.0,0.0,0.0,0.0,938.0,290.0,19.445436482630058,108.0,3.0,938.0,blues
16.74150276184082,2.924894094467163,2.212165117263794,2.4328298568725586,1.3369653224945068,2.0166513919830322,8.605650901794434,-1.5231928825378418,1.61446213722229,-0.027594201266765594,110840.35782521061,1727.8259803918215,510865.42101586337,3545.259195095949,1.9461679130472476e-06,0.0019035858567804098,6.679342651963775e-05,0.12438366204690832,0.5019959012741692,1.0,0.0,0.0,117.20416666666667,0.0,938.0,176.0,20.601722307054366,17.0,4.0,937.0,blues
22.704587936401367,2.4208366870880127,2.802363157272339,1.0359834432601929,0.6008878946304321,4.7931623458862305,7.2234697341918945,-2.126451253890991,1.48590886592865,-0.21201319992542267,69002.34617700918,1997.0155345684425,334738.98847542505,3998.367537313433,9.158863463198941e-07,0.001448275288566947,2.6984132697986284e-05,0.16876884411647122,0.5138109239953665,1.0,0.0,0.0,125.49603174603175,0.0,938.0,262.0,18.354047994837977,133.0,6.0,938.0,blues
8.749807357788086,1.7786874771118164,2.5464370250701904,2.332125425338745,1.5201655626296997,4.058351993560791,7.830242156982422,-0.5475262999534607,1.285400152206421,0.022964853793382645,76241.96833170323,1974.3913599309008,620289.2639028906,4231.09341684435,7.278643465724599e-07,0.0017013351898640394,0.001255031121373228,0.13601235591018124,0.509943865276664,0.0,0.0,0.0,0.0,0.0,938.0,208.0,27.5,2.0,5.0,938.0,blues
6.636122226715088,0.9237048029899597,1.7199712991714478,0.5330719947814941,0.5130287408828735,3.86500883102417,6.15449333190918,-0.2850516140460968,2.0129997730255127,0.5551091432571411,97936.65290651674,2141.9615701775924,307717.85960167815,4700.451425906183,1.2304064966883743e-06,0.0014655269915238023,0.00152587890625,0.15234375,0.5874186937538982,1.0,0.0,0.0,133.9452380952381,0.0,938.0,264.0,21.826764464562746,72.0,3.0,938.0,blues
28.889169692993164,2.609668254852295,2.580501079559326,1.461544156074524,1.215308666229248,2.725903034210205,7.92676305770874,-1.6499987840652466,1.8170253038406372,0.476248174905777,140610.38724320996,1876.6857491081773,747793.6243727049,3824.7601279317696,7.839528279873775e-07,0.0014477765653282404,0.002615663399057861,0.14635840051972282,0.4842733671923728,0.0,0.0,0.0,0.0,0.0,938.0,232.0,24.499714748859326,59.0,5.0,938.0,blues
50.89111328125,14.042941093444824,4.12299919128418,2.7911083698272705,2.903442859649658,-8.879349708557129,10.887471199035645,0.40374910831451416,3.0867648124694824,1.8182098865509033,311998.52363262547,1229.1088001935038,1596917.3597486634,2497.534648187633,5.601388238574145e-06,0.0031952355057001114,0.0018764979378846213,0.07847481343283583,0.5593958834536219,0.0,0.0,0.0,0.0,0.0,938.0,189.0,24.499714748859326,25.0,4.0,938.0,blues
73.24712371826172,17.193180084228516,5.966610908508301,2.614637851715088,2.0867860317230225,-13.746259689331055,12.148073196411133,1.5027706623077393,2.8104088306427,1.6834955215454102,539974.1191554068,1163.8515281195475,2737427.5467623957,2391.4662180170576,1.176079149445286e-05,0.003941954113543034,1.471869799555534e-07,0.06309291294642858,0.568217054263566,1.0,0.0,0.0,125.01666666666667,0.0,938.0,215.0,24.499714748859326,79.0,3.0,929.0,blues
27.586305618286133,7.9764933586120605,4.594217777252197,3.8104426860809326,2.2669272422790527,-7.907159805297852,10.36580753326416,1.934113621711731,2.714387893676758,1.233418583869934,297404.63772122125,1354.9291419760875,1703006.2348416178,2917.63559434968,4.260164587321924e-06,0.002904187422245741,0.0017086025785820703,0.06574930870202558,0.5636505390715495,0.0,0.0,0.0,0.0,0.0,938.0,171.0,17.323914436054505,29.0,4.0,938.0,blues
27.86402130126953,5.852268218994141,2.587820053100586,1.6081113815307617,0.8605401515960693,-12.325569152832031,12.580392837524414,0.602212131023407,3.5952675342559814,1.6750017404556274,95986.68846676934,946.6636347510965,721175.218244033,1994.5362473347548,6.686011147394311e-06,0.004007373005151749,0.0003801897470232478,0.04244767374067164,0.5571103982892274,0.0,0.0,0.0,0.0,0.0,938.0,203.0,24.499714748859326,65.0,3.0,936.0,blues
72.72594451904297,12.62075424194336,5.609740734100342,3.594862222671509,2.797490119934082,-27.76694679260254,14.453424453735352,1.6366913318634033,2.908639669418335,1.3185826539993286,165030.7200228544,762.3981852971378,918503.1956060001,1432.3694029850747,2.040187973761931e-05,0.004806681536138058,2.5223712531887786e-05,0.03452845982142857,0.6388354272476165,0.0,0.0,0.0,0.0,0.0,938.0,200.0,24.499714748859326,57.0,3.0,910.0,blues
43.24071502685547,12.188541412353516,6.361985206604004,3.6455647945404053,2.5722460746765137,-10.198359489440918,9.141963005065918,2.637096643447876,3.3942551612854004,1.6369102001190186,625266.51794172,1522.022097467924,2978457.8655848056,3303.6463885927506,6.751333785359748e-06,0.003103066934272647,0.0038987055885806457,0.07415836553837953,0.5513989129466275,0.0,0.0,0.0,0.0,0.0,938.0,219.0,20.601722307054366,52.0,3.0,933.0,blues
70.34148406982422,13.593816757202148,4.508310317993164,1.7590062618255615,1.6863373517990112,-15.95873737335205,13.429037094116211,0.17845876514911652,2.293416738510132,1.4040619134902954,314667.91415737715,954.7765077159386,1729168.4651875475,1902.9434301705758,1.2130048162362073e-05,0.003422654001042247,9.714471180187389e-05,0.047453857942430705,0.5571103982892275,0.0,0.0,0.0,0.0,0.0,938.0,284.0,20.601722307054366,106.0,3.0,916.0,blues
92.84817504882812,11.606271743774414,8.064801216125488,2.8471505641937256,2.090738534927368,-25.636648178100586,12.479406356811523,2.558000326156616,3.9184341430664062,2.5670628547668457,428048.0136067446,867.5715220159332,1937637.3987494737,1561.3755996801706,1.4694611309096217e-05,0.00367542146705091,6.113279946529627e-05,0.042486715418443496,0.6127595117170096,0.0,0.0,0.0,0.0,0.0,938.0,255.0,23.12465141947715,11.0,3.0,916.0,blues
40.99296569824219,10.018339157104492,5.063216209411621,3.5415749549865723,2.12681245803833,-26.687694549560547,17.65265655517578,0.7993422746658325,1.8184053897857666,1.9478815793991089,88304.66017931064,556.6495039725766,446279.8631485916,943.346881663113,1.089383840735536e-05,0.0023280803579837084,2.677901300899961e-05,0.029588906749733475,0.576606076806558,0.0,0.0,0.0,0.0,0.0,938.0,300.0,23.12465141947715,97.0,3.0,938.0,blues
73.13443756103516,17.1710147857666,4.179141044616699,2.4288110733032227,1.5235472917556763,-12.645125389099121,10.871585845947266,1.1770517826080322,3.2757833003997803,1.2302888631820679,435731.3842945344,1155.6407786905474,2354403.311215539,2391.6411247334754,8.117435754684266e-06,0.0032082004472613335,0.002486421572631016,0.06695387460021322,0.6295999287178116,0.0,0.0,0.0,0.0,0.0,938.0,181.0,20.601722307054366,12.0,3.0,936.0,blues
21.763225555419922,7.930762767791748,5.64749002456665,2.3823251724243164,2.363294839859009,-5.427236557006836,11.524094581604004,1.2937513589859009,1.6467012166976929,0.1949107050895691,380917.1235134872,1310.3597438758811,1743876.996903291,2645.780583688699,2.870727712434018e-06,0.0027396187651902437,3.3797550776756995e-05,0.07417294109808102,0.5218658112804063,1.0,0.0,0.0,133.41346153846155,0.0,938.0,169.0,23.12465141947715,55.0,3.0,938.0,blues
48.9523811340332,9.224381446838379,7.506443023681641,3.5965676307678223,1.9166615009307861,-21.168914794921875,13.419609069824219,2.0189027786254883,1.5883599519729614,-0.15957213938236237,230432.34179987197,1063.2510101429082,1281868.5162539512,1966.3096348614072,4.787407760886708e-06,0.0025882553309202194,0.0014935176008474232,0.06354839918710022,0.5502138465650895,0.0,0.0,0.0,0.0,0.0,938.0,298.0,20.601722307054366,140.0,3.0,938.0,blues
31.765684127807617,15.016507148742676,3.0056025981903076,2.5948190689086914,1.5590955018997192,-7.134139537811279,11.579852104187012,0.4724295437335968,3.9439542293548584,0.9059731960296631,320531.79879691923,1176.123598435108,1950594.4042580498,2525.161580490405,6.111788934504148e-06,0.0035854673478752375,0.0005904170601550514,0.05847818663379531,0.5329769223915174,0.0,0.0,0.0,0.0,0.0,938.0,125.0,24.499714748859326,3.0,3.0,936.0,blues
26.697315216064453,3.017551898956299,3.719142436981201,1.2174279689788818,0.9461289048194885,-2.6158246994018555,6.114668846130371,0.3384310007095337,2.1909897327423096,0.04664125666022301,144268.0099930855,2144.390489125745,395127.466435656,4522.912779850746,7.083905870786111e-07,0.0012383265420794487,4.153802714718804e-05,0.1656246876665778,0.5371870266417179,1.0,0.0,0.0,125.01666666666667,0.0,938.0,229.0,24.499714748859326,77.0,3.0,938.0,blues
101.71235656738281,5.40054988861084,12.119284629821777,2.2958931922912598,2.177515745162964,-10.199725151062012,10.289861679077148,-0.7975921034812927,1.6094573736190796,-0.6702320575714111,189201.54464462094,1472.6168525146077,822281.8746069083,3065.9814765458423,1.5563880424451781e-06,0.001701305154711008,0.002525090959901621,0.10005497068230278,0.5717187917669072,0.0,0.0,0.0,0.0,0.0,938.0,183.0,20.601722307054366,50.0,3.0,938.0,blues
15.191742897033691,2.7737069129943848,2.4981887340545654,2.1448707580566406,1.0542800426483154,-15.987528800964355,10.283203125,-3.2284293174743652,0.7319366931915283,-0.06443164497613907,36513.2093514445,1457.075742327998,240747.15046309432,2646.696761727079,2.1146086055523483e-06,0.002169413957744837,0.0017650055070537556,0.13332056236673773,0.553684398111022,0.0,0.0,0.0,0.0,0.0,938.0,185.0,30.867706328507765,26.0,6.0,938.0,classical
9.761792182922363,5.455681800842285,2.723334789276123,2.6960558891296387,1.4760072231292725,-19.51764488220215,11.189521789550781,-2.694965362548828,0.2910332679748535,-0.04891248047351837,57322.275328340416,1337.981311843379,337233.8114129865,2381.5881529850744,3.733891162482905e-06,0.0021878667175769806,0.00028335695177062354,0.11986055353811301,0.5610175532388845,1.0,0.0,0.0,110.46006944444446,0.0,938.0,325.0,30.867706328507765,129.0,6.0,938.0,classical
7.86599063873291,2.1869468688964844,1.5103906393051147,1.9412552118301392,0.7103176116943359,-13.618086814880371,10.483207702636719,-2.4727368354797363,0.8220539093017578,0.10399094969034195,30845.171841963445,1443.3321215322148,215626.45246418062,2712.2451359275055,1.179728542410885e-06,0.0019165169214829803,0.0003385630343884621,0.12191570745602345,0.524120110487392,1.0,0.0,0.0,103.97086466165413,0.0,938.0,247.0,30.867706328507765,80.0,6.0,938.0,classical
39.284027099609375,5.711268901824951,4.703718662261963,1.4644135236740112,1.3072823286056519,-19.262752532958984,9.422527313232422,-3.3190629482269287,1.82177734375,-0.23485857248306274,86007.65106024216,1511.8295479797716,447783.29988842487,2909.7314765458423,3.3023156902345363e-06,0.002069128444418311,6.6131395244434e-05,0.14778055870202558,0.5436870711930857,0.0,0.0,0.0,0.0,0.0,938.0,213.0,18.354047994837977,69.0,6.0,938.0,classical
8.495298385620117,4.479645252227783,1.6209826469421387,1.3190548419952393,1.4072660207748413,-13.518488883972168,8.939718246459961,-3.0470497608184814,1.36259925365448,-0.7619162201881409,61338.58033252654,1651.6890514001886,292656.35386695684,3103.7113539445627,2.0044508346472867e-06,0.0023135668598115444,0.0007279420984959209,0.15246868336886993,0.5709257774213669,0.0,0.0,0.0,0.0,0.0,938.0,163.0,20.601722307054366,7.0,6.0,938.0,classical
70.69036102294922,3.578220844268799,1.2922314405441284,0.7719852924346924,0.8690743446350098,-16.375219345092773,11.069106101989746,-1.8302690982818604,2.5494086742401123,-0.7327040433883667,61416.182661377075,1397.6817768504436,242242.654486193,2799.9400319829424,6.471075266745174e-07,0.0017601499566808343,0.003752919607317562,0.10130013992537314,0.5644346431435445,1.0,0.0,0.0,133.86418269230768,0.0,938.0,180.0,25.956543598746574,18.0,4.0,938.0,classical
37.925331115722656,4.213416576385498,1.1338655948638916,1.163120150566101,1.1303255558013916,-18.263233184814453,10.786383628845215,-1.1361582279205322,2.6837165355682373,-0.48626402020454407,63931.46662816788,1341.7558734819759,281663.2793289386,2717.084221748401,6.927326694494695e-07,0.0014071300392970443,0.001979204574813553,0.09819918959888059,0.549852980486501,0.0,0.0,0.0,0.0,0.0,938.0,328.0,16.351597831287414,214.0,5.0,938.0,classical
89.09334564208984,5.845641613006592,4.601931571960449,1.2785359621047974,1.2853295803070068,-18.36037826538086,10.978446006774902,-1.5640274286270142,2.2789902687072754,-0.6374329924583435,120031.15117274692,1330.609189523654,440185.4636998549,2646.0137926439234,2.8880351692350814e-06,0.002078813733533025,0.0006266512507937873,0.09876347198160981,0.5453042858415754,0.0,0.0,0.0,0.0,0.0,938.0,251.0,29.135235094880613,68.0,3.0,921.0,classical
49.44627380371094,4.076711177825928,1.519966959953308,0.770377516746521,1.0899527072906494,-18.14505958557129,10.37575912475586,-1.6720792055130005,2.380275011062622,-0.806255578994751,68354.85043127395,1475.472359185825,245486.6508007208,2920.7922441364603,8.099215165202622e-07,0.0018104946939274669,0.0008513059180399215,0.10583730343816632,0.5578588612670408,0.0,0.0,0.0,0.0,0.0,938.0,280.0,16.351597831287414,122.0,5.0,938.0,classical
47.38241958618164,6.289607048034668,1.2738462686538696,0.9558329582214355,1.0303694009780884,-24.1309757232666,11.361562728881836,0.4930051267147064,2.824364185333252,-0.9357849359512329,98951.62836125592,1178.9630579541085,538797.9361655659,2530.2338752665246,6.19999354967149e-07,0.0012679198989644647,0.0013185528950860291,0.0753743836620469,0.48769491223380557,1.0,0.0,0.0,125.27901785714286,0.0,938.0,169.0,18.354047994837977,2.0,4.0,938.0,classical
67.40866088867188,4.973727226257324,5.277760028839111,1.3432817459106445,1.5469064712524414,-20.357118606567383,10.223402976989746,-2.371215581893921,1.5767290592193604,-0.8689144253730774,77139.99540269194,1454.3036390639684,293332.59457340586,2811.9669509594883,2.742287279033917e-06,0.0023537883535027504,3.360414601906706e-05,0.11663675206556504,0.555208054887285,0.0,0.0,0.0,0.0,0.0,938.0,219.0,21.826764464562746,79.0,5.0,938.0,classical
16.07911491394043,9.115388870239258,2.617704391479492,1.2110896110534668,1.503161072731018,-26.507160186767578,15.673569679260254,-1.9621943235397339,2.2346768379211426,-0.3025878369808197,72647.7978407644,948.3436206242923,388212.84927189955,1721.4902052238806,9.70935388977523e-07,0.001589154708199203,0.00218401150261172,0.08314940365138593,0.5325893254922927,0.0,0.0,0.0,0.0,0.0,938.0,362.0,16.351597831287414,222.0,5.0,938.0,classical
86.4548110961914,13.265118598937988,2.810105085372925,1.2975847721099854,1.0565093755722046,-23.648792266845703,12.83107852935791,-2.2643303871154785,2.1211843490600586,-0.702560544013977,115151.35194202473,1166.689755697929,506264.80381616304,2170.542377398721,3.9328679122263566e-06,0.0022783803287893534,0.00020456975924168855,0.08970111773720682,0.5590528379221242,0.0,0.0,0.0,0.0,0.0,938.0,288.0,16.351597831287414,84.0,4.0,928.0,classical
89.55008697509766,18.89004135131836,2.237539052963257,1.1177691221237183,0.9995855689048767,-21.58779525756836,11.236642837524414,-2.3949363231658936,2.4588305950164795,-0.6373867392539978,186887.2156411586,1360.0875873540083,639964.5694387876,2575.9511593816633,1.3352372434383142e-06,0.002192938467487693,0.001597587197627329,0.10979404734141791,0.5479595473581039,0.0,0.0,0.0,0.0,0.0,938.0,246.0,24.499714748859326,32.0,5.0,938.0,classical
53.4505615234375,7.380175590515137,1.2723146677017212,0.7231125235557556,0.8057529330253601,-21.084209442138672,12.496474266052246,-2.51466965675354,2.286668062210083,-1.0289604663848877,86296.87743034984,1261.9167866963776,337160.6455884553,2388.8676039445627,1.743283064570278e-06,0.0022659592796117067,0.0014406426453971819,0.09313157982409381,0.5598636728147555,0.0,0.0,0.0,0.0,0.0,938.0,297.0,18.354047994837977,122.0,4.0,938.0,classical
43.59815979003906,13.985220909118652,3.0502355098724365,3.223836660385132,1.3728529214859009,-30.6758975982666,10.297041893005371,-2.3933956623077393,1.405764102935791,-1.143079161643982,96847.94291465163,1330.0382608146217,514739.6782061827,2583.1223347547975,3.555051307557733e-06,0.002625680062919855,0.0033321689901668816,0.10264681753065032,0.5313908937004367,0.0,0.0,0.0,0.0,0.0,938.0,222.0,20.601722307054366,50.0,5.0,933.0,classical
49.752769470214844,3.7118067741394043,1.9872369766235352,0.7554587721824646,1.0116982460021973,-35.265953063964844,12.924839973449707,0.6453652381896973,1.666050672531128,-0.26132094860076904,80355.9193646896,1017.6699554170427,481249.70516180014,1942.6722414712153,1.7147656308225123e-06,0.002270312048494816,0.0003528677012075241,0.06468321062100213,0.5330170186224717,0.0,0.0,0.0,0.0,0.0,938.0,535.0,18.354047994837977,420.0,4.0,938.0,classical
89.73149871826172,7.411933898925781,3.221259355545044,2.1727166175842285,0.9389294385910034,-20.213537216186523,12.305624008178711,-3.2303433418273926,0.3118886649608612,-1.0036653280258179,68106.12113992457,1323.4784305361472,423990.2925307285,2389.1424573560766,1.2420979373928276e-06,0.002114847768098116,0.004122659978140745,0.11010638076359275,0.5464225251715228,0.0,0.0,0.0,0.0,0.0,938.0,289.0,20.601722307054366,96.0,5.0,938.0,classical
37.8766975402832,24.194311141967773,2.162477970123291,1.8927558660507202,1.245167851448059,-27.97112274169922,13.324344635009766,-2.0110700130462646,2.2237234115600586,-0.3200274705886841,166382.3140843358,1134.1034434981354,817162.085574283,2173.2992404051174,1.3951755590824177e-06,0.0019175830530002713,5.7935929336446164e-05,0.09599047174840085,0.5245255279337075,0.0,0.0,0.0,0.0,0.0,938.0,156.0,21.826764464562746,3.0,5.0,938.0,classical
55.78263854980469,12.704151153564453,3.583223819732666,1.2207258939743042,1.5438929796218872,-34.795902252197266,11.432676315307617,-0.6148452758789062,1.9289201498031616,-0.6476526856422424,168023.36761669425,1138.9756100695897,733355.9165483322,2249.825093283582,4.478398295759689e-06,0.0026230602525174618,0.0013997999196916195,0.07782047491337953,0.5318631381983426,0.0,0.0,0.0,0.0,0.0,938.0,251.0,19.445436482630058,96.0,4.0,921.0,classical
53.39083480834961,10.525511741638184,2.753692865371704,0.9757239818572998,0.835041344165802,-18.670513153076172,13.00944995880127,-2.535527467727661,2.027858018875122,-0.5673961639404297,92621.46629309765,1202.6621199625088,409752.4933580422,2298.0160581023456,7.583024057566945e-07,0.0018442356958985329,0.0007497317568967214,0.09476404251066098,0.5157088122605364,0.0,0.0,0.0,0.0,0.0,938.0,266.0,29.135235094880613,92.0,4.0,938.0,classical
88.56249237060547,7.656470775604248,1.751712679862976,0.8184565305709839,0.74860680103302,-17.84220314025879,12.040321350097656,-2.6111984252929688,1.637852668762207,-1.177539348602295,87880.73769846448,1339.541049647116,449011.5685524756,2542.4273720682304,1.562484385431162e-06,0.002003515837714076,0.001894943621824978,0.1079840751599147,0.5521562861979863,0.0,0.0,0.0,0.0,0.0,938.0,181.0,21.826764464562746,23.0,4.0,938.0,classical
103.14775085449219,3.6797397136688232,1.8701778650283813,1.1328191757202148,0.8426995277404785,-17.634366989135742,13.103791236877441,-2.5500192642211914,1.9341225624084473,-0.42487284541130066,46148.508408313035,1179.4937030486092,214112.3607038444,2213.5777585287847,9.183179940919217e-07,0.0019345780601724982,0.0006356224469240073,0.0930826475879531,0.5218836318274971,0.0,0.0,0.0,0.0,0.0,938.0,248.0,21.826764464562746,98.0,4.0,933.0,classical
46.93796157836914,3.6142938137054443,2.989093542098999,1.151434063911438,1.4326781034469604,-28.522937774658203,13.215995788574219,-0.1370612382888794,3.0165257453918457,0.07576292008161545,49997.291106723686,959.1636638167655,284865.9201150156,1871.243670042644,1.0277201454300666e-06,0.001580925309099257,0.001162741894154253,0.059977907615938165,0.5256660429475185,0.0,0.0,0.0,0.0,0.0,938.0,502.0,19.445436482630058,389.0,4.0,929.0,classical
19.570968627929688,4.143721580505371,0.7654432058334351,0.7665688991546631,0.6412779688835144,-11.819138526916504,12.953145980834961,-2.5614473819732666,1.7043856382369995,-0.7915551662445068,47200.97768345609,1231.254374392509,233053.39592027466,2287.2468017057568,7.851845680306724e-07,0.0019290134077891707,0.0014959326673187347,0.0972710387793177,0.5356901006860911,0.0,0.0,0.0,0.0,0.0,938.0,224.0,18.354047994837977,75.0,4.0,938.0,classical
9.153425216674805,4.08338737487793,0.8992310166358948,0.4849165976047516,0.5877796411514282,-12.876015663146973,13.56082534790039,-2.6399011611938477,1.917130947113037,-0.45822563767433167,47224.24588296396,1160.2395152832967,177502.2937998499,2131.5714952025587,7.925570457700815e-07,0.001993212616071105,7.401546515237254e-05,0.09307588036380597,0.5632495767620066,0.0,0.0,0.0,0.0,0.0,938.0,217.0,24.499714748859326,50.0,4.0,938.0,classical
88.48131561279297,6.409273147583008,4.39605188369751,2.2214460372924805,1.1907122135162354,-20.424484252929688,13.01231575012207,-3.731041669845581,0.9720500707626343,-0.7725916504859924,60115.1455070926,1260.8555703348602,295346.1321300504,2237.3817297441365,1.7948316326510394e-06,0.0023705402854830027,0.0006854085271004624,0.11162952675239872,0.5460037423148891,0.0,0.0,0.0,0.0,0.0,938.0,284.0,24.499714748859326,118.0,5.0,938.0,classical
46.49692916870117,2.685760259628296,2.7411463260650635,1.1108720302581787,1.3558577299118042,-24.968307495117188,15.62742805480957,-0.7429423928260803,1.3371906280517578,-0.5521260499954224,26718.528053793154,892.3261721502413,127578.46973218762,1486.7070895522388,2.6198158593615517e-06,0.0020804256200790405,0.0009730843861618863,0.07318648803971216,0.5091775817517598,0.0,0.0,0.0,0.0,0.0,938.0,263.0,27.5,41.0,4.0,938.0,classical
38.29679489135742,10.95197582244873,1.8351211547851562,0.9768887758255005,0.9515359997749329,-12.682247161865234,12.582194328308105,-2.936992883682251,1.61411714553833,-0.3700975775718689,124686.77521907244,1286.2825146381558,508101.5343922119,2374.633528784648,7.96853385054419e-07,0.0018831976922228932,0.00010565563973841092,0.11037654917377399,0.5390982803172057,0.0,0.0,0.0,0.0,0.0,938.0,203.0,24.499714748859326,5.0,4.0,938.0,classical
104.08406066894531,13.074260711669922,1.1755316257476807,1.632548213005066,1.130916714668274,-18.52790069580078,10.004707336425781,-2.6286427974700928,2.0872316360473633,-0.7712299227714539,156281.37023764214,1513.5668295980072,537822.5463726781,2863.4311700426438,7.872822038734739e-07,0.001863808836787939,0.0021623170022847713,0.12462572044909381,0.5272387062282813,0.0,0.0,0.0,0.0,0.0,938.0,288.0,18.354047994837977,119.0,4.0,938.0,classical
48.07728958129883,8.249675750732422,1.6644138097763062,1.1084946393966675,1.4129477739334106,-21.0213623046875,12.647443771362305,-1.7488255500793457,2.68257737159729,-0.9581501483917236,116541.88739330006,1227.5685182886227,439963.5234853245,2356.6264658848613,1.2600280570040923e-06,0.0021832033526152372,0.002098455495022413,0.08633624566897655,0.5694243963289674,0.0,0.0,0.0,0.0,0.0,938.0,155.0,18.354047994837977,1.0,3.0,938.0,classical
71.040283203125,6.934516429901123,3.2470757961273193,1.3350560665130615,2.506187915802002,-28.086681365966797,14.974635124206543,0.38847991824150085,2.5098159313201904,0.38611897826194763,64924.66239367318,812.018116140237,362660.4663041873,1451.0011327292111,6.146573923615506e-06,0.003649552119895816,0.0009857915313841719,0.0538582547641258,0.598578811369509,0.0,0.0,0.0,0.0,0.0,938.0,145.0,18.354047994837977,17.0,3.0,938.0,classical
18.905296325683594,1.7809160947799683,1.5498679876327515,0.608867347240448,0.6235820651054382,-37.6706657409668,15.345525741577148,1.5781874656677246,1.4675781726837158,0.25358307361602783,13363.03465983418,776.1467389344627,93342.9499275271,1236.548840618337,7.219792337309627e-07,0.0016379758017137647,0.00028523525560071995,0.050092034248400856,0.5379443998930766,1.0,0.0,0.0,125.27901785714286,0.0,938.0,472.0,17.323914436054505,355.0,4.0,938.0,classical
98.50896453857422,10.642711639404297,3.5937864780426025,1.1637303829193115,1.0603145360946655,-32.982547760009766,12.182388305664062,-1.0036141872406006,2.4168338775634766,-0.20956867933273315,118280.39916771982,1103.3509281369634,534914.6749709679,2154.0178571428573,2.87547891275608e-06,0.0019306335598230362,4.651192190480606e-06,0.07401521271988273,0.5521785618818498,0.0,0.0,0.0,0.0,0.0,938.0,265.0,25.956543598746574,134.0,4.0,934.0,classical
39.44584274291992,9.099903106689453,2.690371036529541,1.6492323875427246,1.0456408262252808,-18.339412689208984,10.874996185302734,-1.7008179426193237,3.194920301437378,-0.5893769264221191,157553.38927585108,1361.469793019568,478251.3351093925,2668.601745735608,1.7943626744454377e-06,0.0018602830823510885,0.0013616182366195996,0.09940011160714286,0.5647643232647241,0.0,0.0,0.0,0.0,0.0,938.0,240.0,21.826764464562746,75.0,4.0,938.0,classical
69.99773406982422,17.571687698364258,5.452144145965576,1.245558500289917,1.402483582496643,-22.410234451293945,14.14400863647461,-1.3674185276031494,3.2785043716430664,0.251064270734787,245613.01202191104,998.9346240364625,896232.7692843312,1823.7606609808101,4.790005277754972e-06,0.0033222571946680546,0.001254256701059811,0.08326704924040512,0.6315111823932996,0.0,0.0,0.0,0.0,0.0,938.0,146.0,17.323914436054505,18.0,4.0,938.0,classical
42.5615119934082,11.615482330322266,3.1939096450805664,0.9185134768486023,0.9409945607185364,-29.780614852905273,12.253063201904297,-0.2713959813117981,1.7323555946350098,-0.22093383967876434,263151.8571264419,1243.82416753577,1315180.6482127444,2407.5326492537315,1.6020432667573914e-05,0.0034589332062751055,0.0009266896097763504,0.07975798324227079,0.5679007395527041,0.0,0.0,0.0,0.0,0.0,938.0,227.0,19.445436482630058,39.0,4.0,938.0,classical
56.084495544433594,12.337225914001465,1.5441709756851196,1.9765020608901978,1.4022012948989868,-16.708831787109375,10.130608558654785,-3.188216209411621,2.57334303855896,-0.8483560085296631,169198.30116490243,1510.4186505165962,494008.086481564,2822.836154051173,1.1367008028173586e-06,0.0019831538666039705,0.003325141222338293,0.12699997501332622,0.5851643945469126,0.0,0.0,0.0,0.0,0.0,938.0,249.0,27.5,125.0,4.0,938.0,classical
62.592529296875,7.933117389678955,1.0964044332504272,1.103954553604126,0.9218728542327881,-17.299043655395508,12.34172534942627,-2.9119269847869873,2.6276309490203857,-0.27884218096733093,83661.04880321152,1264.250981726288,326291.1127791191,2379.7141524520257,1.1269829656157526e-06,0.0014083393616601825,1.857783460872229e-07,0.10297008262260128,0.58969972378152,0.0,0.0,0.0,0.0,0.0,938.0,213.0,18.354047994837977,55.0,4.0,938.0,classical
65.85116577148438,8.238109588623047,2.2969443798065186,2.7751407623291016,1.476231336593628,-29.318288803100586,9.10608959197998,-1.8911924362182617,0.8048644661903381,-0.024274805560708046,133562.99306984094,1543.6252820897284,586461.9505063939,3018.981543176972,4.869283202424413e-06,0.00327984057366848,0.0007718716657835746,0.14545835970815565,0.5759066203332442,0.0,0.0,0.0,0.0,0.0,938.0,136.0,19.445436482630058,16.0,4.0,924.0,classical
42.977622985839844,6.563534259796143,2.6714441776275635,1.1238924264907837,1.259937047958374,-23.88435935974121,11.220755577087402,-2.431102752685547,1.5520840883255005,-0.8254766464233398,74486.568569985,1365.9846840557814,402334.3581456495,2636.9519589552237,2.203400299549685e-06,0.001792783266864717,0.0018703243991518433,0.09842302855143924,0.5426000178205472,0.0,0.0,0.0,0.0,0.0,938.0,322.0,23.12465141947715,149.0,4.0,938.0,classical
57.835418701171875,7.556580543518066,1.4757111072540283,1.753373146057129,1.174797534942627,-25.49867057800293,11.525849342346191,-2.936143636703491,2.0932583808898926,-0.7352256774902344,100813.40468352112,1302.787376461472,328922.3213110302,2454.0661647121533,1.5197547327261418e-06,0.0015783595154061913,4.726533869479658e-05,0.10697263542777186,0.5708767709168672,0.0,0.0,0.0,0.0,0.0,938.0,231.0,20.601722307054366,77.0,4.0,938.0,classical
25.081636428833008,5.5060248374938965,1.4551501274108887,0.8324170112609863,0.8267263770103455,-5.173327445983887,13.629026412963867,-5.189441680908203,1.3133529424667358,-0.8754139542579651,31459.457332974893,1274.5133087030165,144687.81109331717,2150.5756578947367,5.742498956351483e-07,0.0018427465111017227,0.0030355251756071047,0.12833778782894736,0.5019067985387151,0.0,0.0,0.0,0.0,0.0,950.0,318.0,20.601722307054366,109.0,5.0,950.0,classical
40.58268356323242,7.812259674072266,6.039132595062256,2.414030075073242,0.9504423141479492,-15.01400089263916,16.8886661529541,-0.850616991519928,-0.13024242222309113,0.013737279921770096,49324.921984308756,903.0264755501366,452867.67816093325,1443.080357142857,4.647799869417213e-06,0.0019692517817020416,3.91119684435476e-05,0.06894135627665245,0.5260491847099706,0.0,0.0,0.0,0.0,0.0,938.0,310.0,29.135235094880613,86.0,4.0,938.0,classical
20.2840518951416,10.26551628112793,2.1469383239746094,2.4168930053710938,2.557541847229004,-25.914884567260742,13.149897575378418,-2.7390434741973877,1.6602685451507568,-0.7050153613090515,75665.68314335837,1105.2736021864578,366665.861354599,1973.7723214285713,2.266738192702178e-06,0.001951210550032556,0.0005217562456217826,0.09754901552505331,0.5187917669072442,0.0,0.0,0.0,0.0,0.0,938.0,198.0,19.445436482630058,16.0,4.0,938.0,classical
14.589478492736816,3.0961904525756836,1.5313069820404053,1.6610524654388428,1.3519606590270996,-7.543753147125244,14.158167839050293,-2.5052108764648438,1.0857503414154053,-0.6722894310951233,18194.59233537737,1067.4248930150752,74035.8712384165,1819.7159994697772,3.8306206988636404e-06,0.002055240096524358,0.0008112461141599766,0.08512300752253446,0.5367905194689477,0.0,0.0,0.0,0.0,0.0,943.0,139.0,21.826764464562746,16.0,4.0,943.0,classical
4.105858325958252,3.2360312938690186,0.7488980889320374,0.5085965394973755,0.9790687561035156,-1.8143728971481323,8.898926734924316,-2.092327117919922,1.360421061515808,-0.0006648519192822278,55269.984974094405,1701.6005344422224,266428.2493610906,3333.1723081023456,1.056772447327603e-07,0.0009355567744933069,0.003836548989965936,0.1464125383128998,0.523393923193442,0.0,0.0,0.0,0.0,0.0,938.0,240.0,18.354047994837977,106.0,4.0,938.0,classical
24.96015739440918,2.661280393600464,1.8696094751358032,1.6243613958358765,1.390626311302185,-31.03289794921875,13.683588981628418,-2.5087313652038574,1.58699631690979,-0.2814464271068573,21719.341930344654,1089.8282908237436,138183.24356807143,2040.9948027718551,6.888996040288475e-07,0.0013383241603150964,0.0001891758940297389,0.0902497834488273,0.5342421812349638,1.0,0.0,0.0,125.27901785714286,0.0,938.0,267.0,20.601722307054366,46.0,4.0,938.0,classical
60.302818298339844,18.198989868164062,2.4037277698516846,1.748280644416809,1.7888634204864502,-4.123476505279541,12.245370864868164,-2.370938777923584,1.9016025066375732,-0.06610380858182907,375345.62502660434,1372.7135026666583,1558410.6371558667,2535.0026567481405,1.6653356169626932e-06,0.0014420418301597238,0.0036364510640240822,0.11547877507306058,0.520346609640916,0.0,0.0,0.0,0.0,0.0,941.0,251.0,19.445436482630058,132.0,3.0,941.0,classical
43.46464157104492,4.884363174438477,1.2838799953460693,1.2513865232467651,0.46705538034439087,-3.5482611656188965,8.178960800170898,-1.881434679031372,1.5585774183273315,-0.008967789821326733,153293.7109664517,1886.457741304404,587277.2694204171,3760.8109008528786,2.3908410184958484e-07,0.0010804319754242897,0.005461158174596568,0.14274730560367804,0.5345451305355075,0.0,0.0,0.0,0.0,0.0,938.0,312.0,16.351597831287414,87.0,5.0,938.0,classical
38.471500396728516,3.559100866317749,1.4221807718276978,0.4895037114620209,0.4282163679599762,-33.82413101196289,12.222915649414062,-0.5638573169708252,3.3169023990631104,-0.1068236380815506,33553.73175811013,1095.5097907253282,144000.7388766547,2289.6871668443496,1.6114594245664193e-06,0.0015545506030321121,0.00026361199518224094,0.06701738239605544,0.5398556535685645,1.0,0.0,0.0,125.27901785714286,0.0,938.0,340.0,17.323914436054505,81.0,4.0,938.0,classical
242.467041015625,6.440120220184326,8.944034576416016,1.6771671772003174,1.8417738676071167,-16.592937469482422,10.601676940917969,0.5245958566665649,2.385281801223755,1.0956082344055176,176332.8898276046,1269.625199874793,949057.7573268671,2627.9984008528786,2.1665002805093536e-06,0.0017672056565061212,0.0008908184465186883,0.07769814432302771,0.5087498886215807,0.0,0.0,0.0,0.0,0.0,938.0,179.0,27.5,4.0,4.0,937.0,classical
63.439884185791016,5.10642147064209,2.996159076690674,0.9362650513648987,1.3245269060134888,-12.085657119750977,7.00459623336792,-1.1993533372879028,1.2137759923934937,0.058502212166786194,171608.9013323547,1970.9806149784522,637082.7863132732,4007.0295842217483,3.253823877003015e-07,0.0012710001319646835,0.004832264056686942,0.15301058185634328,0.5536799429742493,0.0,0.0,0.0,0.0,0.0,938.0,122.0,20.601722307054366,2.0,3.0,938.0,classical
39.91749954223633,7.65189790725708,2.1493165493011475,0.7662092447280884,0.7234881520271301,-3.670114517211914,11.484737396240234,-3.533165216445923,1.8117119073867798,-0.2215418964624405,89493.209684004,1405.2181535309062,453450.5291291552,2688.4210526315787,3.6876863873658294e-07,0.0011657153954729438,0.005267509621332226,0.11847604851973684,0.5291455047669965,0.0,0.0,0.0,0.0,0.0,950.0,327.0,18.354047994837977,43.0,5.0,950.0,classical
22.240251541137695,4.395606517791748,2.4365029335021973,2.9114789962768555,5.7653422355651855,-3.012624740600586,10.096626281738281,-3.4361565113067627,3.0002973079681396,-0.6111832857131958,75951.7336119505,1622.733642240758,277098.4671780876,2762.9607161594963,2.6617854018695652e-06,0.001983251189813018,0.02302135276863528,0.15612242179302205,0.495028067361668,0.0,0.0,0.0,0.0,0.0,953.0,215.0,16.351597831287414,67.0,5.0,953.0,classical
40.820003509521484,13.396843910217285,6.499370574951172,3.223437786102295,1.387976050376892,-34.54597473144531,14.835433959960938,-1.4046324491500854,0.6113670468330383,-0.07485434412956238,94050.7209163464,978.4533365256237,481271.68941401114,1676.2060234541577,1.460660655538959e-06,0.0016496240859851241,2.923015074880554e-05,0.08109008528784648,0.532228459413704,0.0,0.0,0.0,0.0,0.0,938.0,172.0,27.5,20.0,4.0,938.0,classical
23.847639083862305,3.3669538497924805,1.2094653844833374,1.4626456499099731,0.9714823961257935,-0.16193246841430664,10.521608352661133,-3.0444817543029785,3.194289207458496,-0.7714433073997498,54273.92167656553,1582.0406375414589,143417.43134221862,2972.224069148936,1.5364875594059413e-07,0.000856358150485903,0.0010567430137994342,0.13016383394281916,0.49501915708812266,0.0,0.0,0.0,0.0,0.0,940.0,399.0,18.354047994837977,154.0,5.0,940.0,classical
69.53941345214844,12.882412910461426,4.850227355957031,2.8626039028167725,2.111117124557495,-25.14330291748047,10.292418479919434,-2.363485336303711,0.7474427819252014,-0.27715638279914856,218351.34748347048,1528.371086704879,1038289.1624050728,2858.183968550107,2.7599210170592414e-06,0.002307832008227706,0.0019194957462210745,0.12486673773987207,0.5563886661320502,0.0,0.0,0.0,0.0,0.0,938.0,176.0,24.499714748859326,2.0,5.0,938.0,classical
25.960386276245117,6.204075336456299,3.5941598415374756,2.8344342708587646,1.6691349744796753,-21.889081954956055,14.388684272766113,-3.278893232345581,1.4922881126403809,-0.13077688217163086,29460.883176845862,1030.9845204540156,171340.69563219446,1738.6227345415778,2.4038110950641567e-06,0.0018873560475185513,0.0024875118863703412,0.11188668126998934,0.5463868840773413,0.0,0.0,0.0,0.0,0.0,938.0,183.0,20.601722307054366,1.0,6.0,938.0,classical
43.03894805908203,5.599648475646973,2.2120420932769775,0.7909187078475952,0.6160936951637268,-10.063787460327148,10.689005851745605,-2.8199548721313477,2.4885575771331787,-0.5293551087379456,84221.08417263246,1456.8479301212674,292641.7427895954,2731.6098081023456,8.40087125197897e-07,0.001761466497555375,0.0019600756875261006,0.12630399203757997,0.5207119308562773,1.0,0.0,0.0,110.02604166666666,0.0,938.0,137.0,27.5,2.0,4.0,938.0,classical
28.065757751464844,5.433770656585693,2.338142156600952,0.7154744863510132,0.6318508386611938,-8.365687370300293,9.635300636291504,-2.5863399505615234,1.853708267211914,-0.4956096410751343,90729.57400243967,1621.0508862756676,392936.1904616578,3067.014259061834,5.305154218149255e-07,0.0014470926253125072,2.74948963319095e-05,0.13903262010261194,0.5333689744275149,0.0,0.0,0.0,0.0,0.0,938.0,158.0,24.499714748859326,2.0,4.0,938.0,classical
63.17271041870117,7.716885089874268,3.7021892070770264,1.1258389949798584,2.171769857406616,-16.76217269897461,12.89931583404541,-2.887406826019287,2.405993938446045,0.46070122718811035,96648.06356866872,1193.264607835225,532674.402801293,2288.5211220682304,2.5687238576210802e-06,0.0021839069668203592,0.0017745973750503212,0.10218456406583155,0.5233983783302147,1.0,0.0,0.0,143.97321428571428,0.0,938.0,191.0,24.499714748859326,6.0,4.0,938.0,classical
178.48753356933594,9.659399032592773,4.068287372589111,1.2638174295425415,1.3288929462432861,-21.32659339904785,11.998148918151855,-1.7149056196212769,1.9792754650115967,0.5291417241096497,213130.05408038673,1279.081240699995,1189180.4828402996,2492.154184434968,1.8652423250387073e-06,0.0018266979604959488,0.0007686066280975469,0.09705969316364606,0.5249398556535686,0.0,0.0,0.0,0.0,0.0,938.0,198.0,16.351597831287414,15.0,3.0,938.0,classical
21.481563568115234,2.423173189163208,5.3739776611328125,1.1528819799423218,0.5393391251564026,-35.91960144042969,18.45427131652832,3.3716323375701904,0.7434627413749695,0.503242552280426,2030.6457132476048,564.2531870299746,11325.201841089869,712.6699093816632,5.369108293962199e-06,0.0017493224004283547,0.0004220876546812022,0.04935336570495735,0.6111333867949746,0.0,0.0,0.0,0.0,0.0,938.0,275.0,21.826764464562746,57.0,4.0,938.0,classical
67.86251068115234,6.2605390548706055,12.096979141235352,1.4423576593399048,1.5879813432693481,-38.40773010253906,15.06139087677002,2.736865520477295,0.6266111135482788,-0.05596392974257469,24475.52560119646,828.2943957330823,406272.01990861184,1274.4119802771854,5.665711796609685e-06,0.0014938099775463343,0.00041023674433566317,0.055898833122334755,0.5991713445602779,0.0,0.0,0.0,0.0,0.0,938.0,452.0,25.956543598746574,306.0,4.0,938.0,classical
62.76149368286133,2.648559093475342,8.026924133300781,2.5149474143981934,2.194951295852661,-31.366050720214844,18.050216674804688,0.8083990812301636,-0.15280503034591675,-0.13871784508228302,11084.612699537955,711.4982343182672,70939.491100593,970.5407116204691,1.4530699445458595e-05,0.003891672007739544,0.00010831543560106895,0.0650949701825693,0.5601844426623898,0.0,0.0,0.0,0.0,0.0,938.0,275.0,18.354047994837977,115.0,4.0,938.0,classical
49.36328887939453,3.7757797241210938,7.328254699707031,2.206637144088745,1.3111612796783447,-31.339794158935547,18.018037796020508,0.7733020186424255,0.6505571603775024,0.02905433066189289,16813.75453995354,682.9203132887283,128860.53717612597,939.9403651385927,1.655231426411774e-05,0.003469669260084629,0.0005569559115213622,0.061685850879530914,0.5809097389289851,0.0,0.0,0.0,0.0,0.0,938.0,190.0,29.135235094880613,4.0,4.0,938.0,classical
163.60777282714844,15.258927345275879,11.072484016418457,2.4451284408569336,2.0001516342163086,-32.77565383911133,15.55457592010498,1.9251176118850708,0.9158471822738647,-0.24688765406608582,149365.147772565,861.8304644440391,1448868.9824210184,1489.930370469083,5.771814358013216e-06,0.0019953446462750435,2.44146148620456e-05,0.05914033348880597,0.5971665330125636,0.0,0.0,0.0,0.0,0.0,938.0,215.0,16.351597831287414,44.0,4.0,923.0,classical
31.356674194335938,3.253284215927124,1.4592443704605103,0.8585754036903381,0.8789287805557251,-12.316829681396484,11.337003707885742,-4.01339054107666,1.411261796951294,-0.9486448764801025,35278.73019942162,1475.0085125335588,166455.28125549192,2747.5762926439234,5.991433340568619e-07,0.0017422966193407774,0.004033769099604988,0.12942992903784648,0.5039383409070658,0.0,0.0,0.0,0.0,0.0,938.0,284.0,21.826764464562746,114.0,6.0,938.0,classical
19.155147552490234,3.017331123352051,3.024660348892212,0.9376684427261353,0.926202118396759,-19.367008209228516,12.533928871154785,-3.8994834423065186,1.523087978363037,-0.9494873881340027,34040.967297344534,1278.331298327149,121170.06614384997,2398.0626998933903,6.00164241859602e-07,0.0016540951328352094,0.0029713958161060663,0.1082214485607676,0.5283792212420921,0.0,0.0,0.0,0.0,0.0,938.0,220.0,16.351597831287414,5.0,4.0,938.0,classical
92.69322204589844,4.7171735763549805,3.7746002674102783,1.1328390836715698,1.0671889781951904,-21.293231964111328,12.0743989944458,-2.400115966796875,2.1818082332611084,-0.9621031880378723,71052.83823860661,1255.6857153703043,305511.0447208228,2425.86453891258,2.05974265554687e-06,0.0021935480181127787,0.0010881827393439017,0.09597589618869937,0.5575113605987705,0.0,0.0,0.0,0.0,0.0,938.0,321.0,27.5,217.0,4.0,926.0,classical
61.50129318237305,4.895961761474609,1.2455791234970093,0.9677806496620178,0.6346644163131714,-16.38343620300293,11.900495529174805,-2.5151312351226807,2.5092556476593018,-1.1822437047958374,55880.51721183015,1315.1891482949193,211429.46100443747,2540.4700826226012,1.1127228844998172e-06,0.0021215167362242937,0.0004638178417120434,0.10307939932036247,0.5478793548961953,0.0,0.0,0.0,0.0,0.0,938.0,270.0,16.351597831287414,120.0,5.0,938.0,classical
57.30150604248047,9.457324028015137,1.8328450918197632,0.9381830096244812,0.7782164812088013,-25.365083694458008,11.669407844543457,-1.5793498754501343,3.268505811691284,-0.4152481257915497,97450.97580049786,1175.0997867576598,348826.5227650619,2375.7662579957355,1.7467883708377485e-06,0.001982685411348939,0.0004697786543966212,0.08612750283182302,0.5371959369152634,1.0,0.0,0.0,117.40196078431373,0.0,938.0,255.0,21.826764464562746,66.0,4.0,938.0,classical
48.94306945800781,10.291325569152832,2.4482295513153076,2.023399829864502,1.5760443210601807,-19.265653610229492,13.698122024536133,-3.5691750049591064,1.6810563802719116,-1.2430551052093506,80305.78828205948,1156.9398636450462,366667.0175515489,2073.6273987206823,3.79068683287187e-06,0.0024779329542070627,5.334740221898974e-06,0.09681138809301706,0.5222133119486768,1.0,0.0,0.0,133.65384615384616,0.0,938.0,281.0,16.351597831287414,24.0,5.0,938.0,classical
61.438438415527344,5.517355918884277,1.36320960521698,0.7408684492111206,0.9916666746139526,-19.02498435974121,12.313737869262695,-2.3861796855926514,2.2332253456115723,-1.1020169258117676,63072.20989116919,1278.4235605579659,275767.5010167152,2500.9911380597014,7.682303362344101e-07,0.0018847432220354676,0.00010255391440547912,0.09778326559168443,0.5816760224538892,0.0,0.0,0.0,0.0,0.0,938.0,294.0,21.826764464562746,88.0,4.0,938.0,classical
34.82993698120117,8.291115760803223,2.042710065841675,0.9493083357810974,1.0908421277999878,-28.198890686035156,12.766468048095703,-2.132120370864868,3.173532247543335,-0.9735196232795715,68815.49683841881,1113.5564532536625,274565.0148440066,2219.6745069296376,3.6686942621599883e-06,0.0024458407424390316,0.0014483586112437963,0.08297918193630063,0.5456384210995278,1.0,0.0,0.0,117.40196078431373,0.0,938.0,285.0,16.351597831287414,134.0,5.0,938.0,classical
43.393043518066406,4.480988025665283,1.5934933423995972,0.9767091274261475,0.6130263805389404,-14.233945846557617,12.482422828674316,-2.7862133979797363,2.560579776763916,-0.8873953819274902,53178.68664112539,1266.9800909911949,200702.98923651967,2467.2424706823026,7.542944331362378e-07,0.001824900507926941,0.0038792279978219157,0.09738451992270789,0.5291588701773144,0.0,0.0,0.0,0.0,0.0,938.0,202.0,19.445436482630058,38.0,4.0,938.0,classical
85.91146087646484,7.094123363494873,6.7158637046813965,2.491516351699829,1.4363034963607788,-35.79276657104492,15.817949295043945,0.05437558516860008,1.0071399211883545,-0.43298253417015076,37162.53033997196,783.6747631884258,212169.69731958964,1233.9835421108742,9.147690434474498e-06,0.0017328860703855753,0.0005708001681541431,0.06637189332356076,0.5989040363539161,0.0,0.0,0.0,0.0,0.0,938.0,201.0,19.445436482630058,23.0,5.0,938.0,classical
22.02922248840332,5.683305263519287,3.6993002891540527,1.039608120918274,0.7747862935066223,-41.89760971069336,15.72823429107666,2.5162057876586914,1.0264450311660767,0.20464754104614258,28766.89716635412,678.8976295237522,240434.7593247221,1025.7112873134329,6.9617899498553015e-06,0.0019999032374471426,0.0005991259639812186,0.05670361224013859,0.6139044818675933,0.0,0.0,0.0,0.0,0.0,938.0,215.0,25.956543598746574,4.0,4.0,938.0,classical
49.7383918762207,4.4749627113342285,6.328530788421631,2.5961720943450928,2.3147056102752686,-32.86083984375,16.841428756713867,-0.8982682228088379,0.8300352692604065,-0.368213951587677,27301.4854048659,767.9869626721429,118336.78765514825,1152.38539445629,9.862905244517606e-06,0.003915117587894201,0.001922005293320636,0.07167271205357142,0.5637307315334581,0.0,0.0,0.0,0.0,0.0,938.0,229.0,29.135235094880613,62.0,5.0,938.0,classical
71.20523071289062,17.45265769958496,5.249241828918457,1.2820602655410767,0.8745989203453064,-44.311180114746094,11.919416427612305,2.089585542678833,2.3638663291931152,0.6295041441917419,46646.52610137511,838.801005617526,655612.6197757607,1744.1198027718551,4.474544766708277e-06,0.002277686260640621,3.157179295605078e-05,0.042239972014925374,0.518791766907244,0.0,0.0,0.0,0.0,0.0,938.0,191.0,29.135235094880613,31.0,4.0,857.0,classical
28.425155639648438,3.383091449737549,2.2730088233947754,0.7326875925064087,0.8747245669364929,-26.548810958862305,13.740301132202148,-2.5013482570648193,2.232757568359375,-0.12623701989650726,58825.84431203977,1107.97916450002,227618.29851460175,2081.473214285714,1.2476335768951685e-06,0.0021395129151642323,0.00033100059830948016,0.08239251565831557,0.5540363539160652,0.0,0.0,0.0,0.0,0.0,938.0,164.0,23.12465141947715,4.0,4.0,938.0,classical
27.94212532043457,10.046358108520508,2.122387170791626,1.0101113319396973,1.3177413940429688,-15.128558158874512,11.750194549560547,-3.9403774738311768,1.4682673215866089,-1.8251540660858154,97171.77844375743,1343.5480041458845,361286.43531418993,2426.8390191897656,6.854579055470822e-07,0.0015159228350967169,1.9211381735189708e-07,0.11860237040245203,0.5326160563129289,1.0,0.0,0.0,110.46006944444446,0.0,938.0,162.0,24.499714748859326,40.0,4.0,938.0,classical
45.3731803894043,4.441353797912598,2.6905713081359863,1.30540132522583,1.1503143310546875,-22.609939575195312,17.663360595703125,-2.969472646713257,1.284041404724121,-0.7111576199531555,19099.238437667067,832.272987652631,92877.20040116842,1412.8298240938166,1.96103042071627e-06,0.0014281049370765686,0.0008219462724804877,0.0696852303771322,0.5517775995723068,0.0,0.0,0.0,0.0,0.0,938.0,277.0,27.5,51.0,4.0,938.0,classical
51.43082046508789,2.4278337955474854,1.7390704154968262,1.1713809967041016,1.2521764039993286,-25.855920791625977,15.4933500289917,-2.8699257373809814,1.7677488327026367,-0.3438655436038971,20838.1003218343,973.9428353206741,83848.14951260181,1734.691497867804,1.3500059594662162e-06,0.0015559493331238627,0.00039356123632002074,0.07940869036513859,0.5375924440880335,0.0,0.0,0.0,0.0,0.0,938.0,406.0,24.499714748859326,136.0,4.0,938.0,classical
36.44509506225586,9.866294860839844,1.4936915636062622,0.723145604133606,0.6207340955734253,-15.536460876464844,11.82168960571289,-3.4250504970550537,1.430246353149414,-1.1010127067565918,119268.14734444904,1406.9218461900346,527835.4429570975,2568.571761727079,5.708058665732096e-07,0.001482444116845727,2.4583536193743064e-06,0.1234320862206823,0.521870266417179,0.0,0.0,0.0,0.0,0.0,938.0,217.0,18.354047994837977,90.0,4.0,938.0,classical
40.443756103515625,11.398305892944336,1.1844443082809448,0.6178441047668457,0.5354430079460144,-18.854665756225586,12.693894386291504,-2.3196089267730713,1.6626768112182617,-0.7988256216049194,159985.41151001133,1278.6398467646834,777152.4116486666,2403.7180170575693,1.0719797955971444e-06,0.0017760012997314334,0.0025031659803870423,0.10325430603678039,0.5429386082152722,0.0,0.0,0.0,0.0,0.0,938.0,191.0,25.956543598746574,30.0,4.0,938.0,classical
55.6883544921875,3.3275489807128906,5.318173408508301,1.205075979232788,0.9636046290397644,-27.831554412841797,16.541349411010742,-1.8651050329208374,1.8938367366790771,-0.2816528081893921,24196.20642554197,832.8853940496695,161794.88637731876,1441.0814232409382,6.202669737831457e-07,0.001300268224440515,7.842330966955559e-05,0.06989084988006397,0.5498307048026374,0.0,0.0,0.0,0.0,0.0,938.0,235.0,27.5,35.0,4.0,938.0,classical
43.741607666015625,3.2609963417053223,1.3296505212783813,0.5628472566604614,0.5154247283935547,-20.28338623046875,12.70400333404541,-3.178030252456665,1.8850016593933105,-0.7449549436569214,44542.99811312112,1233.2952500920221,194468.5568349865,2289.4123134328356,2.048558826572844e-06,0.002111963462084532,0.0006319006897753348,0.09595611507196163,0.5643856366390448,0.0,0.0,0.0,0.0,0.0,938.0,276.0,25.956543598746574,44.0,4.0,938.0,classical
19.487028121948242,10.445865631103516,3.302809715270996,1.5824335813522339,1.087620735168457,-16.933671951293945,1.00941002368927,-5.349038124084473,0.6281421780586243,-1.5171880722045898,92255.40111667823,2317.5185601647013,238541.872553477,4077.4170442430704,2.0617901554942364e-06,0.002567861694842577,0.004653879102593862,0.22349278301572495,0.5364474739374498,0.0,0.0,0.0,0.0,0.0,938.0,469.0,30.867706328507765,338.0,5.0,938.0,classical
12.18100643157959,7.294922828674316,1.9051215648651123,2.2381553649902344,1.6115561723709106,-17.696617126464844,5.627765655517578,-3.1657819747924805,1.4696134328842163,-1.7345404624938965,107870.20623192594,2108.917177818935,391631.90075556457,3948.835621002132,9.964509217752493e-07,0.0021856490056961775,0.002476515882024257,0.2030849172108209,0.5406709435979685,0.0,0.0,0.0,0.0,0.0,938.0,266.0,25.956543598746574,120.0,5.0,938.0,classical
25.221057891845703,4.683166027069092,1.7809406518936157,1.6347047090530396,1.1781253814697266,-12.386082649230957,5.678558349609375,-2.3010764122009277,2.433715581893921,-0.6174407601356506,99025.71071890168,2110.6775958930643,278207.79421817244,3908.632062899787,1.4307349829323357e-06,0.0020144169684499502,0.005507727443626425,0.20360859624866737,0.5701862247170989,0.0,0.0,0.0,0.0,0.0,938.0,293.0,20.601722307054366,100.0,3.0,938.0,classical
40.24044418334961,15.640691757202148,3.16294527053833,2.5294387340545654,2.389707565307617,-16.305009841918945,7.402356147766113,-2.4243505001068115,4.5811567306518555,1.2241730690002441,217044.20331204514,1789.6816231290006,600159.7919681154,3078.199960021322,9.900924487737939e-05,0.009173216298222542,2.2831011791618465e-05,0.17930385044642858,0.5229706852000356,0.0,0.0,0.0,0.0,0.0,938.0,280.0,27.5,50.0,6.0,938.0,classical
13.826118469238281,2.8437142372131348,6.01398229598999,1.6547577381134033,1.7152886390686035,-10.598542213439941,9.750984191894531,-4.1655988693237305,1.5397701263427734,1.0603164434432983,38185.696975931234,1546.1607889799745,195550.2680492268,2607.484341684435,6.753050911356695e-06,0.0035345980431884527,0.00039691428963543586,0.1468758328891258,0.5877260981912145,0.0,0.0,0.0,0.0,0.0,938.0,254.0,21.826764464562746,20.0,6.0,938.0,classical
109.04222106933594,4.294711112976074,3.1952388286590576,0.9990915060043335,1.283815860748291,-27.61400032043457,9.621390342712402,-1.371979832649231,2.3267338275909424,-0.07373235374689102,108555.02833664368,1374.635978947396,435049.5348737114,2857.717550639659,2.3365482775261626e-06,0.0016693391371518373,0.004387763132979576,0.09407222398054371,0.5356500044551369,0.0,0.0,0.0,0.0,0.0,938.0,183.0,29.135235094880613,17.0,5.0,899.0,classical
67.68253326416016,15.37787914276123,2.3813602924346924,1.3696435689926147,1.8169609308242798,-28.060497283935547,6.471787452697754,-1.9663820266723633,3.3376693725585938,-1.2330131530761719,251333.48503189062,1732.5620174652313,732277.4522170486,3330.9484941364603,3.0158123536239145e-06,0.002706073457375169,8.506984932158454e-06,0.16746745485740938,0.5402298850574713,0.0,0.0,0.0,0.0,0.0,938.0,213.0,18.354047994837977,15.0,5.0,923.0,classical
28.153799057006836,9.819087028503418,1.747504711151123,1.1600593328475952,1.1250102519989014,-10.66260814666748,7.5192108154296875,-2.9630184173583984,2.3573803901672363,-0.7227193713188171,165044.15242738498,1880.0156881895289,360946.3467831371,3479.3943230277187,6.749800718353072e-07,0.0014332180144265294,0.009636334422690825,0.15769454207755865,0.5295152811191304,1.0,0.0,0.0,124.86869747899159,0.0,938.0,331.0,18.354047994837977,160.0,5.0,938.0,classical
13.937405586242676,3.8179056644439697,1.875612735748291,0.8892265558242798,0.7624139189720154,-16.889150619506836,10.353724479675293,-1.7057666778564453,1.9437369108200073,0.2176179438829422,81629.43555779551,1436.0015722091125,270854.90168669546,2706.4982009594883,2.7926532766286982e-06,0.0025602502282708883,0.000957815733491429,0.11590953574760128,0.601937984496124,1.0,0.0,0.0,104.18333333333334,0.0,938.0,179.0,27.5,13.0,5.0,938.0,classical
58.216766357421875,3.8347971439361572,2.018125057220459,1.0917822122573853,0.9612579941749573,-17.098852157592773,7.166479110717773,-1.9889123439788818,2.232001781463623,-0.44093477725982666,155321.07971310546,1878.7433106495903,370263.86572372844,3620.4524253731342,1.1449562862253515e-06,0.0018268735148012638,0.017743017038091818,0.16494119802771856,0.5870310968546735,0.0,0.0,0.0,0.0,0.0,938.0,366.0,21.826764464562746,205.0,5.0,938.0,classical
4.099374294281006,1.8523801565170288,0.7019362449645996,0.6709998846054077,0.5050456523895264,-25.683523178100586,9.150572776794434,-0.6485962867736816,1.2649890184402466,-0.49425816535949707,32563.01788528471,1452.3702736655912,237298.0154520823,3192.6305970149256,2.171997124378322e-07,0.0011707328958436847,0.00015587542465358214,0.10672328924573561,0.5111333867949746,0.0,0.0,0.0,0.0,0.0,938.0,141.0,30.867706328507765,16.0,5.0,938.0,classical
7.576754570007324,2.537097215652466,3.1203503608703613,1.7861871719360352,1.1251691579818726,2.496925115585327,6.813254356384277,0.23511555790901184,2.530637264251709,0.5302375555038452,171521.58194225223,2135.836784757693,750271.380189923,4515.57518597237,5.693036086995562e-07,0.001086614327505231,0.0008158538740935081,0.12231315588469713,0.45443286108883546,0.0,0.0,0.0,0.0,0.0,941.0,203.0,23.12465141947715,44.0,4.0,941.0,country
1.9116283655166626,0.7793930768966675,1.816894769668579,1.2320985794067383,1.579637050628662,3.4765467643737793,5.599867820739746,-0.1549057513475418,2.187222719192505,0.3243556022644043,53130.61310593235,2315.8027545185437,400732.4017298272,4847.681236673774,3.3796629850257887e-07,0.0010906228562816978,0.0012494311891091236,0.15106995019323027,0.4988060233449166,0.0,0.0,0.0,0.0,0.0,938.0,177.0,23.12465141947715,2.0,5.0,938.0,country
21.86326026916504,4.113978862762451,5.336563587188721,2.9919016361236572,1.40071702003479,-5.805726051330566,7.919190883636475,1.0270428657531738,3.3537375926971436,1.2184782028198242,286545.99123434117,1811.8586591337842,765735.734613054,3983.1743421052633,5.160717591934372e-06,0.0026451784651726484,5.133557517772898e-05,0.08919613486842105,0.4892542101042502,1.0,0.0,0.0,157.11462450592887,0.0,950.0,217.0,27.5,32.0,3.0,936.0,country
8.91569995880127,4.75091028213501,3.536700963973999,2.952906370162964,1.5834956169128418,0.3377337157726288,8.12416934967041,-0.3749762177467346,3.627810478210449,-0.2279076874256134,244268.1662714193,1839.23998595491,795159.2828779565,3726.737406716418,1.0034178785645054e-06,0.0013498180778697133,0.0026738082981421357,0.12690419276385928,0.5256972289049274,1.0,0.0,0.0,156.26666666666665,0.0,938.0,228.0,24.499714748859326,59.0,4.0,938.0,country
2.339759111404419,0.725593090057373,1.954399824142456,1.5520143508911133,1.38978111743927,2.224259614944458,5.977585792541504,0.5453409552574158,2.3093161582946777,-0.11816644668579102,60131.125950115165,2323.751620944645,377551.69163643994,4877.965085287847,3.149291956106026e-07,0.0009736152132973075,0.004500823623568987,0.1427717717217484,0.5229617749264903,0.0,0.0,0.0,0.0,0.0,938.0,284.0,20.601722307054366,45.0,3.0,937.0,country
5.219316005706787,1.5630165338516235,2.2928967475891113,2.042454242706299,0.977462112903595,2.05452561378479,5.482089042663574,-0.6430627703666687,2.272238254547119,0.45417267084121704,123777.14379739837,2357.446440102704,498721.16337736667,4823.904928646934,5.504564342118101e-07,0.0013402908807620406,0.007202232057545078,0.1639675277484144,0.5064955894145949,1.0,0.0,0.0,133.9452380952381,0.0,946.0,166.0,24.499714748859326,21.0,5.0,946.0,country
3.827868938446045,2.986914873123169,2.903651237487793,2.6887333393096924,1.0036343336105347,2.1273083686828613,6.725925922393799,0.06859365105628967,2.1244497299194336,1.0442322492599487,234106.1830435833,2228.993292369488,1321031.674174179,4693.103902953587,5.512504230864579e-07,0.001210731570608914,4.73234329138061e-05,0.1489690466772152,0.5218435355965428,1.0,0.0,0.0,110.31078431372549,0.0,948.0,286.0,21.826764464562746,116.0,3.0,948.0,country
4.783638954162598,2.278148651123047,1.6711095571517944,1.7691717147827148,1.191387414932251,2.4167468547821045,6.101152420043945,0.713150143623352,2.0297036170959473,1.128636360168457,170699.61637880676,2269.233401293629,742276.9463562263,4999.766542155817,5.688494866262772e-07,0.000940176541917026,0.00015575273501408754,0.12765662520010673,0.49654726900115836,0.0,0.0,0.0,0.0,0.0,937.0,199.0,25.956543598746574,38.0,5.0,935.0,country
2.7393081188201904,1.8382964134216309,2.0961883068084717,1.705102801322937,1.8977792263031006,3.5340328216552734,6.62722110748291,-0.04304942488670349,2.070239305496216,1.0568453073501587,132358.0044056981,2099.1763733454463,661241.8592642904,4548.909072794899,4.628915064586181e-07,0.0011156410910189152,0.004462737597558935,0.12783888067879914,0.43557426713000086,0.0,0.0,0.0,0.0,0.0,941.0,189.0,20.601722307054366,33.0,4.0,941.0,country
1.120775580406189,0.6752909421920776,1.146418809890747,1.132336974143982,0.7656656503677368,4.67870569229126,5.557380676269531,0.16543859243392944,2.084669828414917,0.13577067852020264,61524.01102558198,2418.467708383739,331839.5855713324,5085.688429861849,2.643430434545735e-07,0.0009863999439403415,0.005517284131378894,0.17339951680393198,0.5421589592800499,0.0,0.0,0.0,0.0,0.0,941.0,375.0,24.499714748859326,265.0,4.0,941.0,country
39.47261428833008,8.320287704467773,6.272653102874756,4.074731826782227,3.1844565868377686,-12.195783615112305,9.589723587036133,1.1355892419815063,3.22841477394104,-0.267684668302536,328547.6625190101,1642.8021777775184,1083542.3210943502,3426.5058635394457,3.1651177323510638e-06,0.0022959441412240267,0.0011829938063193444,0.09890610424440298,0.5215138554753631,0.0,0.0,0.0,0.0,0.0,938.0,208.0,24.499714748859326,53.0,4.0,938.0,country
52.648345947265625,9.299358367919922,6.025847911834717,4.439530849456787,3.392226457595825,-11.284497261047363,7.3469085693359375,0.1879270076751709,2.15716290473938,-0.070884570479393,664463.2711402964,2125.5660732859556,1446915.9611298102,4267.723880597015,3.4088304801116465e-06,0.002209275495260954,0.00943514084936402,0.12845128431503197,0.48817161186848435,0.0,0.0,0.0,0.0,0.0,938.0,205.0,24.499714748859326,75.0,5.0,917.0,country
14.877222061157227,7.120833396911621,2.8660976886749268,3.683614492416382,1.9849079847335815,-7.3420257568359375,11.132631301879883,0.8142165541648865,2.456110715866089,0.1612493395805359,224246.47759450244,1418.4743703603144,1305539.7773284242,2953.174973347548,2.2766485017200466e-06,0.0023958582896739244,0.0006667842403178279,0.0809979469283049,0.4934732246279961,1.0,0.0,0.0,117.6948051948052,0.0,938.0,275.0,24.499714748859326,124.0,4.0,938.0,country
17.529251098632812,3.311908721923828,3.664499282836914,2.2679874897003174,2.0840978622436523,-6.864485263824463,7.216700077056885,-0.7755475640296936,1.9623892307281494,0.011912166140973568,151347.14288674065,2044.2368475372264,657585.3630107298,4215.001998933902,6.004783585922269e-07,0.0014948901953175664,0.0026490480876582524,0.14717202908448826,0.5931925510113161,1.0,0.0,0.0,125.01666666666667,0.0,938.0,214.0,20.601722307054366,21.0,4.0,938.0,country
14.799769401550293,5.153562068939209,2.750570774078369,2.1483535766601562,1.7559053897857666,-7.037379264831543,7.805759906768799,0.7690139412879944,1.4810123443603516,0.5552973747253418,265545.2644061717,2009.433747650421,1043440.9487564566,4437.87480010661,1.6012924106689752e-06,0.0018618868198245764,0.001931373502922864,0.1269510427771855,0.5846876949122337,0.0,0.0,0.0,0.0,0.0,938.0,215.0,20.601722307054366,40.0,3.0,938.0,country
21.456592559814453,7.6628594398498535,3.618032693862915,1.4630340337753296,1.0182979106903076,-5.4945268630981445,8.85202693939209,0.8648499846458435,1.9693046808242798,-0.38287317752838135,283191.2338481688,1777.641556045454,1179304.27860072,3866.4045842217483,4.471031047614815e-07,0.001314025023020804,0.003513482574925314,0.12226291811034115,0.5160964091597612,0.0,0.0,0.0,0.0,0.0,938.0,487.0,19.445436482630058,369.0,4.0,938.0,country
28.294775009155273,8.91211986541748,6.603710651397705,2.582301616668701,2.184426784515381,-12.437068939208984,11.167832374572754,1.3648427724838257,4.291668891906738,-0.8745772242546082,190167.66190539513,1406.1778768020465,1078060.7188626088,2918.126998933902,1.7211975773534505e-06,0.0022527240216732025,0.00043634444181298065,0.08067364072494669,0.516145415664261,0.0,0.0,0.0,0.0,0.0,938.0,247.0,21.826764464562746,26.0,4.0,938.0,country
23.91566276550293,12.756956100463867,1.0521314144134521,0.8750492334365845,1.4517773389816284,-10.126107215881348,11.859745979309082,0.30749085545539856,2.671241283416748,-0.47741416096687317,176578.52359408548,1243.4132505077039,1153014.9822308035,2599.921708422175,1.4959944110159995e-06,0.0018988421652466059,0.00016462575861392938,0.08482559301705757,0.5364029225697228,1.0,0.0,0.0,89.30238095238096,0.0,938.0,217.0,18.354047994837977,0.0,4.0,938.0,country
16.348112106323242,3.845241069793701,3.3157668113708496,2.7982473373413086,1.8023951053619385,-6.659390926361084,9.223228454589844,-1.6645476818084717,2.4531471729278564,1.176680326461792,151471.4907602009,1651.7800276810015,873614.2396496566,3305.9534914712153,1.5994603472790914e-06,0.0016872022533789277,0.000787336331106309,0.12083295159248401,0.5739552704268022,0.0,0.0,0.0,0.0,0.0,938.0,257.0,21.826764464562746,30.0,3.0,938.0,country
64.61859130859375,9.407400131225586,3.8083810806274414,5.308315753936768,3.7316112518310547,-16.501602172851562,14.53107738494873,-1.931515097618103,3.8144307136535645,0.1791936308145523,158573.52181284517,1068.6473729888587,605332.6003344813,2078.7163512793177,4.264627023076173e-06,0.002426908817142248,0.0011588755199832585,0.06919851079424306,0.5513900026730821,0.0,0.0,0.0,0.0,0.0,938.0,151.0,24.499714748859326,36.0,3.0,937.0,country
47.04745864868164,10.187629699707031,3.8941712379455566,4.992392539978027,1.4650570154190063,-9.255542755126953,7.178656101226807,3.4105634689331055,2.4125866889953613,1.004429817199707,742887.3046012695,2089.8707868477877,2347646.8589780945,4595.873867270789,4.156804607191589e-06,0.0021302683744579554,0.00679247308014023,0.1068305237206823,0.48887552347857083,0.0,0.0,0.0,0.0,0.0,938.0,282.0,29.135235094880613,78.0,3.0,938.0,country
27.475440979003906,5.1932172775268555,2.416327714920044,4.136801719665527,2.3811192512512207,-12.530715942382812,14.250401496887207,-0.9365037083625793,3.8867027759552,0.5082491040229797,94101.5077569563,996.5762644985832,499244.31572262384,1925.772921108742,4.764002824231284e-06,0.003036568174138665,0.01073996266702803,0.06189355260527719,0.5256081261694734,1.0,0.0,0.0,110.31078431372549,0.0,938.0,161.0,27.5,29.0,3.0,938.0,country
27.714448928833008,3.9967947006225586,4.209662437438965,3.6024816036224365,3.7360782623291016,-12.086928367614746,10.151910781860352,0.6289335489273071,3.890725612640381,-0.37678253650665283,113322.6995722634,1460.0932657254264,610094.6083935804,3056.694762793177,1.803128498067963e-06,0.0023344706278294325,0.0001818591433533362,0.08868082855810235,0.5794350886572218,0.0,0.0,0.0,0.0,0.0,938.0,245.0,19.445436482630058,80.0,3.0,938.0,country
64.07845306396484,6.571516036987305,5.989424705505371,3.1766438484191895,1.8972257375717163,-26.72242546081543,12.211073875427246,3.0434484481811523,2.7795801162719727,1.662208914756775,323770.59567565145,1089.1240821176184,1757640.9766181738,2164.045842217484,9.530343049846124e-06,0.0027332825120538473,0.0007131585285805501,0.04281830940165245,0.509632005702575,0.0,0.0,0.0,0.0,0.0,938.0,291.0,21.826764464562746,140.0,3.0,913.0,country
55.799224853515625,15.063465118408203,4.385345935821533,7.604583740234375,3.4107120037078857,-10.1465425491333,9.924023628234863,0.3946390151977539,3.433490753173828,-0.092119961977005,466574.86450894043,1627.6042420913504,1806905.8009591047,3282.4660181236673,6.195584319357295e-06,0.002960974583402276,0.004621973203222396,0.11046556419909381,0.5045620600552437,0.0,0.0,0.0,0.0,0.0,938.0,242.0,16.351597831287414,6.0,4.0,938.0,country
37.38116455078125,7.279445171356201,3.260998249053955,3.5910205841064453,1.990515112876892,-12.749926567077637,10.972152709960938,0.5760578513145447,2.6833181381225586,1.0250139236450195,254338.32941352186,1366.3065888643407,1132676.96051678,2833.2139525586354,3.0300211619760375e-06,0.00217656628228724,0.0021017952747396907,0.07465393456823027,0.5126570435712376,1.0,0.0,0.0,133.41346153846155,0.0,938.0,193.0,24.499714748859326,16.0,3.0,938.0,country
22.220094680786133,10.021885871887207,4.4419450759887695,3.708512544631958,3.052798271179199,-11.479841232299805,13.090208053588867,-0.6907923817634583,2.6383633613586426,0.1675311028957367,227294.8668648098,1170.028865376358,1197831.8972041314,2384.711487206823,2.5228694084944436e-06,0.002057307632640004,0.002382203617974177,0.07322188582755863,0.5081395348837209,0.0,0.0,0.0,0.0,0.0,938.0,207.0,18.354047994837977,40.0,4.0,938.0,country
15.310746192932129,2.72544527053833,4.692173480987549,2.9942848682403564,1.459383249282837,-4.146777153015137,9.1626558303833,-1.569949746131897,3.351397752761841,-0.47365865111351013,75098.18785089342,1717.4036265172542,299950.4372698989,3420.4757462686566,4.126615635868802e-07,0.0013757391134276986,0.006397091881605307,0.1268568221948294,0.4892497549674774,0.0,0.0,0.0,0.0,0.0,938.0,431.0,20.601722307054366,215.0,3.0,938.0,country
14.632200241088867,2.4136252403259277,3.21303653717041,2.435375452041626,1.3679970502853394,-9.596692085266113,11.639507293701172,-0.7123385071754456,3.2575490474700928,-0.2424553781747818,74087.62740033497,1296.4534392861092,344009.1701447927,2686.7337420042645,1.6603618178123725e-06,0.0021220860071480274,0.0001827869587582009,0.07992612273454158,0.5609596364608394,1.0,0.0,0.0,93.47098214285714,0.0,938.0,163.0,23.12465141947715,28.0,4.0,938.0,country
21.333816528320312,4.452645301818848,4.254067897796631,3.141794204711914,1.5222892761230469,-9.6847562789917,13.777554512023926,-1.1050758361816406,3.3045592308044434,-0.576488733291626,69838.82730434212,1094.2457939326182,395544.5342224952,2113.381196695096,1.496929371569422e-06,0.0023642615415155888,2.4469402868594945e-06,0.07236505113939233,0.508789984852535,0.0,0.0,0.0,0.0,0.0,938.0,180.0,21.826764464562746,40.0,4.0,938.0,country
33.139915466308594,8.66678237915039,3.4937844276428223,1.1423169374465942,1.9787858724594116,-18.81089973449707,13.102667808532715,3.195485830307007,2.6505019664764404,0.6900418996810913,158723.1814452585,984.3367184378498,1951324.5648651565,1947.527985074627,6.929376922926167e-06,0.0024165664799511433,0.00014400889539323427,0.05545740188566098,0.5144836496480444,0.0,0.0,0.0,0.0,0.0,938.0,354.0,27.5,187.0,4.0,938.0,country
15.538442611694336,4.074094295501709,2.2636168003082275,1.7468215227127075,1.157670259475708,-5.864882469177246,9.061493873596191,-1.0172538757324219,2.7348878383636475,-0.8790515661239624,194191.22356818803,1748.9896332571186,628372.0877028343,3549.7734541577825,9.28361998830951e-07,0.001369713107123971,0.001663078083772339,0.12035195812233475,0.5215227657489084,1.0,0.0,0.0,110.31078431372549,0.0,938.0,263.0,16.351597831287414,31.0,5.0,938.0,country
38.97273635864258,6.7197771072387695,2.787081241607666,2.7277538776397705,1.4352167844772339,-14.840792655944824,8.908297538757324,1.1932916641235352,2.6624972820281982,-0.09794812649488449,309934.0265247897,1580.1642911302386,1061775.3062683379,3531.533182302772,2.918257223427645e-06,0.0017003212124109268,0.00013081983569345157,0.08565639992004265,0.5637040007128219,0.0,0.0,0.0,0.0,0.0,938.0,360.0,20.601722307054366,220.0,3.0,938.0,country
35.42866134643555,5.757504940032959,6.0541276931762695,4.728668689727783,2.324397325515747,-5.869226455688477,6.8921942710876465,0.21875789761543274,2.1669933795928955,-0.8234687447547913,270694.4777002698,2116.800248069608,686931.9039779042,4319.304704157783,2.2389015157386893e-06,0.001906844787299633,0.0007946858861375371,0.1583332639259062,0.5341708990466006,0.0,0.0,0.0,0.0,0.0,938.0,250.0,23.12465141947715,75.0,4.0,938.0,country
22.826026916503906,4.98673152923584,5.227723598480225,3.2092180252075195,1.5404157638549805,-9.195180892944336,7.702150344848633,-1.0922105312347412,1.7836166620254517,0.5507287383079529,282217.75051928207,1987.970569878935,1354900.5803758784,4060.700959488273,2.54638302976673e-06,0.0022064088843762875,3.1829712213257184e-05,0.13986602978411514,0.5862692684665418,1.0,0.0,0.0,133.9452380952381,0.0,938.0,301.0,27.5,171.0,3.0,938.0,country
14.133532524108887,4.415156364440918,2.7863857746124268,4.028234958648682,1.9208083152770996,-6.585457801818848,8.888433456420898,-0.6609075665473938,3.153654098510742,0.0933419018983841,208163.76325109095,1789.6971384111762,813040.8718051156,3649.9200426439234,9.629247870179825e-07,0.001593416789546609,0.0003349330749124803,0.12474648937233475,0.5275906620333244,0.0,0.0,0.0,0.0,0.0,938.0,260.0,21.826764464562746,133.0,3.0,938.0,country
51.31719970703125,12.390408515930176,5.46579122543335,3.6028544902801514,2.66475248336792,-24.04334259033203,8.435901641845703,0.5533460378646851,3.7771427631378174,0.5277648568153381,431734.00808543985,1667.9032432069346,1563051.0964514732,3406.799706823028,3.2127873055287637e-06,0.001607221900485456,0.00466333007978989,0.11042235807569296,0.5709747839258664,0.0,0.0,0.0,0.0,0.0,938.0,407.0,25.956543598746574,225.0,3.0,938.0,country
21.549840927124023,6.790207386016846,4.760992050170898,2.3604576587677,2.4614810943603516,-11.433324813842773,9.729103088378906,-0.19168508052825928,3.045107126235962,1.3851288557052612,300900.0397040829,1614.5064959505985,1349348.1234648381,3294.7261460554373,8.33072760997311e-07,0.0013954390306025743,0.003110379502405198,0.10166921391924306,0.5333778847010603,1.0,0.0,0.0,98.70087719298246,0.0,938.0,241.0,19.445436482630058,101.0,3.0,938.0,country
13.937430381774902,3.5859391689300537,3.564763307571411,2.900937795639038,1.6010849475860596,-6.372842788696289,7.231612682342529,0.5042037963867188,0.9202386736869812,0.5272572040557861,216970.64120778968,2144.6981888760342,1140158.831545617,4722.86447228145,8.555483077543613e-07,0.0014766969252377748,0.00014908787497059154,0.13867499833422176,0.6008910273545397,1.0,0.0,0.0,156.26666666666665,0.0,938.0,171.0,20.601722307054366,30.0,3.0,938.0,country
13.572836875915527,2.8193624019622803,2.224973440170288,2.0128347873687744,1.2791173458099365,-4.036342144012451,3.7033138275146484,1.4371107816696167,2.7414941787719727,0.12561151385307312,179112.66024111462,2794.3054708432155,406913.2465844309,5497.926106076759,6.045757459105516e-07,0.001163463108241558,0.0011782717806877558,0.23159158865271856,0.558700882117081,1.0,0.0,0.0,117.1875,0.0,938.0,208.0,20.601722307054366,36.0,3.0,938.0,country
22.859100341796875,3.535952568054199,4.094849109649658,3.837141513824463,1.8489964008331299,-4.710582733154297,7.717854976654053,0.18084846436977386,2.4427216053009033,-0.7443183064460754,124223.9698465276,1971.1412506221852,584497.9783991715,4079.1078091684435,6.131461418590334e-07,0.0014085792936384678,0.0011270575931556402,0.1307396471881663,0.5702263209480531,0.0,0.0,0.0,0.0,0.0,938.0,168.0,18.354047994837977,0.0,3.0,938.0,country
20.973304748535156,5.4286065101623535,3.4045238494873047,1.779658555984497,1.7128959894180298,-6.732859134674072,7.900990962982178,1.112848162651062,3.543213367462158,0.47590795159339905,284450.091481657,1834.9189616055005,1160266.8567796403,3912.6382595948826,1.5425706578753307e-06,0.0015917345881462097,0.0014841575921306688,0.10307679654184435,0.5617348302592889,0.0,0.0,0.0,0.0,0.0,938.0,298.0,27.5,69.0,3.0,938.0,country
9.385419845581055,2.8878722190856934,1.995673418045044,1.6812548637390137,1.091521978378296,-5.038510322570801,7.997860908508301,1.1671137809753418,2.788296699523926,1.2329058647155762,123663.19337805452,1819.6967173695023,551438.3777656892,4111.940298507463,1.1603768825807492e-06,0.0016704832669347525,0.0001684278155575662,0.10233344299706823,0.5532745255279338,1.0,0.0,0.0,104.18333333333334,0.0,938.0,204.0,27.5,16.0,3.0,938.0,country
17.95232582092285,4.088790416717529,3.278804302215576,2.303774833679199,1.2271170616149902,-4.5193352699279785,7.2347307205200195,-1.7810665369033813,1.7666159868240356,0.64954674243927,210796.98569091543,2086.2506813346295,870989.9918160208,4133.911913646056,8.429563536083151e-07,0.00130175007507205,0.00042962871762243705,0.17062983075692964,0.5920074846297781,1.0,0.0,0.0,133.0128205128205,0.0,938.0,287.0,27.5,164.0,5.0,938.0,country
44.044151306152344,7.522422790527344,4.862091541290283,3.6844840049743652,2.3956644535064697,-8.46369743347168,11.45174503326416,-1.502246379852295,2.4079809188842773,0.896308183670044,285627.77159783005,1334.0871275581287,1214555.3921775878,2660.206223347548,1.7354622059428948e-06,0.0014752879505977035,0.0007143545547252198,0.08385631829690832,0.5523656776263032,0.0,0.0,0.0,0.0,0.0,938.0,188.0,19.445436482630058,36.0,4.0,938.0,country
13.86849594116211,4.805346965789795,3.9137086868286133,3.3458104133605957,1.264567494392395,-0.8133665323257446,6.898139953613281,-1.0611813068389893,1.907127857208252,-0.3230398893356323,266757.77064955386,2196.9744963501926,880571.8970027464,4295.792244136461,1.2229676258357358e-06,0.001643307856284082,0.00036734860631273535,0.16272102795175905,0.5333199679230153,0.0,0.0,0.0,0.0,0.0,938.0,220.0,19.445436482630058,54.0,5.0,937.0,country
18.265010833740234,4.84486198425293,2.663872480392456,5.078264236450195,1.5043323040008545,-5.334990501403809,7.5273895263671875,-0.42717769742012024,4.617005348205566,-1.1786459684371948,193318.18228853872,1994.4308887647712,422625.30279693054,3692.930437100213,6.176405804581009e-07,0.0014686030335724354,0.0006538626047080178,0.15398870602345416,0.4992604472957319,0.0,0.0,0.0,0.0,0.0,938.0,215.0,20.601722307054366,32.0,3.0,938.0,country
18.73931884765625,5.9493088722229,2.5202829837799072,2.717545747756958,2.1278433799743652,-7.511353492736816,9.524022102355957,-2.2101199626922607,3.5425374507904053,-1.2167922258377075,157516.23427071577,1662.138367187354,541131.2342200587,3389.5339152452025,1.5100999917194713e-06,0.0018261264776811004,0.002282504263957857,0.1254122801172708,0.5341174374053284,0.0,0.0,0.0,0.0,0.0,938.0,239.0,16.351597831287414,21.0,4.0,938.0,country
44.38822937011719,5.04635763168335,3.1253116130828857,2.6138436794281006,1.8868924379348755,-8.54143238067627,10.471443176269531,1.0595811605453491,3.1923305988311768,-0.1550164371728897,194802.18455127135,1449.901627769632,946553.5653578264,3233.6503864605543,5.539852736546891e-06,0.0030019183177500963,0.0009694828065080185,0.07801151885660981,0.5080637975585851,0.0,0.0,0.0,0.0,0.0,938.0,239.0,21.826764464562746,11.0,3.0,938.0,country
16.5987548828125,6.336049556732178,3.1271555423736572,2.953925848007202,1.926636815071106,-3.9770920276641846,11.403417587280273,-1.5339889526367188,1.8784282207489014,-0.8613414764404297,141808.7135535747,1450.9799554467147,645100.4734996879,2812.133528784648,1.516696670478268e-06,0.002008554758504033,0.0020111057136392883,0.10099769706156717,0.504201193976655,0.0,0.0,0.0,0.0,0.0,938.0,185.0,24.499714748859326,15.0,5.0,938.0,country
16.089780807495117,4.604221343994141,3.0298633575439453,2.7318127155303955,1.0521652698516846,-6.653085231781006,9.26167106628418,0.5251724123954773,1.9677982330322266,-0.028324387967586517,254800.72205986938,1639.7003777397897,1214761.664595003,3605.485407782516,2.1824753275723197e-06,0.0017267196672037244,0.0032065684295121285,0.10011171125399787,0.48544061302681996,1.0,0.0,0.0,117.20416666666667,0.0,938.0,173.0,16.351597831287414,14.0,3.0,938.0,country
24.54757308959961,5.806858539581299,4.880313396453857,3.209338903427124,1.9271738529205322,-10.974346160888672,10.346242904663086,0.5569714307785034,3.249011993408203,0.9775955080986023,284251.24384350434,1464.0574556919114,1054351.3048843078,3009.419976012793,5.184205292607658e-06,0.0024072991218417883,0.0015522637854727555,0.07778872101545842,0.5114229706852,1.0,0.0,0.0,125.84667487684729,0.0,938.0,245.0,20.601722307054366,3.0,3.0,938.0,country
36.16178894042969,4.872101783752441,3.36375093460083,3.860430955886841,2.7788658142089844,-17.536375045776367,11.900677680969238,1.8272207975387573,2.427987575531006,0.026451338082551956,172809.15115324355,1053.701861281185,1144093.626159354,2270.780583688699,4.933793661621166e-06,0.0020851166918873787,0.0005220178699644724,0.04677349163779318,0.49693486590038316,1.0,0.0,0.0,110.4266826923077,0.0,938.0,250.0,21.826764464562746,37.0,3.0,924.0,country
9.915910720825195,2.0715160369873047,1.6441987752914429,2.245342969894409,0.6371951103210449,-1.968833088874817,7.173818111419678,0.9478312730789185,2.246162176132202,0.04117434099316597,158875.36289432517,2068.8357300058774,545398.2451391285,4492.245802238806,9.898598136715009e-07,0.0013540369691327214,0.008287426211250254,0.136015479244403,0.5682972467254744,1.0,0.0,0.0,93.45238095238096,0.0,938.0,373.0,20.601722307054366,230.0,4.0,938.0,country
15.113090515136719,4.275362491607666,1.7006632089614868,2.6383683681488037,1.5047606229782104,-9.521390914916992,8.926387786865234,2.2750251293182373,3.2095694541931152,0.7985906600952148,222767.3329796324,1528.3929120276543,1147716.8167116132,3584.105143923241,2.602843778731767e-06,0.001651166588999331,0.0011263237236520125,0.07604121551839019,0.5272431613650539,0.0,0.0,0.0,0.0,0.0,938.0,204.0,19.445436482630058,48.0,3.0,938.0,country
10.685779571533203,3.4103119373321533,2.1287636756896973,1.3574234247207642,1.1862481832504272,-1.707142949104309,9.219367027282715,0.12226090580224991,1.6948579549789429,0.2213449478149414,108073.93990499455,1725.0861702454,681985.9402460702,3757.904117803838,6.271967549764668e-07,0.0014240614837035537,5.504869005538641e-05,0.10439692580623668,0.5620956963378775,1.0,0.0,0.0,133.9452380952381,0.0,938.0,178.0,19.445436482630058,18.0,3.0,938.0,country
47.98112106323242,4.272814750671387,5.394085884094238,2.5565853118896484,2.4233853816986084,-8.158459663391113,10.077849388122559,1.5953272581100464,2.3297393321990967,0.23599795997142792,201952.59628465312,1330.6411492440259,1293909.9100643347,2935.8258928571427,2.5909364467224805e-06,0.0017471618484705687,0.0008049026559707818,0.0708512751532516,0.5309899313908937,0.0,0.0,0.0,0.0,0.0,938.0,336.0,21.826764464562746,130.0,3.0,938.0,country
36.12666702270508,4.830199718475342,3.482053518295288,3.7229692935943604,2.080420970916748,-5.933166027069092,9.772334098815918,0.3962521553039551,2.521819591522217,-0.13453511893749237,213927.83616979394,1616.412218782561,1124305.7845827998,3554.9207089552237,2.3114332634577295e-06,0.0016207555308938026,7.948619905604346e-06,0.09679004530916845,0.5395304285841576,0.0,0.0,0.0,0.0,0.0,938.0,331.0,25.956543598746574,180.0,4.0,938.0,country
24.895729064941406,3.6390347480773926,3.636052131652832,2.2901105880737305,0.8942584991455078,-3.4680604934692383,9.376083374023438,1.9485836029052734,1.869460105895996,-0.4607165455818176,165291.3924842914,1630.728946323387,982718.1336981195,3799.3486807036247,2.644159394549206e-06,0.0017527585150673985,8.361422629342104e-05,0.09241841851012793,0.5069099171344561,0.0,0.0,0.0,0.0,0.0,938.0,307.0,19.445436482630058,98.0,3.0,938.0,country
75.1540756225586,14.95059871673584,4.054718494415283,6.003828525543213,2.5464327335357666,-9.912859916687012,10.490117073059082,3.924870014190674,2.7828032970428467,0.209501251578331,405435.73142657185,1403.159514086955,2999026.756528204,3232.334421641791,4.6255800043581985e-06,0.0021247556433081627,0.000280350625953156,0.06703664295708955,0.503818052214203,1.0,0.0,0.0,133.9452380952381,0.0,938.0,211.0,19.445436482630058,16.0,4.0,938.0,country
32.48592758178711,7.584948539733887,2.563422203063965,1.9219883680343628,1.5048789978027344,-10.223578453063965,10.909411430358887,2.196946144104004,2.7393720149993896,0.8545938730239868,311382.6843145276,1218.7745243117859,2020356.2523322892,2710.0463086353943,3.7492995943466667e-06,0.0016006975201889873,0.00044201714365772196,0.052217983742004266,0.5367949746057205,0.0,0.0,0.0,0.0,0.0,938.0,252.0,16.351597831287414,30.0,3.0,938.0,country
39.943485260009766,6.195704460144043,2.9631614685058594,1.9906421899795532,1.0225765705108643,-10.787270545959473,11.175530433654785,2.078434467315674,2.391352415084839,0.5334354639053345,231538.66209181183,1271.076247095864,1683834.7611861804,2818.7799840085286,1.8321867401027703e-06,0.0015205313684418797,3.4951166116994236e-05,0.0620642948760661,0.5433440256615879,0.0,0.0,0.0,0.0,0.0,938.0,368.0,27.5,218.0,3.0,938.0,country
11.48399829864502,3.233222723007202,2.411447048187256,2.6098923683166504,1.0829018354415894,-2.798882007598877,7.905907154083252,0.841433584690094,1.2719441652297974,-0.002244683913886547,174848.75225747368,1959.3050446305856,755011.2352708486,4342.109208422175,9.344469731331628e-07,0.0016276969108730555,0.004797299328921942,0.12834457039578892,0.5222756838634947,1.0,0.0,0.0,117.6948051948052,0.0,938.0,187.0,18.354047994837977,25.0,5.0,938.0,country
46.23831558227539,14.192083358764648,3.8109610080718994,4.0975117683410645,1.3957345485687256,-9.678133964538574,10.100964546203613,2.357301712036133,2.3484325408935547,0.39751628041267395,403689.31120339537,1481.956303793795,2644249.8322728453,3394.831090085288,8.159438039001543e-06,0.0028015775606036186,0.0010279093744664167,0.07258836953624734,0.6046823487481064,1.0,0.0,0.0,157.67045454545456,0.0,938.0,223.0,18.354047994837977,46.0,4.0,936.0,country
29.332582473754883,5.947816848754883,4.551892280578613,5.067903995513916,1.1187654733657837,-11.717987060546875,11.080634117126465,0.28278234601020813,2.105869770050049,0.32412707805633545,146781.77759014576,1414.265043680568,816268.470614979,3000.7829157782517,3.6319795526651433e-06,0.002395684365183115,0.0040671639376953835,0.07939932036247335,0.521500490065045,1.0,0.0,0.0,125.27901785714286,0.0,938.0,358.0,21.826764464562746,226.0,4.0,938.0,country
70.95439910888672,11.322813034057617,5.117319107055664,4.9989118576049805,3.289402723312378,-15.596169471740723,15.315951347351074,-0.03793145343661308,3.1820075511932373,-0.20441043376922607,138518.95209471122,883.678381392305,751492.5384372338,1666.4195762260129,1.0201310942647979e-05,0.0034380643628537655,0.00023865712910511075,0.052557906616471216,0.518791766907244,0.0,0.0,0.0,0.0,0.0,938.0,192.0,23.12465141947715,16.0,3.0,938.0,country
13.220230102539062,3.7988641262054443,2.011502742767334,3.1736316680908203,1.688637375831604,-2.5183801651000977,9.63383674621582,-2.890859842300415,1.2646586894989014,0.2327081561088562,87579.00097429955,1653.9273527937553,436211.804233571,3187.6249333688697,7.925483487269958e-07,0.001558859832584858,0.001326276334241541,0.13350379797441364,0.5728860376013543,1.0,0.0,0.0,110.31078431372549,0.0,938.0,318.0,27.5,76.0,6.0,938.0,country
83.36746978759766,11.038966178894043,6.5768046379089355,3.4021787643432617,6.09529447555542,-24.01251792907715,15.240832328796387,1.446257472038269,2.6136257648468018,0.5826535224914551,207097.09959861057,824.9987176213679,1134348.6537767989,1423.4075159914712,6.133903298177756e-06,0.0025096687022596598,0.0010023351691939289,0.04679639608875266,0.5887106834179809,0.0,0.0,0.0,0.0,0.0,938.0,164.0,25.956543598746574,4.0,3.0,938.0,country
22.4534912109375,8.609668731689453,3.4538986682891846,2.746168851852417,1.7265452146530151,-14.107637405395508,13.445603370666504,-0.6969389319419861,1.9040822982788086,0.2562907636165619,145116.3496887703,1091.747232876325,1047069.0546198745,2176.305970149254,4.211317445879104e-06,0.0027670259587466717,0.0003255867427385059,0.06736042860474413,0.6016662211529894,0.0,0.0,0.0,0.0,0.0,938.0,249.0,23.12465141947715,45.0,3.0,938.0,country
18.8636531829834,8.31503963470459,1.601806879043579,2.130840301513672,1.3126909732818604,-11.696685791015625,10.213517189025879,-0.5243639945983887,4.080052375793457,0.05082155391573906,147999.0383477455,1290.0983291312448,616550.9749744168,2711.7537313432836,4.3907480176130775e-06,0.002133870031684637,0.0006270943855752749,0.08168247767857142,0.6122338055778312,1.0,0.0,0.0,117.40196078431373,0.0,938.0,330.0,27.5,185.0,3.0,938.0,country
21.90411376953125,6.093278408050537,3.2374520301818848,2.447021961212158,1.424766182899475,-2.6334128379821777,8.470650672912598,-0.6929426789283752,1.6024667024612427,0.23516738414764404,187370.29236062782,1856.5791988905967,917273.8949874388,3927.8718017057568,2.2572821762878448e-06,0.0017011766321957111,0.006407838219336504,0.12497084888059702,0.5697718969972378,1.0,0.0,0.0,110.31078431372549,0.0,938.0,253.0,20.601722307054366,93.0,3.0,938.0,country
61.20994186401367,15.159167289733887,4.0549821853637695,3.496886730194092,2.55130672454834,-9.772978782653809,14.054981231689453,-1.6954562664031982,2.506397247314453,-0.5691778659820557,272155.3533245544,1210.232931874309,1276714.399056133,2361.698760660981,2.5249992177123204e-06,0.0018625130178406835,0.0018181046376538393,0.08121345698960554,0.5441013989129467,0.0,0.0,0.0,0.0,0.0,938.0,267.0,30.867706328507765,122.0,3.0,938.0,country
16.90833854675293,4.069839954376221,2.85595440864563,2.964165687561035,2.3762006759643555,-2.3181517124176025,10.12457275390625,-0.46225711703300476,1.2017782926559448,-1.0804328918457031,129419.55617328186,1618.1725369415342,781540.3804560276,3397.054904051173,1.3353661643122905e-06,0.0017166490433737636,4.429369402744889e-06,0.10903820045975479,0.5199278267842824,0.0,0.0,0.0,0.0,0.0,938.0,215.0,23.12465141947715,13.0,5.0,938.0,country
22.409896850585938,6.292160987854004,4.270678520202637,2.9471652507781982,1.9110685586929321,-9.059840202331543,10.218888282775879,0.1572417914867401,2.8021833896636963,0.41559144854545593,185723.7188226768,1461.1402152411547,1134650.2780695357,3135.2945095948826,1.7289810330112232e-06,0.0015718524809926748,0.0004532064508736773,0.0911128648054371,0.5877840149692595,0.0,0.0,0.0,0.0,0.0,938.0,270.0,23.12465141947715,110.0,3.0,938.0,country
117.2232894897461,13.215022087097168,3.183338165283203,2.7590572834014893,1.6567965745925903,-12.56917667388916,11.115882873535156,-0.6580074429512024,2.372523069381714,0.26980915665626526,365466.930771231,1463.63948440926,1510193.3636931705,3001.1244003198294,1.519694251328474e-06,0.0015345884021371603,1.8176163562716446e-07,0.09430022737873134,0.5682616056312929,0.0,0.0,0.0,0.0,0.0,938.0,360.0,24.499714748859326,181.0,3.0,938.0,country
12.116623878479004,2.9029440879821777,1.5355844497680664,1.9110336303710938,0.5584149360656738,0.5503754615783691,7.0579328536987305,0.08464983105659485,1.0951591730117798,0.9082518219947815,114532.06099883463,2035.225815756938,419537.10115987627,4506.5048640724945,6.761981126146566e-07,0.0014260329771786928,0.00017032473911550702,0.14683991454557568,0.597794707297514,1.0,0.0,0.0,98.4375,0.0,938.0,361.0,20.601722307054366,206.0,6.0,938.0,country
63.00089645385742,24.504146575927734,5.211799144744873,4.923457145690918,2.812377691268921,-9.144993782043457,12.972574234008789,-0.6487188935279846,2.9219906330108643,-0.936806321144104,350223.65997708385,1314.1533443021488,1531033.4069969233,2598.7723214285716,2.8191343517391942e-06,0.0024571409448981285,0.0027937212675107617,0.08947675822894456,0.5160028512875345,1.0,0.0,0.0,144.24743589743588,0.0,938.0,257.0,27.5,92.0,4.0,938.0,country
13.948318481445312,3.9899635314941406,2.028552770614624,2.4147226810455322,1.8443078994750977,-3.7239041328430176,11.59601879119873,-3.018629550933838,1.574048638343811,-1.682808518409729,68709.0441806635,1455.8231317180691,335406.922558524,2849.705157249467,5.467779260470707e-07,0.0015786685980856419,0.0021489275509243445,0.11862215151918977,0.4961284861445247,0.0,0.0,0.0,0.0,0.0,938.0,220.0,21.826764464562746,1.0,5.0,938.0,country
76.61546325683594,10.374422073364258,5.3454813957214355,3.227140426635742,2.190394163131714,-21.926380157470703,13.075455665588379,-0.0574052631855011,1.870029091835022,-0.04238029941916466,276396.7322804389,1121.7457533706609,1427912.110711907,2216.309634861407,2.4820974431349896e-06,0.0016052229329943657,0.0023895265079335974,0.06635159165111941,0.5387775104695715,0.0,0.0,0.0,0.0,0.0,938.0,187.0,20.601722307054366,33.0,3.0,938.0,country
51.22456359863281,18.152591705322266,4.8260393142700195,3.8241841793060303,3.568786382675171,-13.612869262695312,16.294673919677734,0.23127776384353638,1.9114347696304321,-0.1036042720079422,235673.7318728876,934.5034420500652,1306154.6876380749,1709.5882196162047,3.067813395318808e-06,0.0019421506440266967,0.0001215702581971226,0.06180714035847548,0.5568252695357747,0.0,0.0,0.0,0.0,0.0,938.0,219.0,24.499714748859326,20.0,4.0,938.0,country
23.792036056518555,5.984042644500732,4.653369426727295,2.2093660831451416,2.6507654190063477,-3.181178569793701,8.495359420776367,0.45215490460395813,2.031202793121338,0.7168970108032227,400287.7639375607,1872.037167746664,1990968.8915844918,4081.889658848614,1.764893340805429e-06,0.0018380347173660994,0.005765732312343254,0.11060038812633262,0.5586429653390359,1.0,0.0,0.0,98.70087719298246,0.0,938.0,241.0,27.5,82.0,3.0,938.0,country
18.35504913330078,4.154876708984375,2.8388772010803223,3.0186867713928223,1.2235928773880005,-1.1834142208099365,7.909509658813477,0.060647185891866684,2.7669289112091064,0.3089570999145508,245876.57495802292,1909.2124025636203,1001535.9143794464,3988.147987739872,1.1268070920777973e-06,0.0015484390314668417,7.862627562348603e-05,0.1268750416444563,0.5444399893076717,0.0,0.0,0.0,0.0,0.0,938.0,244.0,20.601722307054366,52.0,3.0,938.0,country
11.59131908416748,3.6893951892852783,3.5804502964019775,3.5362513065338135,1.3097294569015503,-0.940585196018219,7.323696613311768,0.8248001933097839,2.8645663261413574,0.3008193373680115,196314.23128542208,2037.2441956965888,740794.3351193728,4325.268190298508,1.0217192993877688e-06,0.0015603539068251848,0.002316652985191793,0.1326042777185501,0.5387507796489354,1.0,0.0,0.0,117.20416666666667,0.0,938.0,237.0,24.499714748859326,108.0,4.0,938.0,country
30.865589141845703,6.647269248962402,3.9221785068511963,3.3951056003570557,1.729616403579712,-6.955809116363525,11.172017097473145,-0.1684853434562683,3.0601234436035156,0.2664750814437866,199990.8673177833,1362.7990592471458,1071837.5737236738,2790.703291577825,1.3734645563090453e-06,0.0016406683716922998,0.00010553795632733285,0.07814426056103412,0.5467655707030205,1.0,0.0,0.0,134.36234817813767,0.0,938.0,195.0,25.956543598746574,59.0,3.0,938.0,country
16.62702178955078,4.247690200805664,2.78804874420166,3.3126251697540283,1.4220974445343018,-0.7376473546028137,8.256036758422852,0.08273693919181824,3.4567012786865234,0.04926864430308342,180174.39325796027,1830.6934383711257,637955.3581689845,3795.134261727079,1.278788772651751e-06,0.001785725587978959,0.0012435500508017308,0.12120150503065032,0.5398868395259735,0.0,0.0,0.0,0.0,0.0,938.0,156.0,24.499714748859326,3.0,4.0,938.0,country
30.73223304748535,5.4540486335754395,6.949383735656738,3.158381938934326,2.5003366470336914,-6.244552135467529,9.753074645996094,-0.48531436920166016,2.9563422203063965,0.41392526030540466,221759.9361064798,1523.1935401082153,851970.3873041876,3169.1098081023456,1.8664644585442147e-06,0.001613887958228588,3.5749670434477465e-05,0.09142832156183368,0.5498440702129556,1.0,0.0,0.0,99.75961538461539,0.0,938.0,320.0,20.601722307054366,151.0,3.0,938.0,country
25.506114959716797,5.411296844482422,3.732909679412842,3.1838033199310303,1.9608039855957031,-4.9202656745910645,8.350266456604004,0.5623293519020081,3.398939847946167,0.374487042427063,185364.88254925387,1730.6891010365323,843699.9334185946,3736.590485074627,3.2855609788384754e-06,0.002168723614886403,0.00356246591783319,0.10119030267190832,0.5762585761382873,1.0,0.0,0.0,117.20416666666667,0.0,938.0,203.0,21.826764464562746,51.0,4.0,938.0,country
46.0618782043457,7.483245849609375,3.9258909225463867,4.140336990356445,2.0716967582702637,-7.9372100830078125,10.242852210998535,-0.5700274705886841,2.7856736183166504,0.20396535098552704,229233.77117149887,1490.094493025524,1035613.0501166082,3004.047841151386,1.452969172532903e-06,0.0016557363560423255,0.00022630807404035568,0.09677286697094882,0.5556446582910096,0.0,0.0,0.0,0.0,0.0,938.0,218.0,24.499714748859326,33.0,3.0,938.0,country
26.24021339416504,4.1640706062316895,4.487438201904297,3.0641367435455322,1.9026777744293213,-5.035392761230469,9.60849666595459,0.5019518733024597,2.966785430908203,0.46337053179740906,154165.9709833219,1509.0044324873998,895517.4752458781,3300.772921108742,1.6461182212879066e-06,0.0016618921654298902,0.00030946648214476015,0.08497447194829424,0.5314265347946182,1.0,0.0,0.0,104.18333333333334,0.0,938.0,191.0,20.601722307054366,59.0,4.0,938.0,country
45.151729583740234,8.952584266662598,3.3374507427215576,2.7676193714141846,2.6636927127838135,-11.689173698425293,12.042573928833008,-0.25679874420166016,2.7591617107391357,0.6079869270324707,306782.98802781437,1212.4330869650291,1285961.0668553177,2392.523987206823,2.5516926598356804e-06,0.0018757253419607878,0.0003975990627594792,0.06730316747734541,0.5620244141495144,0.0,0.0,0.0,0.0,0.0,938.0,207.0,27.5,58.0,3.0,938.0,country
13.326401710510254,5.208425998687744,2.947690010070801,2.297109842300415,1.2996609210968018,-2.3601455688476562,8.243256568908691,-0.6489248871803284,3.441532850265503,0.14855124056339264,198961.91415879506,1807.1781351099928,698619.2579620294,3676.7890458422175,9.526071380605572e-07,0.0014145283494144678,0.0019552849613231342,0.129179541744403,0.5559164216341441,1.0,0.0,0.0,133.9452380952381,0.0,938.0,212.0,23.12465141947715,23.0,4.0,938.0,country
41.46760559082031,6.807790279388428,3.8018383979797363,3.5526177883148193,3.352262020111084,-10.665231704711914,10.00021743774414,-0.234396830201149,3.214801073074341,-0.11962861567735672,244115.21150589953,1482.663040864712,950568.7604381961,3099.213752665245,1.7091412018999108e-06,0.0015018497360870242,0.000399344784794831,0.0844367379064499,0.5451706317383943,1.0,0.0,0.0,117.40196078431373,0.0,938.0,263.0,19.445436482630058,41.0,4.0,937.0,country
4.343845844268799,1.802621841430664,1.3120568990707397,0.921477735042572,0.5638001561164856,1.1915639638900757,6.2241902351379395,0.7408829927444458,3.6280136108398438,0.1528174877166748,96397.80151034487,2176.751067269066,228381.44046001072,4529.825759594883,6.033384920556273e-07,0.0012278107460588217,0.0010671638040294046,0.15864403568097016,0.6153791321393567,1.0,0.0,0.0,109.68379446640316,0.0,938.0,186.0,24.499714748859326,23.0,4.0,938.0,country
42.08534622192383,6.938197612762451,3.8191277980804443,4.463382244110107,3.38651180267334,-10.58798885345459,10.831275939941406,0.22844767570495605,3.156217575073242,-0.8849241733551025,240086.34809702006,1472.825162596281,750745.4779448118,2954.1244669509597,3.6222227208781987e-06,0.0022246199660003185,4.882402721285028e-05,0.09048351295975479,0.5238572574178028,0.0,0.0,0.0,0.0,0.0,938.0,206.0,24.499714748859326,5.0,4.0,938.0,country
15.63390827178955,7.258382320404053,5.161837577819824,2.8451085090637207,1.8426461219787598,-2.616983413696289,10.44373607635498,-0.38049590587615967,3.3791418075561523,0.8486913442611694,273374.5372488991,1431.3717109451795,1239903.4336537926,3058.768656716418,1.4672758652523044e-06,0.001857058610767126,1.424722322575523e-05,0.08313951309301706,0.5456829724672547,0.0,0.0,0.0,0.0,0.0,938.0,276.0,24.499714748859326,135.0,4.0,938.0,country
21.554147720336914,6.540549278259277,3.0711781978607178,2.9929616451263428,2.3202178478240967,-4.27067756652832,10.20236587524414,-0.3275509774684906,3.028017044067383,0.4167487919330597,320262.0013028415,1510.7512790569122,1080737.9329616067,3165.3618070362472,3.829704382951604e-06,0.002054121345281601,0.03748030566117143,0.08813997118203624,0.5520760937360777,0.0,0.0,0.0,0.0,0.0,938.0,190.0,24.499714748859326,45.0,4.0,935.0,country
18.559551239013672,4.685198783874512,4.065934658050537,2.1768131256103516,1.2788677215576172,0.6777101755142212,9.374279975891113,-1.7410671710968018,2.9537768363952637,0.7102288603782654,219066.69928146212,1662.3602159604384,935477.14890822,3355.102278784648,1.0799089977808762e-06,0.0014659937005490065,0.00020565823141289116,0.12726077342084222,0.5115388042412902,0.0,0.0,0.0,0.0,0.0,938.0,255.0,18.354047994837977,61.0,4.0,938.0,country
33.29458236694336,8.491393089294434,4.869268417358398,3.9401824474334717,1.8544297218322754,-6.665245532989502,10.062643051147461,-0.2917630076408386,3.923581600189209,0.8670629858970642,408627.8837713326,1484.6207488194636,1383267.97625133,3070.412446695096,2.173183247577981e-06,0.0016464459476992488,0.0008210809010304029,0.08609158448827292,0.5260670052570614,0.0,0.0,0.0,0.0,0.0,938.0,319.0,21.826764464562746,166.0,4.0,936.0,country
16.68296241760254,5.461261749267578,4.131735801696777,3.3975281715393066,1.8689919710159302,-4.435370922088623,10.794302940368652,-0.25773885846138,3.101600408554077,0.17770400643348694,195056.1905520918,1378.849188699804,907263.3116931851,2930.212220149254,4.427180101629347e-06,0.002331656403839588,0.001680787261861766,0.08152474930037314,0.5307137129109863,1.0,0.0,0.0,125.17755681818181,0.0,938.0,236.0,24.499714748859326,67.0,4.0,938.0,country
14.100954055786133,5.473642826080322,2.8030502796173096,1.9566606283187866,1.199268102645874,2.044231653213501,7.528895854949951,-0.1134507805109024,2.2757623195648193,0.19086477160453796,239862.03769000777,1979.4043138008108,857823.0777695925,4125.816231343284,8.500103945152659e-07,0.001509317895397544,0.0008629187612651371,0.13728563516124734,0.5548338233983784,0.0,0.0,0.0,0.0,0.0,938.0,302.0,23.12465141947715,164.0,3.0,937.0,country
32.62004852294922,12.09923267364502,5.496978759765625,2.345505952835083,1.092300295829773,-5.767594814300537,8.72240161895752,1.0537458658218384,0.9901407957077026,1.2684309482574463,520606.17389619694,1829.8753423908495,2141527.2867721887,3932.8805069002124,4.0056847865344025e-06,0.002044979715719819,0.0027749039425745167,0.11664220076963906,0.5441058540497192,0.0,0.0,0.0,0.0,0.0,942.0,336.0,20.601722307054366,175.0,3.0,941.0,disco
8.023882865905762,2.6866612434387207,4.611517906188965,2.1388702392578125,1.736326813697815,1.7256232500076294,4.4263529777526855,-0.898449182510376,1.461625576019287,1.0218695402145386,202416.40308828498,2620.4125525701656,755225.9373479973,5114.666005291006,7.917314519545471e-07,0.0013102975208312273,0.01270896940695065,0.21869109623015873,0.56741512964448,1.0,0.0,0.0,117.20416666666667,0.0,945.0,283.0,20.601722307054366,151.0,3.0,945.0,disco
9.192524909973145,2.350961208343506,1.583004117012024,2.0013515949249268,1.0996558666229248,-1.4050902128219604,6.545592308044434,1.1874743700027466,1.6283037662506104,1.2869560718536377,127913.28987425545,2287.0015788187993,495294.4223574053,5254.122801172708,1.5978633882696158e-06,0.0018042288720607758,0.0014876089335895911,0.12841328374866737,0.6188274080014257,0.0,0.0,0.0,0.0,0.0,938.0,169.0,20.601722307054366,32.0,3.0,936.0,disco
24.45464515686035,3.7464020252227783,5.374783515930176,1.6838154792785645,1.6872371435165405,-0.1171511560678482,3.9494054317474365,1.212096929550171,2.8640077114105225,1.4679826498031616,355100.6125859507,2549.3637210813654,913676.0186248289,5274.641961457233,2.314615130671882e-06,0.0016956243198364973,0.006202767690295728,0.17153108913014783,0.536799429742493,1.0,0.0,0.0,125.01666666666667,0.0,947.0,237.0,21.826764464562746,45.0,3.0,943.0,disco
17.214706420898438,2.5201303958892822,3.85532808303833,2.311495304107666,2.14350962638855,-3.6469314098358154,6.412111282348633,0.0004612597986124456,0.03843182697892189,0.15747080743312836,193252.75626023955,2328.2684524357924,807722.8126503506,5035.439432302772,1.335908677901898e-06,0.001612342894077301,0.00269981958074852,0.1764715068630064,0.6365187561258131,0.0,0.0,0.0,0.0,0.0,938.0,221.0,30.867706328507765,93.0,5.0,938.0,disco
10.228504180908203,3.934645414352417,3.3724100589752197,2.4182374477386475,1.186448574066162,2.176722526550293,6.174810886383057,-0.7796419858932495,2.285403251647949,-0.329214870929718,225285.37731429902,2236.719787932989,792037.8388613912,4312.170010559662,5.860658802703256e-07,0.0013858061283826828,0.003037201883553585,0.17815768957893346,0.5425376459057294,1.0,0.0,0.0,110.17628205128204,0.0,947.0,179.0,20.601722307054366,54.0,3.0,947.0,disco
5.973712921142578,1.606323003768921,1.9796359539031982,2.0237669944763184,1.1400083303451538,3.0767464637756348,5.11762809753418,-0.559917688369751,1.9506829977035522,-0.4613560140132904,62936.81224001971,2424.4173417896886,228684.42656365075,4624.200426439233,2.9651280897269316e-07,0.0009956937283277512,0.0009110679350543961,0.20498858941897655,0.5897130891918382,1.0,0.0,0.0,125.01666666666667,0.0,938.0,235.0,25.956543598746574,94.0,3.0,938.0,disco
10.334024429321289,5.54337215423584,3.066082239151001,2.31522274017334,1.2785582542419434,-0.5677159428596497,4.9268479347229,0.5562613606452942,1.9643558263778687,0.5632339119911194,245165.77099340863,2545.044780781315,565606.8138620533,5048.798973880597,9.165508458863769e-07,0.0013832167023792863,0.00026133494470331075,0.1675330448760661,0.6787222667735898,0.0,0.0,0.0,0.0,0.0,938.0,175.0,27.5,39.0,4.0,934.0,disco
12.019840240478516,2.2480552196502686,3.9110300540924072,2.254976511001587,1.3803255558013916,1.6474332809448242,4.715165615081787,-1.5302071571350098,2.4140784740448,0.4772763252258301,150837.50963016262,2400.3247072862073,557892.0481472024,4582.607038706256,7.96594065377576e-07,0.0014595183311030269,0.007768330188420471,0.20874360004639447,0.5751759779025215,0.0,0.0,0.0,0.0,0.0,943.0,178.0,19.445436482630058,42.0,6.0,943.0,disco
25.390209197998047,3.638024091720581,3.139059066772461,2.5720510482788086,0.9800868630409241,-1.8507544994354248,5.005300998687744,-0.6617047190666199,2.5817089080810547,0.8205913305282593,203936.65704002295,2495.424034367045,747798.6057938831,4946.137060234541,7.327221851483046e-07,0.0011817230843007565,0.00037545436975178914,0.20834148870602345,0.5686670230776084,1.0,0.0,0.0,124.99999999999999,0.0,938.0,250.0,18.354047994837977,67.0,4.0,938.0,disco
7.623791217803955,2.38368821144104,2.13515043258667,2.375415086746216,1.385131597518921,3.3261754512786865,4.754970550537109,-0.8662266731262207,1.9324532747268677,0.6205613017082214,166067.7167995279,2375.8843080439697,517982.8956295271,4799.340351812367,9.341404165752465e-07,0.0013076623436063528,0.0016455471595052142,0.1831434693163646,0.4975674953221063,0.0,0.0,0.0,0.0,0.0,938.0,162.0,19.445436482630058,39.0,3.0,936.0,disco
11.457185745239258,3.6167049407958984,2.9446303844451904,1.697651743888855,1.5203934907913208,-0.05458839237689972,6.557178974151611,1.197821855545044,0.8665819764137268,1.048897624015808,280198.47470189194,2349.3101763495883,848243.0011873909,5245.035980810235,1.647509861868457e-06,0.0017711196560412645,1.18252833913713e-05,0.14255730277185502,0.49540229885057474,0.0,0.0,0.0,0.0,0.0,938.0,196.0,27.5,20.0,3.0,938.0,disco
17.27033233642578,4.111599445343018,3.5531210899353027,3.2382853031158447,1.8862874507904053,-0.9933106303215027,5.6490960121154785,-1.1622247695922852,2.0152080059051514,0.8498091697692871,237523.62793113428,2222.1158159529305,908128.0743409601,4477.675013283741,1.6945460856732097e-06,0.0018512269016355276,0.012460473329922483,0.15947805276965993,0.47886928628708897,0.0,0.0,0.0,0.0,0.0,941.0,167.0,16.351597831287414,14.0,3.0,937.0,disco
20.1461124420166,2.012817621231079,2.6859195232391357,2.142789363861084,0.953230619430542,-0.5080022811889648,5.608623027801514,2.742371082305908,2.117624044418335,0.2982475161552429,174038.20089384026,2481.8188351911945,362245.27457124594,5405.525386460555,8.363483061657462e-07,0.0013468838296830654,0.002020735148704236,0.16897602528651387,0.6077831239419049,0.0,0.0,0.0,0.0,0.0,938.0,230.0,20.601722307054366,61.0,3.0,938.0,disco
6.017709732055664,2.533172845840454,1.8298460245132446,0.9310343265533447,0.5058504939079285,1.7938237190246582,5.474641799926758,0.42758283019065857,1.838090181350708,0.025859439745545387,138327.324906903,2464.203729985729,374164.2786183012,5003.86460554371,3.3410452715543215e-07,0.0010175311472266912,0.02275329291291848,0.18160366554504265,0.5521161899670319,1.0,0.0,0.0,104.18333333333334,0.0,938.0,333.0,21.826764464562746,218.0,3.0,938.0,disco
13.416951179504395,6.8870344161987305,3.292942523956299,2.5620527267456055,1.078743577003479,-0.1012405976653099,10.143362045288086,0.9685568809509277,0.830718994140625,-0.40855082869529724,218030.9964323117,1624.6285880073356,1728160.1917299223,3578.6580490405117,1.0432084991407464e-06,0.0016804867191240191,0.0008499395170362714,0.0977994028184968,0.5778000534616411,1.0,0.0,0.0,125.65104166666666,0.0,938.0,180.0,30.867706328507765,18.0,4.0,938.0,disco
11.985785484313965,3.4812724590301514,2.785766839981079,2.0372583866119385,0.9424428939819336,0.9393056631088257,7.015547275543213,0.029830560088157654,2.65527081489563,0.21483102440834045,182565.6331103313,2031.8271477096994,896788.4254398355,4250.998218057022,7.837041380298615e-07,0.001495493808761239,0.0054143068244266535,0.13510541100184795,0.5582642787133565,1.0,0.0,0.0,125.01666666666667,0.0,947.0,238.0,20.601722307054366,46.0,3.0,947.0,disco
21.33244514465332,4.495504379272461,2.9462947845458984,1.8420155048370361,1.3703303337097168,-4.795144557952881,8.353804588317871,0.3204990029335022,1.8057087659835815,0.012515850365161896,212884.7450323599,1921.8680691494098,1152229.5768865745,4095.0909514925374,1.27230657653854e-06,0.0015796585939824581,0.001986204654627477,0.13245748101012794,0.6990911520983694,1.0,0.0,0.0,125.01666666666667,0.0,938.0,202.0,16.351597831287414,29.0,4.0,938.0,disco
24.104841232299805,5.089649200439453,3.296077013015747,3.289418935775757,3.1132874488830566,-2.38045072555542,7.274050712585449,-0.0929807797074318,0.07539748400449753,0.745408296585083,203592.67288444634,2163.508266835253,1166257.6687650247,4608.91691098081,1.9435178728599567e-06,0.0017985361628234386,4.707942377567609e-05,0.1567637884794776,0.5199590127416912,1.0,0.0,0.0,125.01666666666667,0.0,938.0,218.0,25.956543598746574,95.0,4.0,938.0,disco
62.04719543457031,9.511459350585938,4.451577663421631,3.611907958984375,2.2159998416900635,-3.870903730392456,9.0132474899292,-2.825409173965454,2.154139280319214,1.137039303779602,271563.53933454986,1714.8387017230605,1556302.4272987465,3415.6033448827293,5.1466076911310665e-06,0.0020401477813720703,9.783344229214313e-05,0.12633938982542645,0.577492649024325,1.0,0.0,0.0,117.20416666666667,0.0,938.0,161.0,29.135235094880613,24.0,3.0,936.0,disco
13.852755546569824,7.337628364562988,4.113269805908203,3.1977293491363525,1.656473994255066,-3.008127212524414,8.077659606933594,0.002473557600751519,1.9165819883346558,-0.159161776304245,337526.4722831385,1952.6691378087103,1245135.8234496862,4075.1765724946695,1.236939510818047e-06,0.0017957973759621382,0.005281775233386377,0.1351758228944563,0.5061792747037334,0.0,0.0,0.0,0.0,0.0,938.0,195.0,30.867706328507765,55.0,3.0,938.0,disco
18.379901885986328,3.203476905822754,7.418604373931885,1.538221836090088,1.2955824136734009,-7.339053630828857,7.668749809265137,2.0929341316223145,1.134219765663147,0.9626362919807434,200469.19986979762,2077.363885001635,1246169.8748895756,4958.188965884861,2.660531436049496e-06,0.0022230776958167553,0.002016805805964587,0.11180339235740938,0.6042858415753363,1.0,0.0,0.0,110.31078431372549,0.0,938.0,288.0,16.351597831287414,104.0,3.0,934.0,disco
15.627545356750488,2.696289300918579,1.512050986289978,2.2292511463165283,1.717649221420288,-3.5905039310455322,5.192429542541504,2.3038647174835205,2.4788026809692383,0.16870275139808655,228123.615971054,2523.4916596618655,488367.0615682519,5359.899720149254,1.5262065744536812e-06,0.0015593739226460457,0.0006997929395639869,0.1631723497468017,0.7308785529715763,1.0,0.0,0.0,117.20416666666667,0.0,938.0,248.0,23.12465141947715,5.0,3.0,933.0,disco
17.08281135559082,5.47154426574707,2.161206007003784,2.5717921257019043,1.3233574628829956,0.4881610870361328,5.808899879455566,0.8104588389396667,1.8443180322647095,0.23562636971473694,346455.94147119316,2380.3085135265164,923899.4652723061,4963.819296375266,1.7682127690932248e-06,0.00146593211684376,0.0013193090978033104,0.1652285447761194,0.49192729216786957,1.0,0.0,0.0,117.20416666666667,0.0,938.0,146.0,19.445436482630058,4.0,4.0,938.0,disco
15.720726013183594,2.8158857822418213,2.1111583709716797,1.5308022499084473,1.0217256546020508,-1.873842716217041,8.004530906677246,-1.7735713720321655,0.8844137787818909,0.36542317271232605,102728.84462230079,1970.9573384265616,651537.7951921555,3950.959488272921,1.5533148598478874e-06,0.0016398762818425894,0.004054293278783169,0.14179833255597016,0.6315423683507083,0.0,0.0,0.0,0.0,0.0,938.0,203.0,25.956543598746574,14.0,5.0,938.0,disco
28.143415451049805,5.571021556854248,1.8730775117874146,2.4792094230651855,0.945819079875946,-6.405776023864746,8.56177043914795,-0.5599362254142761,1.4294909238815308,-0.36364367604255676,209848.70409591775,1854.6007465398632,820639.6512234166,3816.631130063966,4.12214239986497e-06,0.002487105317413807,0.0014264912482066414,0.11750451842350747,0.6173883988238439,1.0,0.0,0.0,125.01666666666667,0.0,938.0,224.0,16.351597831287414,94.0,4.0,938.0,disco
16.5992488861084,3.443307638168335,2.873567819595337,3.198037624359131,1.1970478296279907,-2.404644012451172,6.3763508796691895,0.9600642919540405,1.715244174003601,0.6391628384590149,300107.13288407936,2250.4754797875726,955082.9787102173,4880.347148187633,3.767263024201384e-06,0.002041684929281473,5.366046609011055e-08,0.140881633961887,0.5215361311592266,1.0,0.0,0.0,117.20416666666667,0.0,938.0,200.0,24.499714748859326,69.0,4.0,937.0,disco
58.19219207763672,8.048272132873535,9.545999526977539,3.8000545501708984,2.5723507404327393,-10.897431373596191,5.8590779304504395,2.3176300525665283,2.932858467102051,1.9000358581542969,628443.4429633308,2054.560972094844,2044916.2282470316,4525.553038379531,1.3241141459729988e-05,0.003285607323050499,0.004711300434496236,0.10428344466284648,0.5510380468680388,1.0,0.0,0.0,110.31078431372549,0.0,938.0,324.0,20.601722307054366,217.0,3.0,921.0,disco
12.104385375976562,2.1569504737854004,2.4955484867095947,1.4849706888198853,1.0073626041412354,0.6451045274734497,5.352206707000732,0.2339600920677185,1.5078777074813843,1.3469654321670532,217969.68963205095,2514.3330005598623,679168.0001836839,5336.362273454158,3.541223065894883e-07,0.0010862273629754782,2.8775999075968953e-05,0.1826104202758529,0.6476521429207877,0.0,0.0,0.0,0.0,0.0,938.0,223.0,24.499714748859326,84.0,3.0,938.0,disco
13.74997615814209,2.857651948928833,1.8497340679168701,2.428596019744873,1.2745091915130615,-1.3432965278625488,6.954411506652832,-0.920185387134552,0.9557519555091858,0.09809509664773941,95623.24036896732,2137.990091087728,372800.17821341055,4365.9048507462685,1.1795182217611e-06,0.0017532320925965905,1.0036870360086593e-05,0.14916419576226012,0.5847990733315512,1.0,0.0,0.0,104.18333333333334,0.0,938.0,194.0,20.601722307054366,34.0,3.0,938.0,disco
13.011222839355469,2.4242923259735107,1.6581777334213257,1.716877818107605,1.4730608463287354,-0.6378623843193054,6.09523868560791,0.5325774550437927,1.8995871543884277,1.300411581993103,209340.39938903667,2258.752030363046,676655.8485821821,4931.911313965885,1.2491793768276693e-06,0.0013765712501481175,0.012631759302295528,0.1553598497468017,0.6955760491847099,1.0,0.0,0.0,133.9452380952381,0.0,938.0,269.0,20.601722307054366,141.0,3.0,938.0,disco
18.236671447753906,2.340916395187378,2.881875514984131,2.0860166549682617,1.6572132110595703,-2.09262752532959,5.48397159576416,-0.7476387619972229,1.6348835229873657,0.48085013031959534,116632.64333064263,2442.4686520776163,462637.3405199352,4861.906982942431,4.856474902226182e-07,0.001083037699572742,0.012047532513508635,0.19716359608208955,0.5747750155929787,1.0,0.0,0.0,125.01666666666667,0.0,938.0,188.0,24.499714748859326,54.0,3.0,938.0,disco
35.822044372558594,5.556023597717285,3.4904439449310303,3.081956386566162,1.3912036418914795,-5.80458402633667,7.532654285430908,-2.45656418800354,0.7426728010177612,1.0415077209472656,194985.2210862124,1959.3005574452575,878587.7742425076,3839.602212153518,1.8438626057104557e-06,0.0018942325841635466,0.0012569128514521985,0.1526404667510661,0.6208233092755947,1.0,0.0,0.0,110.31078431372549,0.0,938.0,262.0,27.5,124.0,6.0,937.0,disco
13.24752426147461,3.247504711151123,3.7028136253356934,1.5876890420913696,1.265722393989563,-0.14375168085098267,6.6822004318237305,-0.40357860922813416,2.6331064701080322,-0.2952999472618103,191873.92872102285,2112.6100874852677,778016.1107489519,4335.129597547974,6.27670772246347e-07,0.0012948914663866162,0.0004379552502858263,0.15666956789712153,0.5138242894056847,0.0,0.0,0.0,0.0,0.0,938.0,317.0,21.826764464562746,188.0,5.0,938.0,disco
14.031145095825195,1.8032017946243286,3.3823540210723877,3.407433032989502,1.4289360046386719,-2.5343658924102783,5.733608722686768,1.252429485321045,0.9246041178703308,0.793660581111908,120181.57779224776,2549.8125966350435,353856.18081026647,5504.331023454158,5.623869014925731e-07,0.001367286778986454,0.0014587581491258548,0.18174838003065033,0.5859217677982715,0.0,0.0,0.0,0.0,0.0,938.0,169.0,23.12465141947715,31.0,4.0,938.0,disco
12.676782608032227,2.8855631351470947,2.9121973514556885,1.8698339462280273,1.1499698162078857,-1.4585596323013306,6.025674819946289,0.6698404550552368,1.105757713317871,1.0973575115203857,283916.7046957056,2452.9143517348134,825501.8799214379,5381.871335287847,1.3912866734244744e-06,0.001596137648448348,0.005567149196244969,0.17275786247334754,0.6541521874721554,1.0,0.0,0.0,125.01666666666667,0.0,938.0,192.0,19.445436482630058,43.0,3.0,938.0,disco
10.476213455200195,3.014747142791748,2.2918076515197754,1.3393876552581787,0.9437534213066101,1.3160606622695923,5.161317825317383,0.5642961859703064,1.1611223220825195,0.6092350482940674,149681.06571566226,2557.7746646895494,386039.24645539524,5376.074426972282,5.749935780841042e-07,0.0012100101448595524,0.0019960069209691536,0.17309466201359275,0.6096899224806202,1.0,0.0,0.0,133.9452380952381,0.0,938.0,234.0,24.499714748859326,70.0,3.0,938.0,disco
12.72714900970459,1.9564510583877563,1.5949301719665527,1.4826537370681763,0.9990588426589966,0.3813531696796417,5.042245388031006,-0.05378548055887222,1.6323944330215454,1.263062834739685,152975.10339143695,2507.6405250379366,390208.40087978315,5306.636460554371,9.85582005341712e-07,0.0012651451397687197,0.00911082763227601,0.19115378048374201,0.6852401318720482,0.0,0.0,0.0,0.0,0.0,938.0,390.0,23.12465141947715,299.0,3.0,938.0,disco
13.668529510498047,2.4482078552246094,4.213216781616211,2.9463460445404053,1.7429934740066528,-3.017188549041748,5.4835124015808105,-0.933566153049469,1.2115991115570068,0.25262781977653503,137759.39735773703,2429.914589589556,510005.9496964093,4882.262793176972,9.619508318792214e-07,0.0013883676147088408,0.013259892512492679,0.18399926289312366,0.6027042680210282,1.0,0.0,0.0,125.01666666666667,0.0,938.0,191.0,24.499714748859326,37.0,3.0,938.0,disco
12.107965469360352,2.593214750289917,6.221704959869385,2.6658945083618164,1.818867802619934,-3.4864501953125,7.759169101715088,-0.9738495349884033,1.8887442350387573,-1.1289427280426025,119325.25563452457,1928.9305467004137,545755.3161063078,4081.997934434968,1.7102936453738948e-06,0.0018401064444333315,0.0014149149426034733,0.12794738639392325,0.6430232558139536,1.0,0.0,0.0,110.31078431372549,0.0,938.0,211.0,27.5,15.0,5.0,938.0,disco
19.273818969726562,4.555771827697754,2.37764048576355,3.038006067276001,1.2645454406738281,-2.5786752700805664,6.571084499359131,-0.15283340215682983,1.1704896688461304,-0.09725885093212128,190245.50256128053,2154.966452886221,647182.3414844394,4489.364005863539,9.614648206479615e-07,0.001635673106648028,0.00040124029899494244,0.15577317097547974,0.6561079925153701,1.0,0.0,0.0,133.9452380952381,0.0,938.0,243.0,24.499714748859326,93.0,3.0,937.0,disco
28.96215057373047,6.427082061767578,3.2619717121124268,2.5900497436523438,1.332483172416687,-6.188399314880371,11.581782341003418,1.9325993061065674,2.1613283157348633,0.3851547837257385,241184.1224347595,1296.3111618266696,1711023.2945724968,2759.678171641791,3.35305480803072e-06,0.0022773926611989737,3.807713506017572e-05,0.06218870768923241,0.5578766818141317,1.0,0.0,0.0,156.26666666666665,0.0,938.0,338.0,27.5,186.0,4.0,938.0,disco
22.774070739746094,3.4016711711883545,3.6454555988311768,1.1377075910568237,0.7913614511489868,-1.0862858295440674,7.48088264465332,-1.1708482503890991,1.2391530275344849,-0.08022451400756836,144754.76360153485,2043.8648009813544,785400.9702843096,4149.2870469083155,4.994308824279869e-07,0.0011599311837926507,0.005463851328422594,0.1554608375533049,0.5767308206361934,0.0,0.0,0.0,0.0,0.0,938.0,245.0,18.354047994837977,40.0,5.0,938.0,disco
24.469728469848633,6.706489562988281,3.784482955932617,1.8315320014953613,2.0927956104278564,-1.355788230895996,6.9988203048706055,0.3750492036342621,2.020595073699951,0.07586228847503662,329071.20423487824,2087.5225981593103,1392705.9004059997,4393.86493869936,3.169313686157693e-06,0.001985304756090045,0.0052420511381043216,0.14173794809434967,0.6311102200837565,0.0,0.0,0.0,0.0,0.0,938.0,157.0,24.499714748859326,9.0,3.0,938.0,disco
27.558250427246094,5.962313652038574,3.0241281986236572,3.218766689300537,1.8414756059646606,-1.6144474744796753,8.866999626159668,-1.7935082912445068,1.2322126626968384,-0.02151590585708618,161240.64147708862,1845.7745213834414,936283.7616252187,3604.7524653518126,1.279354023608903e-06,0.0016451393021270633,0.00013236045998905397,0.13357511410581024,0.5647776886750423,1.0,0.0,0.0,125.01666666666667,0.0,938.0,217.0,19.445436482630058,48.0,5.0,938.0,disco
24.053321838378906,7.320681095123291,2.3295745849609375,2.634222984313965,1.422102689743042,-3.158761501312256,8.810186386108398,-0.6572070121765137,1.2222775220870972,0.06507442146539688,302382.02986256115,1811.8349983347894,1402915.2167312698,3770.9305037313434,1.0049481034002383e-06,0.0015244445530697703,0.0007861390503323851,0.1310655150586354,0.627020404526419,1.0,0.0,0.0,125.01666666666667,0.0,938.0,219.0,24.499714748859326,50.0,4.0,938.0,disco
22.99287986755371,3.560108184814453,4.898166656494141,3.870022773742676,1.747822880744934,-5.525244235992432,7.297948837280273,-0.1194717139005661,1.27028489112854,0.03607300668954849,142740.6065330104,2007.9390902972762,715567.7645257862,4332.36440565032,1.7689043261270854e-06,0.002096507465466857,0.009948489844679,0.14075774170442432,0.6023879533101666,0.0,0.0,0.0,0.0,0.0,938.0,276.0,24.499714748859326,151.0,3.0,938.0,disco
48.82190704345703,5.907783031463623,8.675479888916016,5.168577194213867,2.171403408050537,-17.355239868164062,10.194448471069336,-2.457033395767212,2.4450130462646484,-1.3403220176696777,300640.4772892351,1650.914878276303,906453.0000755106,3163.3295575692964,1.395709750795504e-05,0.004021459259092808,1.9661185020199733e-05,0.11519481276652452,0.5222845941370399,0.0,0.0,0.0,0.0,0.0,938.0,206.0,24.499714748859326,51.0,4.0,938.0,disco
20.928560256958008,3.6869044303894043,4.296975612640381,3.1809117794036865,1.5507574081420898,-3.6127994060516357,4.665592670440674,-1.095152497291565,2.852212905883789,0.40803271532058716,203861.37985380384,2428.950455752468,725824.7705240619,4615.446761727079,1.5461757811863208e-06,0.0014545973390340805,0.0025912805105991984,0.19787727795175905,0.5716831506727257,1.0,0.0,0.0,103.97086466165413,0.0,938.0,312.0,20.601722307054366,198.0,3.0,936.0,disco
29.671371459960938,7.253705978393555,4.502708911895752,2.211087226867676,1.1910128593444824,1.5334538221359253,6.668440818786621,0.18238003551959991,1.6287598609924316,0.06688480824232101,389155.3076358332,2186.708467075811,1079615.4143146798,4507.77085554371,9.78915181804041e-07,0.00129858183208853,0.0029093531890424917,0.171614201592484,0.5697496213133741,0.0,0.0,0.0,0.0,0.0,938.0,194.0,30.867706328507765,11.0,3.0,938.0,disco
9.993985176086426,2.1885223388671875,2.346463203430176,1.6296199560165405,0.9339376091957092,1.096251130104065,6.630832195281982,-0.944624662399292,0.8357933163642883,0.39982470870018005,117536.69401086164,2169.560568183046,499652.6193187594,4561.209021855011,3.744473531241965e-07,0.00106084905564785,0.0011640202762767773,0.16302399137126866,0.5529092043125723,1.0,0.0,0.0,110.31078431372549,0.0,938.0,186.0,19.445436482630058,2.0,5.0,938.0,disco
12.520066261291504,2.1749887466430664,2.357638359069824,1.5587859153747559,0.9487225413322449,-1.8129674196243286,5.41367244720459,-0.7083332538604736,0.9627380967140198,0.06151287630200386,126288.70657226017,2433.654726863356,387519.1354722755,4928.987873134329,2.7153080850439437e-07,0.0009067782084457576,0.01829361915588379,0.2001953125,0.5935534170899046,1.0,0.0,0.0,110.31078431372549,0.0,938.0,181.0,19.445436482630058,13.0,5.0,938.0,disco
12.531743049621582,2.3163177967071533,2.1997203826904297,2.323234796524048,1.2540552616119385,-0.4765087366104126,5.467162132263184,-1.6818233728408813,1.4578787088394165,0.37474730610847473,149554.055599689,2399.633085973064,636273.9995963818,4639.483941897654,2.4000573262128455e-07,0.001048340811394155,0.023590835357003806,0.21755792743869937,0.5751670676289762,1.0,0.0,0.0,125.01666666666667,0.0,938.0,147.0,18.354047994837977,12.0,4.0,938.0,disco
116.49532318115234,11.165918350219727,10.950438499450684,2.441709518432617,2.497568368911743,-5.650329113006592,4.686639308929443,3.353797674179077,1.455216407775879,2.2846622467041016,915192.6083258298,2778.6084901618697,1412601.535999386,5981.309968017057,1.013490509649273e-05,0.002518810098990798,0.016089747882661196,0.17909146371934967,0.6234919362024416,0.0,0.0,0.0,0.0,0.0,938.0,260.0,19.445436482630058,116.0,3.0,866.0,disco
33.148834228515625,5.0785322189331055,5.677756309509277,2.6856372356414795,2.3472378253936768,-15.455676078796387,6.178964614868164,2.5553252696990967,3.5947890281677246,0.2618310749530792,470537.5927414954,2155.320348997385,1329701.8348165627,4641.541178038379,3.6331662158772815e-06,0.002649935195222497,0.0016113490118401966,0.13389161197361407,0.5992827229795955,0.0,0.0,0.0,0.0,0.0,938.0,388.0,20.601722307054366,285.0,3.0,938.0,disco
21.604202270507812,2.7193570137023926,4.807661056518555,1.5562138557434082,1.0483477115631104,-3.696869373321533,6.511460781097412,-0.6376037001609802,2.5581672191619873,0.46904581785202026,158036.63769147708,2001.3163839993897,715054.9183742241,4183.010727611941,1.1273236850684043e-06,0.0014599751448258758,0.0005439127283507637,0.1429508428837953,0.5832397754611066,0.0,0.0,0.0,0.0,0.0,938.0,255.0,24.499714748859326,120.0,3.0,936.0,disco
23.319517135620117,3.668872833251953,2.5118823051452637,2.1313631534576416,1.2000112533569336,-10.320541381835938,9.268877029418945,0.34461066126823425,1.8616198301315308,0.7565317153930664,190734.5638572159,1612.6500935473614,1056960.191330016,3512.185167910448,2.0800810034415917e-06,0.0022531705908477306,0.003458161716763897,0.09786863672707889,0.6012741691169919,0.0,0.0,0.0,0.0,0.0,938.0,214.0,23.12465141947715,33.0,3.0,938.0,disco
15.296640396118164,2.4134023189544678,2.7366127967834473,1.9428364038467407,1.139989972114563,-7.510795593261719,9.220963478088379,-0.2876754105091095,0.294092059135437,-0.284005731344223,76977.941291707,1777.6011006982746,564710.5062201546,3812.683235607676,3.332691562718537e-07,0.0013377260183915496,0.0036762061467709357,0.11922547557969083,0.5283703109685468,1.0,0.0,0.0,117.20416666666667,0.0,938.0,241.0,19.445436482630058,64.0,5.0,938.0,disco
22.730121612548828,4.522844314575195,4.48966646194458,2.0517818927764893,1.261791706085205,-4.620196342468262,7.139187335968018,0.8054587244987488,2.2182095050811768,0.6627380847930908,251260.9991764416,2025.9178895805178,855362.0621640385,4357.542643923241,1.2996521263630711e-06,0.0016954357270151377,0.0031714691315140532,0.14030017324093816,0.6185155484273366,1.0,0.0,0.0,133.9452380952381,0.0,938.0,183.0,21.826764464562746,48.0,3.0,938.0,disco
32.280025482177734,7.466714859008789,3.491194248199463,2.289560079574585,1.622450590133667,-4.977703094482422,7.991641521453857,-0.12858983874320984,0.3184186518192291,-0.14615324139595032,310569.3684864615,2012.9824582213912,1390303.57273884,4245.710621002132,1.7495229940323043e-06,0.001709119533188641,0.003828878955473053,0.13414356093416843,0.5962443197006149,1.0,0.0,0.0,125.01666666666667,0.0,938.0,172.0,30.867706328507765,4.0,5.0,938.0,disco
26.52578353881836,4.5449018478393555,4.947287559509277,1.5404294729232788,1.061115026473999,-5.375385284423828,7.922232627868652,-0.11666780710220337,2.311466932296753,1.0597466230392456,218288.02239622112,1834.4976171599599,1240488.7164773005,3976.037779850746,1.7101674529840238e-06,0.0017152302898466587,0.007786191239648937,0.11900111607142858,0.5808919183818944,0.0,0.0,0.0,0.0,0.0,938.0,274.0,24.499714748859326,133.0,3.0,938.0,disco
35.99238967895508,4.867180347442627,7.850701808929443,2.9433066844940186,2.1216700077056885,-2.4022929668426514,6.975226879119873,1.5762373208999634,1.0009243488311768,0.17020535469055176,328212.8920361557,2240.7726544139136,1264033.148774656,4883.653718017057,6.911035598022863e-06,0.0027868382167071104,0.0038656227060603673,0.1388342883795309,0.7362380825091331,1.0,0.0,0.0,125.01666666666667,0.0,938.0,169.0,24.499714748859326,27.0,3.0,936.0,disco
42.949886322021484,4.867430686950684,5.770325660705566,3.2901430130004883,1.950697422027588,-3.8111040592193604,5.347720146179199,-0.6686572432518005,1.8288356065750122,0.8370050191879272,333374.1566539159,2220.3774158717815,1042294.3806302594,4578.62473347548,6.690150257782079e-06,0.0023041320964694023,0.015827104403544574,0.16340347647921108,0.6307849950993495,1.0,0.0,0.0,110.31078431372549,0.0,938.0,220.0,21.826764464562746,25.0,3.0,917.0,disco
16.521333694458008,1.9804112911224365,3.0023646354675293,1.0182771682739258,0.5799793004989624,-0.6205248832702637,4.797232151031494,1.6732540130615234,2.594984531402588,1.6110944747924805,257260.8384284811,2216.4627081484964,822268.7828113253,5078.299906716418,3.611667125369422e-05,0.004984780680388212,0.007975285556221305,0.11908961054104478,0.6084914906887641,1.0,0.0,0.0,133.9452380952381,0.0,938.0,192.0,21.826764464562746,52.0,3.0,726.0,disco
51.086265563964844,3.798983335494995,8.347345352172852,3.393383264541626,0.9490044116973877,-10.730307579040527,6.979001998901367,2.0124101638793945,1.9325625896453857,1.2896915674209595,327932.80124924437,1970.994448055868,1529843.6813066257,4581.456556503198,4.125238410779275e-05,0.0041418420150876045,0.0008437589304304349,0.07935090868203624,0.5624788381003296,1.0,0.0,0.0,125.01666666666667,0.0,938.0,238.0,24.499714748859326,62.0,3.0,878.0,disco
39.81780242919922,5.080121994018555,6.731878757476807,2.4210872650146484,1.7520835399627686,-4.213890552520752,7.139684200286865,1.222618818283081,2.4870989322662354,1.8611289262771606,203490.82946006872,1791.5172228232611,924461.4079291861,4206.956289978678,4.631770480045816e-06,0.002426584716886282,0.002405890897701887,0.09446003797974413,0.6810344827586208,1.0,0.0,0.0,133.9452380952381,0.0,938.0,365.0,23.12465141947715,242.0,3.0,935.0,disco
29.3546085357666,4.136570453643799,3.949862241744995,2.452697277069092,1.0998613834381104,0.2911284863948822,6.219335556030273,-0.18525303900241852,1.4806151390075684,0.2985295355319977,288556.03803390136,2272.144693067176,877617.7670399925,4660.256196695096,7.451210422004806e-07,0.0013752685626968741,0.005829546469951767,0.17205459171775053,0.5693753898244676,1.0,0.0,0.0,133.9452380952381,0.0,938.0,312.0,20.601722307054366,193.0,3.0,938.0,disco
14.844903945922852,3.5631661415100098,2.728482246398926,1.8806198835372925,0.9970155358314514,-3.845066547393799,6.49186372756958,-0.23061153292655945,1.2080799341201782,-0.4880406856536865,170861.1683872105,2301.551251505853,511545.87111997977,4703.358208955224,8.015886692191998e-07,0.001217699027620256,0.012770916283244184,0.18087957256130063,0.5578544061302682,1.0,0.0,0.0,134.36234817813767,0.0,938.0,247.0,20.601722307054366,102.0,5.0,938.0,disco
13.999753952026367,3.1270039081573486,3.295901298522949,1.6588950157165527,1.2221580743789673,-3.715533494949341,5.760916709899902,1.0570544004440308,1.7036404609680176,0.65134596824646,273677.25127725216,2529.5423452929876,641787.6853049553,5261.810367803838,5.850683919561561e-07,0.0011726326774805784,0.003861739869690282,0.18860774253731344,0.642969794172681,0.0,0.0,0.0,0.0,0.0,938.0,192.0,23.12465141947715,10.0,3.0,938.0,disco
13.62767219543457,2.991575002670288,2.3377010822296143,1.279033899307251,0.8990721702575684,-5.771234512329102,8.391486167907715,1.3026368618011475,1.0904585123062134,0.5003886222839355,153695.63985845743,1779.4952520224563,571888.5007065173,4188.632729211087,7.123495606720098e-07,0.0014414789620786905,0.0028366421145041743,0.10648279251066098,0.600828655439722,1.0,0.0,0.0,110.31078431372549,0.0,938.0,180.0,19.445436482630058,33.0,5.0,938.0,disco
12.557745933532715,2.193547248840332,2.35802960395813,1.58026921749115,0.9334027767181396,-2.3255455493927,6.4331536293029785,-0.42767333984375,1.0407167673110962,0.40171515941619873,129323.5249266092,2224.7415945826874,471949.2127075581,4711.653784648188,4.1996548816314316e-07,0.0010475317249074578,0.0006479393772473639,0.16998590335154584,0.6023745878998485,1.0,0.0,0.0,110.31078431372549,0.0,938.0,177.0,19.445436482630058,18.0,5.0,938.0,disco
13.268515586853027,2.5110082626342773,3.8739964962005615,2.190807342529297,1.0997649431228638,-4.740666389465332,5.424559116363525,0.5041660666465759,1.5073152780532837,0.5216437578201294,257316.74873031123,2453.001952381442,588390.5452900467,5242.279117803838,2.042616415565135e-06,0.001501191989518702,0.0017063225061538009,0.18681546924973347,0.5894012296177493,1.0,0.0,0.0,117.20416666666667,0.0,938.0,322.0,21.826764464562746,163.0,3.0,938.0,disco
26.564197540283203,3.662177324295044,4.667626857757568,3.8015973567962646,2.2936739921569824,-5.961404323577881,4.088116645812988,-0.8407871723175049,1.3849256038665771,-0.5376601815223694,252771.95200307498,2616.109438016503,535048.1722581112,4952.8751332622605,6.945558652660111e-07,0.00116605288349092,0.004520611819613261,0.2298331514858742,0.5406976744186046,1.0,0.0,0.0,133.9452380952381,0.0,938.0,219.0,20.601722307054366,11.0,3.0,938.0,disco
26.28143310546875,3.4147369861602783,2.1072897911071777,2.2844269275665283,1.0585339069366455,-3.7013964653015137,5.413933277130127,-0.08175022900104523,1.3229272365570068,0.42493587732315063,191165.13809324757,2486.5007953821346,387737.39905403776,5141.516191364605,3.4104459700756706e-07,0.0009475390543229878,2.3552975866246814e-05,0.20657264042510662,0.6100730642430722,0.0,0.0,0.0,0.0,0.0,938.0,267.0,24.499714748859326,110.0,3.0,937.0,disco
15.277252197265625,2.393831729888916,3.7472310066223145,2.038335084915161,1.0779328346252441,1.5040180683135986,6.016200065612793,-0.19755399227142334,1.0831019878387451,0.15411236882209778,189120.31076378387,2362.0912959387606,515788.0497144815,4918.185301172708,4.979174264008179e-07,0.0011213123798370361,0.019816845307911696,0.1866707547641258,0.5705916421634143,1.0,0.0,0.0,110.31078431372549,0.0,938.0,293.0,21.826764464562746,99.0,3.0,938.0,disco
13.06387996673584,1.580186128616333,2.9853641986846924,1.4676707983016968,0.9000276923179626,-3.4646084308624268,5.5690765380859375,0.9201716780662537,1.2561166286468506,0.7039759159088135,132999.50969079504,2437.365479893933,406252.7593475777,5260.186234008529,5.452164373309643e-07,0.001329793594777584,0.0035147786359392306,0.15938322478011727,0.597393744987971,1.0,0.0,0.0,133.9452380952381,0.0,938.0,286.0,24.499714748859326,181.0,3.0,934.0,disco
21.91216468811035,2.8666751384735107,2.7122862339019775,1.7757753133773804,1.1968175172805786,-2.3871102333068848,7.7524261474609375,-1.198834776878357,0.9827505946159363,-0.8489115238189697,142115.0284127171,2023.5552154341663,597041.4493649985,4048.515791577825,9.349940910396981e-07,0.0014994436642155051,0.004132157804493808,0.15412561217350745,0.6062505568920965,1.0,0.0,0.0,125.01666666666667,0.0,938.0,262.0,21.826764464562746,147.0,5.0,938.0,disco
22.857046127319336,4.013845920562744,3.184566020965576,1.776997447013855,1.1945565938949585,0.6940158605575562,6.660899639129639,0.1733020693063736,2.326814651489258,1.075554609298706,230595.3936793987,2098.173314002759,987254.0060191068,4500.433102345416,2.407193960607401e-06,0.001782301813364029,0.0004623839549324698,0.1489445212553305,0.6015459324601266,1.0,0.0,0.0,117.20416666666667,0.0,938.0,190.0,20.601722307054366,9.0,3.0,937.0,disco
34.763431549072266,4.255945682525635,4.162976264953613,2.6821813583374023,1.4493207931518555,-10.941875457763672,8.378583908081055,0.1798996478319168,1.262416124343872,0.06726118922233582,171047.16442603883,1954.6016366571675,1057854.6727953558,4240.629997334755,3.6906512832501903e-06,0.0022888798266649246,0.0035926052471873865,0.11755553288246269,0.6357480174641361,0.0,0.0,0.0,0.0,0.0,938.0,333.0,21.826764464562746,208.0,3.0,938.0,disco
24.61321449279785,4.656757831573486,1.9713891744613647,1.452836275100708,1.1979175806045532,-8.825952529907227,6.876339912414551,1.07245671749115,1.6951031684875488,0.5056488513946533,264422.844925814,2088.1579340410735,1199546.7245810453,4622.709554904051,4.732853994937614e-06,0.002167093101888895,0.00523526926270569,0.12313641058102345,0.6660162166978526,0.0,0.0,0.0,0.0,0.0,938.0,302.0,21.826764464562746,152.0,3.0,938.0,disco
21.918668746948242,4.652614593505859,2.8497791290283203,2.748568534851074,1.9424729347229004,-14.697299003601074,7.3637895584106445,3.079508066177368,2.940236806869507,0.5089750289916992,400982.9940557277,1893.997865274353,1587748.615128701,4305.5870202558635,4.886378974333638e-06,0.0024362464901059866,0.0001222714965010205,0.10138967550639659,0.7127595117170098,0.0,0.0,0.0,0.0,0.0,938.0,282.0,21.826764464562746,153.0,3.0,938.0,disco
100.71036529541016,7.108692646026611,3.5690505504608154,2.922832727432251,2.1816282272338867,-11.206952095031738,6.748844623565674,-0.2679169774055481,2.781763792037964,0.40803030133247375,338302.42540640896,2019.1137971852222,1115694.177538171,4156.45822228145,1.5362149497377686e-05,0.0027775433845818043,0.0008655509159923643,0.14416634045175905,0.5978036175710595,0.0,0.0,0.0,0.0,0.0,938.0,208.0,20.601722307054366,76.0,3.0,933.0,disco
28.75306510925293,6.452481269836426,2.979849338531494,2.7437877655029297,1.6721707582473755,-0.1964447945356369,6.8468499183654785,0.5336265563964844,0.6189079284667969,0.5737746357917786,508861.9174665315,2305.2706119840013,1697548.4863257941,4951.4342350746265,1.8305269122720347e-06,0.0016318174311891198,0.002915308759653007,0.16873969299706823,0.653443820725296,1.0,0.0,0.0,125.01666666666667,0.0,938.0,209.0,16.351597831287414,76.0,3.0,938.0,disco
23.856082916259766,6.504578113555908,7.916816711425781,4.185883522033691,2.243159770965576,-10.042098045349121,8.748244285583496,1.1438941955566406,1.5701042413711548,0.9728294014930725,301783.089209406,1715.556489199533,1507040.2103841528,3776.2859808102344,2.7734097329812357e-06,0.0021836631931364536,0.005443476822720708,0.11137757779184435,0.5989263120377795,1.0,0.0,0.0,117.20416666666667,0.0,938.0,268.0,20.601722307054366,154.0,3.0,938.0,disco
70.34990692138672,8.30313491821289,4.971716403961182,1.5628353357315063,1.3685485124588013,-12.499552726745605,4.8468523025512695,-0.9573352932929993,2.5110154151916504,0.42047297954559326,417931.6283351633,2279.783610930533,868092.9886101437,4386.493869936034,6.68151187710464e-06,0.0019102954538539052,0.004248476894326251,0.19408659131796374,0.6702218658112803,1.0,0.0,0.0,117.20416666666667,0.0,938.0,240.0,29.135235094880613,127.0,4.0,930.0,disco
41.38323974609375,6.542916297912598,5.531938552856445,3.315859794616699,1.7568554878234863,-10.837932586669922,5.448074817657471,2.9401695728302,1.1393076181411743,1.1836175918579102,569742.4902141006,2489.97590609726,752291.7798523846,5626.540844882729,1.2193798283988144e-05,0.003238059114664793,6.30070042075479e-06,0.17487340085287847,0.6384121892542101,1.0,0.0,0.0,125.01666666666667,0.0,938.0,298.0,20.601722307054366,182.0,3.0,876.0,disco
27.815719604492188,7.7479987144470215,6.827022075653076,2.402628183364868,2.7984840869903564,-2.1841166019439697,8.624455451965332,-0.6830500364303589,2.4298346042633057,0.22273463010787964,304172.9158711711,1777.2112642936047,1023537.059122506,3659.7564632196163,1.9775870896410197e-06,0.0018437898252159357,1.2106184855117474e-05,0.12359658182302771,0.5755502093914283,1.0,0.0,0.0,125.01666666666667,0.0,938.0,181.0,24.499714748859326,45.0,3.0,938.0,disco
9.663825988769531,4.885275363922119,2.9036779403686523,1.6798012256622314,0.8446187376976013,-3.6484756469726562,8.012669563293457,-0.33298617601394653,1.5673128366470337,0.8184918761253357,203212.7422348925,1935.5178854237442,996893.6682624322,4063.2079557569296,1.6073178130682209e-06,0.0018189279362559319,0.0019002952220420269,0.12611190698294242,0.5532789806647063,0.0,0.0,0.0,0.0,0.0,938.0,158.0,21.826764464562746,21.0,4.0,938.0,disco
10.209778785705566,3.8633873462677,1.6965327262878418,1.1591635942459106,0.8578668832778931,-2.6760599613189697,6.255032539367676,-1.346522331237793,2.558088779449463,0.06461910903453827,134253.08448943452,2114.5048141514185,406680.71655760135,4154.434301705757,1.3419961533145397e-06,0.0014580730348825455,0.007707568801077338,0.17324197927771856,0.7212064510380468,1.0,0.0,0.0,124.50592885375495,0.0,938.0,253.0,24.499714748859326,135.0,3.0,938.0,disco
22.249862670898438,3.6774301528930664,4.828780651092529,1.5705640316009521,1.0037693977355957,-4.747842788696289,7.550725936889648,-0.5917347073554993,2.025404691696167,0.5479985475540161,192555.8437959621,1970.0681708838451,1020361.6648906876,4109.633195628998,1.029675331665203e-06,0.0014243517071008682,0.003815298014629141,0.14331106743070363,0.5356678250022274,0.0,0.0,0.0,0.0,0.0,938.0,263.0,24.499714748859326,125.0,3.0,938.0,disco
14.257844924926758,3.118332862854004,3.2131121158599854,1.7630549669265747,0.9411933422088623,-6.545751094818115,5.851771831512451,0.4492323398590088,1.7457562685012817,1.0327399969100952,272065.60485184967,2305.88215257957,940214.8736403306,4958.222281449894,1.2124086197218276e-06,0.0013278324622660875,0.0031789783417760435,0.17942930437100213,0.7238839882384387,1.0,0.0,0.0,125.01666666666667,0.0,938.0,192.0,21.826764464562746,42.0,3.0,938.0,disco
62.32625198364258,7.8484578132629395,7.34065055847168,1.9784693717956543,1.1814953088760376,-4.634663105010986,7.078009605407715,-0.36121442914009094,2.9791526794433594,1.3511136770248413,353570.9191009316,1859.2676523950545,1522716.842517413,3885.194562899787,1.7563101209816523e-05,0.002771493513137102,5.6330610882754115e-05,0.11736865338486141,0.629947429386082,0.0,0.0,0.0,0.0,0.0,938.0,356.0,24.499714748859326,229.0,3.0,923.0,disco
21.18861198425293,4.87398099899292,7.52616548538208,2.909367322921753,1.0587915182113647,-5.632953643798828,6.5437493324279785,1.5711195468902588,2.0050833225250244,0.28399384021759033,269433.1769009042,2200.0330470031276,1093714.1776651246,4738.539445628998,1.507328420302656e-06,0.0017029455630108714,0.008029955772051992,0.1438092392390725,0.5873875077964893,1.0,0.0,0.0,117.20416666666667,0.0,938.0,403.0,20.601722307054366,230.0,3.0,938.0,disco
21.936880111694336,4.648564338684082,2.5794057846069336,1.5446761846542358,1.3093500137329102,-2.127979040145874,5.7720255851745605,-0.12427348643541336,3.32786226272583,0.4369223117828369,274445.3878161926,2176.2513286295107,731219.6524349238,4317.947094882729,1.6814661876196624e-06,0.0016833761474117637,0.0067138474020237635,0.17178182052905117,0.560607680655796,1.0,0.0,0.0,117.64705882352942,0.0,938.0,163.0,18.354047994837977,5.0,4.0,938.0,disco
10.85584545135498,2.3167240619659424,1.076465368270874,0.7143623232841492,0.5453320145606995,-6.464261531829834,6.693595886230469,2.1422693729400635,2.0756123065948486,0.5680444836616516,196380.1621968466,2036.761202043555,821682.1037691812,4757.60427771855,1.1751413921956555e-06,0.0016154579352587461,0.005836225574142879,0.11643425589685501,0.6384344649380737,0.0,0.0,0.0,0.0,0.0,938.0,266.0,16.351597831287414,77.0,4.0,938.0,disco
46.60435485839844,5.442568778991699,6.730789661407471,2.6794238090515137,2.4999735355377197,-8.493753433227539,5.258362293243408,0.2800539433956146,3.1271021366119385,0.3633353114128113,337322.6678410357,2266.0815076349454,1071006.9454495448,4559.618203624734,5.757251074101077e-06,0.0024720262736082077,0.0015942598883286827,0.14637349663512794,0.6115967210193354,1.0,0.0,0.0,117.02898550724638,0.0,938.0,140.0,20.601722307054366,4.0,3.0,924.0,disco
21.740873336791992,5.088860511779785,3.271833658218384,2.013573408126831,1.0921024084091187,-5.91757869720459,5.254431247711182,0.9471505880355835,2.313532590866089,-0.2513000965118408,251770.04695325834,2401.8262167736393,518053.38743210887,4823.119336353944,1.3532071534427814e-06,0.001609775354154408,0.0019358142035517168,0.1738807011260661,0.6069678339125011,1.0,0.0,0.0,104.18333333333334,0.0,938.0,145.0,20.601722307054366,2.0,4.0,936.0,disco
13.03652286529541,2.1442275047302246,1.5331757068634033,1.4622256755828857,0.859889805316925,-5.3887200355529785,5.721202850341797,0.948252260684967,1.6186655759811401,1.3837207555770874,125400.98441730738,2365.5930046801473,351937.4377375421,5242.903784648188,1.5656471532565774e-06,0.0017493241466581821,0.001662526183202692,0.13745377465351813,0.6303929430633519,1.0,0.0,0.0,133.9452380952381,0.0,938.0,363.0,29.135235094880613,49.0,3.0,932.0,disco
11.158265113830566,2.764003276824951,2.320335865020752,2.1453373432159424,0.9067676663398743,-3.1558644771575928,7.25648307800293,1.4113926887512207,1.361204743385315,0.3140496015548706,184944.1783613198,2163.9281411715606,732721.172677899,4832.264458955224,5.851413789059734e-07,0.0014772354625165462,0.004940846782785713,0.1362091259661514,0.5686091062995633,1.0,0.0,0.0,125.01666666666667,0.0,938.0,297.0,23.12465141947715,77.0,3.0,938.0,disco
11.158265113830566,2.764003276824951,2.320335865020752,2.1453373432159424,0.9067676663398743,-3.1558644771575928,7.25648307800293,1.4113926887512207,1.361204743385315,0.3140496015548706,184944.1783613198,2163.9281411715606,732721.172677899,4832.264458955224,5.851413789059734e-07,0.0014772354625165462,0.004940846782785713,0.1362091259661514,0.5686091062995633,1.0,0.0,0.0,125.01666666666667,0.0,938.0,297.0,23.12465141947715,77.0,3.0,938.0,disco
32.656654357910156,5.084845066070557,3.81205677986145,2.8949005603790283,1.5712307691574097,-2.231610059738159,5.464369297027588,-0.2768316864967346,1.0930594205856323,0.1444915384054184,253993.030385061,2391.3557380456796,863466.2015546223,4910.247867803838,2.615285893625696e-06,0.0014886079588904977,0.000144797075439752,0.18097847814498935,0.5862469927826784,1.0,0.0,0.0,117.20416666666667,0.0,938.0,248.0,20.601722307054366,92.0,3.0,935.0,hiphop
29.677433013916016,6.426243305206299,9.064912796020508,4.5786638259887695,4.068776607513428,-1.5712848901748657,3.39555287361145,1.2181103229522705,3.8940083980560303,1.5282317399978638,647294.2249300742,2534.0096339390793,1401711.4777286025,4931.661447228145,2.0700108507298864e-05,0.003568811807781458,0.02699513262176157,0.12085429437633262,0.5313998039739819,0.0,0.0,0.0,0.0,0.0,938.0,104.0,30.867706328507765,19.0,6.0,662.0,hiphop
38.498905181884766,7.752027988433838,7.060649871826172,4.282926559448242,2.377351760864258,-13.051421165466309,10.859965324401855,2.94169020652771,2.1210412979125977,0.19846417009830475,431179.9152343881,1359.4645386855664,2646545.965119687,2870.735607675906,9.20269394555362e-06,0.003669426077976823,0.0010183518930666246,0.07390381379930704,0.5801256348569901,0.0,0.0,0.0,0.0,0.0,938.0,169.0,29.135235094880613,23.0,3.0,938.0,hiphop
33.88467025756836,5.126788139343262,8.922990798950195,1.9561058282852173,1.950979471206665,1.5228815078735352,5.738214492797852,0.03131570667028427,1.7254691123962402,0.18611598014831543,259819.69983476945,2213.4058714292714,840363.6131092557,4555.237206823028,3.443360128585482e-06,0.0021484578028321266,5.589388067198209e-05,0.13217221648454158,0.623024146841308,1.0,0.0,0.0,93.76666666666667,0.0,938.0,202.0,19.445436482630058,54.0,5.0,907.0,hiphop
105.17333221435547,8.888006210327148,11.773988723754883,4.081003665924072,3.4438493251800537,-6.8543195724487305,5.9654340744018555,0.9126734733581543,1.8945578336715698,1.6466195583343506,621546.1745362757,2066.8792254115574,2358630.558241295,4440.823227611941,5.384214819059707e-05,0.004519031848758459,0.003766389168517208,0.12191778967883796,0.5820814399002049,1.0,0.0,0.0,98.4375,0.0,938.0,202.0,20.601722307054366,63.0,3.0,820.0,hiphop
10.370153427124023,3.1891932487487793,1.7515056133270264,2.1980209350585938,1.2433860301971436,3.235538959503174,5.2122979164123535,1.952709674835205,2.1327967643737793,0.8699895739555359,172346.68314935468,2437.6678025138863,345860.9968362467,5301.8723347547975,6.172646749291744e-07,0.0012868158519268036,0.002581115002532659,0.1538320187566631,0.5275906620333245,0.0,0.0,0.0,0.0,0.0,938.0,147.0,23.12465141947715,34.0,4.0,923.0,hiphop
44.72804641723633,6.381771087646484,6.9679670333862305,3.419874906539917,2.0810155868530273,-0.6604661345481873,4.750478744506836,2.4011876583099365,2.1613924503326416,1.4130116701126099,548255.5446468076,2439.4760038281042,1149158.8382146126,5261.485541044776,8.836970664560795e-06,0.002712780609726906,0.006715894917945209,0.14884509511593816,0.5360286910808162,0.0,0.0,0.0,0.0,0.0,938.0,349.0,19.445436482630058,246.0,3.0,915.0,hiphop
21.54112434387207,4.494831562042236,4.351382732391357,2.7460861206054688,2.0087273120880127,-0.08831362426280975,8.149818420410156,1.1899079084396362,2.3223445415496826,-0.1873265951871872,284592.87203179765,1767.063350188957,1153074.0306179498,3912.621601812367,8.474880814901553e-06,0.0032155353110283613,0.0012075775503533974,0.1001799040511727,0.5072930588969081,1.0,0.0,0.0,125.27901785714286,0.0,938.0,282.0,20.601722307054366,111.0,5.0,933.0,hiphop
54.8776969909668,7.696485996246338,9.660665512084961,6.103601932525635,4.337526321411133,-4.821498870849609,3.434823751449585,1.5034559965133667,1.7767215967178345,-0.23323595523834229,631921.6865091004,2812.1131977643618,966337.9055313179,5280.383795309169,1.1003983672708273e-05,0.0017969412729144096,0.025989624300893206,0.22111124067164178,0.5436692506459948,0.0,0.0,0.0,0.0,0.0,938.0,156.0,24.499714748859326,45.0,4.0,850.0,hiphop
32.582420349121094,9.901215553283691,4.9206342697143555,2.0307435989379883,1.8027007579803467,-4.123624801635742,6.3739542961120605,1.9610992670059204,2.370039701461792,1.0762966871261597,640850.9629846426,1948.730508351587,2032585.1146645916,4318.213619402985,5.5356645134452265e-06,0.0024633649736642838,0.0012700131221506955,0.12206302472014925,0.5950637084558495,1.0,0.0,0.0,104.18333333333334,0.0,938.0,223.0,20.601722307054366,57.0,3.0,933.0,hiphop
9.297353744506836,3.8299930095672607,2.937938928604126,1.5467529296875,1.5652116537094116,-0.8457672595977783,6.085574626922607,-1.2476294040679932,1.3358491659164429,1.1509795188903809,210079.76496802943,2111.441431564162,531488.1345332064,4319.163113006397,1.1675519999698736e-06,0.0016700081760063767,0.008602371692406003,0.16403803388192964,0.6775505658023699,1.0,0.0,0.0,126.5625,0.0,938.0,134.0,24.499714748859326,1.0,3.0,937.0,hiphop
20.022912979125977,4.735376358032227,4.3608293533325195,2.6344516277313232,1.5049102306365967,-1.4420952796936035,7.671270847320557,1.034159779548645,2.7041804790496826,0.4584004878997803,259285.75260825522,1845.829464545179,1008811.3279105622,4035.7975746268658,1.8434703861203161e-06,0.001966406824067235,0.0023560050121747547,0.11543322727878465,0.5736033146217588,0.0,0.0,0.0,0.0,0.0,938.0,220.0,21.826764464562746,66.0,3.0,938.0,hiphop
11.690783500671387,3.48183274269104,2.610145092010498,1.6550018787384033,1.7144744396209717,-0.32157817482948303,8.375785827636719,0.20637455582618713,1.6577078104019165,-0.5561565160751343,125377.257431108,1785.1870132202723,595120.5801579776,3894.806103411514,2.0202164705551695e-06,0.002200693590566516,0.000965305576396608,0.11114749217084222,0.5720707475719505,1.0,0.0,0.0,125.11748120300751,0.0,938.0,249.0,19.445436482630058,125.0,5.0,938.0,hiphop
24.075761795043945,24.612194061279297,17.93519401550293,5.6269354820251465,3.7680654525756836,-5.003140926361084,10.877909660339355,-2.530304431915283,2.2323710918426514,-1.0150294303894043,313137.2745638947,1686.3233374354375,1918340.42871476,3386.543843283582,5.936098204983864e-06,0.0029531335458159447,0.0019403975837084715,0.12608119419642858,0.5318542279247972,1.0,0.0,0.0,104.18333333333334,0.0,938.0,208.0,19.445436482630058,17.0,5.0,938.0,hiphop
27.256908416748047,3.918400526046753,4.03828239440918,2.557565212249756,1.154612421989441,0.3912173807621002,4.9926862716674805,0.5022406578063965,3.864398956298828,-0.06382119655609131,179594.7003740979,2311.203610150329,526933.3418437716,4522.912779850746,3.749302663891285e-07,0.0010297195985913277,0.006153885278224818,0.1736615471748401,0.6173215717722534,0.0,0.0,0.0,0.0,0.0,938.0,240.0,19.445436482630058,7.0,3.0,938.0,hiphop
13.30459213256836,3.2671639919281006,1.643574595451355,2.5594708919525146,1.2576321363449097,-2.458127737045288,6.748342990875244,0.4583883285522461,1.3382316827774048,0.8644495010375977,196833.72402952742,2144.951480734681,643035.8405287968,4756.013459488273,8.825151667224418e-07,0.001513081369921565,0.002319409875809789,0.14435165828224947,0.6514969259556268,0.0,0.0,0.0,0.0,0.0,938.0,210.0,16.351597831287414,96.0,4.0,937.0,hiphop
30.783571243286133,5.274288654327393,4.73527193069458,2.988070487976074,1.9999878406524658,-2.449464797973633,5.469311237335205,0.7437646389007568,2.688783645629883,-0.08508655428886414,411266.3279786501,2205.4550887106484,850589.8405578502,4476.529184434968,1.5940457160468213e-05,0.0033894756343215704,0.013305127916876238,0.1407384811433902,0.5835783658558318,1.0,0.0,0.0,133.406432748538,0.0,938.0,134.0,23.12465141947715,5.0,4.0,841.0,hiphop
20.05203628540039,2.6600260734558105,4.099923610687256,1.7135311365127563,1.7678810358047485,-2.597501039505005,6.824537754058838,1.7045239210128784,2.346323251724243,1.010590672492981,144104.6837651518,1904.8884394879126,526831.4289132195,4421.050439765459,4.296761744626565e-06,0.002538128290325403,0.0013673869026984578,0.10022883628731344,0.6020181769580326,0.0,0.0,0.0,0.0,0.0,938.0,205.0,16.351597831287414,74.0,4.0,921.0,hiphop
35.588565826416016,13.084318161010742,6.395107269287109,5.303168296813965,3.149507522583008,-4.956804275512695,4.909546852111816,1.497327208518982,3.1085851192474365,0.4718761146068573,649065.1312804461,2294.7176043800514,1082775.9821433234,4677.297108208955,5.442638666863786e-06,0.0028369210194796324,0.008092771719257326,0.17736217767190832,0.5602067183462532,0.0,0.0,0.0,0.0,0.0,938.0,202.0,20.601722307054366,31.0,4.0,912.0,hiphop
34.88028335571289,3.974076986312866,6.215882301330566,2.6861703395843506,1.7340716123580933,-0.6522377729415894,6.552683353424072,0.5274004340171814,2.3469557762145996,0.7556775212287903,225418.55507572187,2034.2928629248033,909625.6627772935,4402.55197228145,4.755820100399433e-06,0.0024841544218361378,0.003181620408074377,0.12671835437766524,0.623483025928896,0.0,0.0,0.0,0.0,0.0,938.0,159.0,25.956543598746574,2.0,3.0,937.0,hiphop
31.62653350830078,6.397785186767578,5.4703874588012695,4.569228649139404,2.691758155822754,-3.917288303375244,3.3444900512695312,0.7738227844238281,3.6417436599731445,0.7845048308372498,337162.1628162584,2542.0676966952474,613969.9852226335,4949.935034648188,2.2036942027625628e-05,0.0028732195496559143,9.825610412559942e-05,0.1390133595415778,0.5402967121090617,0.0,0.0,0.0,0.0,0.0,938.0,139.0,21.826764464562746,27.0,4.0,768.0,hiphop
10.499602317810059,3.828545570373535,4.087684631347656,3.227015256881714,2.0096793174743652,2.563638925552368,6.420231342315674,0.5360153913497925,2.1219494342803955,0.03870168700814247,312092.5047382011,2174.4175680393905,858837.3331781018,4528.4098480810235,5.663942488354223e-07,0.0014189701760187745,0.0011673971569798635,0.148913287913113,0.5548160028512876,1.0,0.0,0.0,103.97086466165413,0.0,938.0,229.0,23.12465141947715,75.0,4.0,937.0,hiphop
48.741939544677734,5.159333229064941,3.444514513015747,3.4034459590911865,1.3604028224945068,-4.19204568862915,8.73818588256836,2.0009703636169434,1.7147409915924072,0.2987837493419647,277636.98955596687,1785.2063831050039,1258861.473088664,4096.090418443497,1.996927494474221e-06,0.0022418720182031393,7.568176861399757e-05,0.09024249566897655,0.609988416644391,0.0,0.0,0.0,0.0,0.0,938.0,223.0,21.826764464562746,105.0,4.0,937.0,hiphop
7.980924129486084,2.5593130588531494,1.6873009204864502,1.5502210855484009,0.8865177631378174,1.3063368797302246,7.023325443267822,0.15374396741390228,2.399590253829956,0.40700411796569824,172300.90405056457,2082.300961577608,611627.9448984928,4416.552838486141,4.5957889938108565e-07,0.0011948301689699292,0.0003462690052026732,0.13677236723747335,0.6157934598592176,0.0,0.0,0.0,0.0,0.0,938.0,312.0,24.499714748859326,141.0,4.0,938.0,hiphop
23.044557571411133,3.950108051300049,6.051140785217285,3.522005796432495,2.3983705043792725,0.09583891928195953,5.4528093338012695,-1.2330565452575684,1.8356778621673584,-0.23429690301418304,215876.43622028708,2292.97506906878,686262.1640437823,4479.277718550106,2.9606339921883773e-06,0.001876608468592167,1.9642723814625714e-05,0.17874841751066098,0.5831996792301525,0.0,0.0,0.0,0.0,0.0,938.0,228.0,25.956543598746574,102.0,6.0,935.0,hiphop
17.10878562927246,5.379568099975586,6.126344680786133,2.8924150466918945,1.5724519491195679,0.9688480496406555,5.940659523010254,0.32240068912506104,1.9421964883804321,0.46589213609695435,370756.1054637257,2119.2538854717113,967606.887769864,4454.865738272921,3.9639735405216925e-06,0.001879019313491881,3.30871206199604e-05,0.1366115155250533,0.509204312572396,0.0,0.0,0.0,0.0,0.0,938.0,181.0,24.499714748859326,62.0,3.0,933.0,hiphop
34.43402862548828,7.023560523986816,7.95308780670166,3.8962934017181396,2.6794722080230713,-5.497427463531494,3.384735107421875,3.3395912647247314,3.690687417984009,0.7275873422622681,687720.9367167728,2660.348133243582,998903.3868594184,5348.733552631579,2.7335583581589162e-05,0.004139619413763285,0.011996982133025278,0.19449167351973684,0.5778045085984139,1.0,0.0,0.0,110.61507936507937,0.0,950.0,186.0,23.12465141947715,52.0,3.0,889.0,hiphop
28.06910514831543,6.942607879638672,4.507575988769531,3.4961493015289307,2.4259493350982666,-5.352983474731445,7.258050918579102,1.0902141332626343,1.5660039186477661,0.5859159231185913,478815.9911474026,2080.9152081245716,1476644.9290046138,4503.217887473461,1.6338801287929527e-05,0.0031091675627976656,0.006967876105006083,0.11765349240313164,0.5057382161632362,0.0,0.0,0.0,0.0,0.0,942.0,146.0,18.354047994837977,13.0,5.0,895.0,hiphop
21.487646102905273,6.669246673583984,7.290721893310547,4.678067684173584,3.2823779582977295,-3.084019899368286,6.710637092590332,0.8900320529937744,2.8623788356781006,0.43493130803108215,401490.7974457702,2150.4391492920217,1316277.2854460964,4337.961420575693,3.40457199854427e-06,0.0021869174670428038,0.011797102684339734,0.13351681186700426,0.4746680923104339,0.0,0.0,0.0,0.0,0.0,938.0,414.0,16.351597831287414,248.0,4.0,928.0,hiphop
19.139516830444336,7.827034950256348,6.103653907775879,2.614178419113159,1.6226415634155273,-3.047877311706543,5.5878472328186035,1.4333235025405884,2.045097589492798,0.5548581480979919,528088.1678459202,2435.7115743710783,1400367.6879785084,5012.430848261328,2.856311539289891e-06,0.001963934162631631,0.0006466187642634381,0.12503807461801897,0.547914995990377,0.0,0.0,0.0,0.0,0.0,949.0,233.0,20.601722307054366,83.0,4.0,871.0,hiphop
11.600517272949219,1.7485113143920898,1.755995512008667,0.9992222189903259,0.7552856206893921,-0.2790682017803192,4.260375499725342,3.580265998840332,1.46498441696167,1.539028286933899,157705.2092654072,2783.140641003676,157647.67347295725,5987.723214285715,8.119290555441694e-07,0.001402024645358324,0.015148220753098627,0.1763007645922175,0.4831417624521072,0.0,0.0,0.0,0.0,0.0,938.0,207.0,21.826764464562746,31.0,3.0,936.0,hiphop
7.524647235870361,4.400483131408691,3.796450614929199,2.653510570526123,1.341171145439148,1.0548714399337769,6.070777893066406,-0.14111919701099396,1.4769254922866821,-0.1668204516172409,223370.51989681792,2200.431926872361,471927.2464222883,4504.414312366738,2.007957846217323e-06,0.0019553813617676497,0.004598927702669123,0.14349898803971214,0.526414505925332,0.0,0.0,0.0,0.0,0.0,938.0,165.0,29.135235094880613,13.0,3.0,923.0,hiphop
32.643585205078125,10.240687370300293,4.796128749847412,3.0991604328155518,1.664897084236145,-9.423859596252441,7.937112331390381,0.10548945516347885,2.518458366394043,1.6334348917007446,507267.2992710502,1693.5927677162279,1953817.0658947302,3583.450186965812,1.0688176189432852e-05,0.003970675636082888,0.0021779900670500056,0.09207909738915598,0.559171605348772,0.0,0.0,0.0,0.0,0.0,936.0,189.0,25.956543598746574,37.0,3.0,882.0,hiphop
18.526653289794922,6.4449849128723145,4.162311553955078,4.38676643371582,1.979910135269165,0.7638649940490723,5.071991443634033,0.6397446393966675,2.88175106048584,1.0118881464004517,393231.23242649535,2356.5477986028145,1183701.5449678693,4841.148594909862,2.2037675080355257e-06,0.0015147950034588575,0.0011104047200905553,0.17322023296659597,0.5383676378864831,0.0,0.0,0.0,0.0,0.0,943.0,226.0,19.445436482630058,80.0,3.0,943.0,hiphop
8.522189140319824,2.5269579887390137,2.16849422454834,2.436875581741333,1.6087756156921387,3.80576491355896,4.150795936584473,0.06596625596284866,1.58935546875,0.19458748400211334,133672.30408358673,2591.479202113016,258476.07493689953,5167.403643083421,3.85043421147202e-07,0.0011993724619969726,0.014933782201701832,0.20277026135163675,0.49387864207431165,1.0,0.0,0.0,123.84868421052633,0.0,947.0,140.0,19.445436482630058,30.0,5.0,945.0,hiphop
24.78925323486328,7.476451873779297,5.427488803863525,3.0080668926239014,2.261923313140869,-5.78994083404541,6.0837554931640625,1.9018356800079346,2.257769823074341,1.2036656141281128,581221.7789905918,2149.15931260204,1733008.1009031918,4727.090483104541,1.578770206833724e-05,0.0035110467579215765,0.00665741483804821,0.11479610777455121,0.478869286287089,0.0,0.0,0.0,0.0,0.0,947.0,138.0,23.12465141947715,11.0,3.0,760.0,hiphop
292.25347900390625,11.138336181640625,4.765379905700684,3.220057249069214,2.511214256286621,-15.832845687866211,3.876408576965332,-0.0867181271314621,2.881178855895996,0.8322200775146484,723838.9371547666,2443.6714276224075,1126617.036539201,4689.6447677453025,2.97580445476342e-05,0.002921845531091094,0.0010130207160393293,0.15518373238517746,0.5986194824568212,0.0,0.0,0.0,0.0,0.0,958.0,268.0,19.445436482630058,175.0,5.0,800.0,hiphop
63.43389129638672,11.585982322692871,11.205232620239258,4.622658729553223,3.1373486518859863,-4.219658851623535,3.9790310859680176,1.353466510772705,0.923102855682373,-0.6957663893699646,874461.4555992048,2884.3946449733785,1315101.1352281026,5295.146137787056,7.816262950655073e-06,0.0022816387936472893,0.004462544305161794,0.22842337144441544,0.686869993360409,0.0,0.0,0.0,0.0,0.0,958.0,197.0,24.499714748859326,55.0,5.0,941.0,hiphop
358.5008850097656,7.663955211639404,5.51462459564209,4.4643235206604,2.412982702255249,-2.4751856327056885,6.439086437225342,-0.9039042592048645,2.166107177734375,-0.32433974742889404,460009.20722255716,1865.4379952908519,1747891.1227732606,3708.4176017745303,2.671164793355274e-06,0.0017934649949893355,0.00032700306108530844,0.12355197595902923,0.5565529313362824,0.0,0.0,0.0,0.0,0.0,958.0,169.0,27.5,33.0,4.0,876.0,hiphop
71.94449615478516,11.192425727844238,10.487104415893555,5.3452467918396,3.347325086593628,-6.304591178894043,8.675320625305176,2.3520667552948,0.520965039730072,0.1636066883802414,585700.4942457678,1821.4458505378382,2477819.1423246344,3979.1965683716076,1.530935878690798e-05,0.0038472749292850494,0.008819957591527379,0.11539900427322547,0.5654775762906245,0.0,0.0,0.0,0.0,0.0,958.0,165.0,24.499714748859326,69.0,3.0,942.0,hiphop
89.09593200683594,15.776613235473633,8.658102989196777,3.9101905822753906,3.115079402923584,-12.044042587280273,10.774567604064941,2.780442237854004,1.2289299964904785,-0.45295852422714233,743969.6116537674,1591.1261932571233,3400760.011446319,3351.113974425887,9.564505489834119e-06,0.0029279999434947968,0.00014169966401262902,0.09979439179932151,0.5979684576316492,0.0,0.0,0.0,0.0,0.0,958.0,303.0,19.445436482630058,161.0,5.0,954.0,hiphop
32.45557403564453,7.3426008224487305,4.306558609008789,4.6313323974609375,2.962827682495117,-2.697570323944092,6.225055694580078,0.7706201672554016,2.485715866088867,-0.04537218436598778,351868.50153935986,2116.6515081893217,967972.081274945,4342.233168058455,4.67792642666609e-06,0.0023864253889769316,0.002739302598679991,0.14364694105558456,0.6299678367867828,0.0,0.0,0.0,0.0,0.0,958.0,216.0,25.956543598746574,94.0,5.0,947.0,hiphop
31.81539535522461,7.3398118019104,7.745809078216553,3.9929556846618652,2.1890296936035156,-2.1297717094421387,4.679623603820801,1.3267878293991089,2.9069113731384277,0.8870776891708374,595244.542758116,2310.052237725234,1354310.0439479302,4737.392353862213,1.2869385500380304e-05,0.0030684706289321184,0.002876767252158677,0.11955347240344467,0.5518879719929982,0.0,0.0,0.0,0.0,0.0,958.0,89.0,18.354047994837977,3.0,5.0,741.0,hiphop
31.522043228149414,11.287254333496094,5.575196266174316,2.487741708755493,1.3007465600967407,-9.042092323303223,10.471745491027832,-0.2881366014480591,1.8162381649017334,0.21900226175785065,399285.57152199175,1488.0374709822663,2205306.804530176,3215.7244911273488,1.3146364835847635e-05,0.0032634944655001163,7.757947166647677e-05,0.07472588971163883,0.6561640410102525,0.0,0.0,0.0,0.0,0.0,958.0,525.0,20.601722307054366,427.0,3.0,929.0,hiphop
64.25287628173828,18.5382022857666,11.168746948242188,4.154885768890381,4.914858818054199,-18.69729995727539,7.5243024826049805,-1.2351301908493042,2.2123775482177734,-0.8105873465538025,701805.5145370661,2042.2813763076342,1791735.3451057407,3624.314979123173,3.4457884794392157e-06,0.0018628487596288323,0.022790290483447325,0.17733172135960334,0.5488570418466686,0.0,0.0,0.0,0.0,0.0,958.0,144.0,24.499714748859326,9.0,3.0,956.0,hiphop
71.94449615478516,11.192425727844238,10.487104415893555,5.3452467918396,3.347325086593628,-6.304591178894043,8.675320625305176,2.3520667552948,0.520965039730072,0.1636066883802414,585700.4942457678,1821.4458505378382,2477819.1423246344,3979.1965683716076,1.530935878690798e-05,0.0038472749292850494,0.008819957591527379,0.11539900427322547,0.5654775762906245,0.0,0.0,0.0,0.0,0.0,958.0,165.0,24.499714748859326,69.0,3.0,942.0,hiphop
31.228008270263672,7.939969539642334,5.17718505859375,2.4931278228759766,1.8384052515029907,-2.866077423095703,8.264147758483887,1.0778051614761353,2.183072090148926,0.9522702097892761,450405.9842163655,1761.156439347024,1897374.6939620832,3818.313566098081,5.981086360407062e-06,0.002889209659770131,0.0017241301520453112,0.10451092750533049,0.6644480085538624,1.0,0.0,0.0,98.4375,0.0,938.0,146.0,20.601722307054366,27.0,3.0,933.0,hiphop
27.57877540588379,4.40058708190918,3.635239362716675,3.3891890048980713,1.5557016134262085,-3.9334542751312256,6.394009590148926,3.653064727783203,2.4290266036987305,1.3216931819915771,499896.31045103504,2103.07053377273,1264192.0353615468,4952.550306503198,7.848714631109033e-06,0.0034443377517163754,0.00208412470264922,0.1003397146521855,0.5505969883275416,0.0,0.0,0.0,0.0,0.0,938.0,144.0,23.12465141947715,28.0,3.0,894.0,hiphop
63.997432708740234,6.158155918121338,3.027310371398926,3.273777484893799,0.551889181137085,-4.8289875984191895,6.93710470199585,3.631556272506714,3.508471727371216,1.5269404649734497,433708.67383907153,1832.3725195398385,1849929.6733267887,4325.751265991471,6.899046184116742e-06,0.002738045062869787,0.003914322779967611,0.08831435734275053,0.6218479907333154,1.0,0.0,0.0,98.70087719298246,0.0,938.0,277.0,20.601722307054366,2.0,3.0,938.0,hiphop
23.363067626953125,4.973569869995117,4.2775983810424805,3.218022346496582,2.351085662841797,-0.4956247806549072,4.549054145812988,3.652317762374878,3.7022297382354736,0.8629705309867859,293354.75635605294,2257.9019100687315,534771.3809836468,5071.386926972282,4.495782377489377e-06,0.0029069967567920685,0.0006030056916889303,0.11851023204291045,0.5529092043125723,1.0,0.0,0.0,133.9452380952381,0.0,938.0,243.0,27.5,140.0,3.0,932.0,hiphop
33.473106384277344,9.768865585327148,6.315655708312988,4.3139519691467285,2.4224348068237305,-6.205505847930908,10.467033386230469,1.4939607381820679,4.388082027435303,0.8120769262313843,229762.75595399403,1176.294929512752,1423804.847128018,2614.0974813432836,1.4462678336712997e-05,0.004736301489174366,0.0006179508426774184,0.048296117070895525,0.5801523656776262,0.0,0.0,0.0,0.0,0.0,938.0,158.0,21.826764464562746,30.0,3.0,908.0,hiphop
38.1845588684082,11.573771476745605,7.411078453063965,3.151996612548828,1.6108577251434326,-2.831428050994873,6.4553542137146,3.3611843585968018,3.133706569671631,0.8036304712295532,726818.5951863289,2049.6142771111963,2141248.733395849,4429.837420042644,8.365973371837754e-06,0.003210952039808035,0.0008353124953151544,0.11679239822094882,0.5083934776797646,0.0,0.0,0.0,0.0,0.0,938.0,242.0,20.601722307054366,62.0,3.0,933.0,hiphop
32.422733306884766,8.007283210754395,4.112358570098877,2.4500114917755127,1.7466167211532593,-9.765591621398926,8.056692123413086,2.952755928039551,1.301713228225708,0.676569938659668,500618.70199171035,1847.325230723595,2235191.9231745778,4236.149053837953,9.489203876000829e-06,0.0034238395746797323,0.0009133004621825299,0.0825721073760661,0.6418337342956429,0.0,0.0,0.0,0.0,0.0,938.0,173.0,29.135235094880613,39.0,3.0,904.0,hiphop
37.588138580322266,8.058829307556152,4.557136535644531,4.409336566925049,1.7276841402053833,-9.634255409240723,7.062449932098389,3.415178060531616,1.3903557062149048,0.2721262276172638,425305.62123964226,1976.1316552380806,1810519.9909756065,4687.87480010661,2.0491859686444513e-05,0.0038567038718611,0.0005992024164271238,0.09918564265724947,0.5732647242270338,0.0,0.0,0.0,0.0,0.0,938.0,167.0,21.826764464562746,17.0,3.0,893.0,hiphop
24.502981185913086,6.2603349685668945,4.436233997344971,3.375422954559326,1.9883779287338257,-6.445380687713623,7.49271821975708,2.0387773513793945,0.7854046821594238,1.1591078042984009,277136.27909620514,2024.5619660828804,1076344.206131108,4739.855410447762,3.2487307635165052e-06,0.0025222899857908487,0.010265937371714653,0.11303971215351813,0.5509578544061302,1.0,0.0,0.0,110.31078431372549,0.0,938.0,144.0,16.351597831287414,1.0,3.0,913.0,hiphop
18.603803634643555,6.757576942443848,5.341742515563965,3.746474027633667,2.0192229747772217,-8.368351936340332,8.959939956665039,-0.7112575173377991,3.424105644226074,0.4379902184009552,342641.8478451484,1516.1645761561165,1148422.0090281097,3210.870868869936,7.6118972174299415e-06,0.0030593418050557375,0.004747815901361625,0.0942950218216951,0.5732424485431704,1.0,0.0,0.0,110.61507936507937,0.0,938.0,306.0,19.445436482630058,208.0,3.0,931.0,hiphop
19.49146842956543,2.3588883876800537,3.775902509689331,2.3744468688964844,0.9635581970214844,-4.8714141845703125,5.574522972106934,1.157787561416626,2.7250914573669434,1.0341013669967651,215830.40786708833,2054.875444912684,698405.5845522225,4595.299173773988,9.882897757051978e-06,0.0029798271134495735,0.0012032399908173642,0.08689428138326226,0.6046823487481066,1.0,0.0,0.0,103.97086466165413,0.0,938.0,315.0,21.826764464562746,54.0,3.0,923.0,hiphop
28.71124839782715,5.1349711418151855,3.7617645263671875,2.128763198852539,2.3084678649902344,-6.201050758361816,7.0202531814575195,0.9757459163665771,4.3711137771606445,1.366223692893982,282493.6557340846,1535.5499929545754,1119120.2337009637,3407.632595948827,1.3993842003401369e-05,0.004393760580569506,0.0007319081200372789,0.06562801922308102,0.5548070925777421,1.0,0.0,0.0,110.34798534798534,0.0,938.0,203.0,20.601722307054366,80.0,3.0,725.0,hiphop
32.00440979003906,6.158998966217041,6.362627029418945,2.9800331592559814,1.9128354787826538,-5.7727155685424805,4.703365802764893,0.3251778781414032,2.8422136306762695,1.0746617317199707,547743.1021092989,2314.4708690965413,1133764.0051377583,4628.423174307036,4.993434231437277e-06,0.002221059752628207,0.0014349973679052784,0.16874073410847548,0.6115610799251537,0.0,0.0,0.0,0.0,0.0,938.0,228.0,19.445436482630058,52.0,3.0,936.0,hiphop
26.0722713470459,5.749250888824463,4.611883163452148,2.950471878051758,2.2032885551452637,-7.803867816925049,7.498583793640137,0.8658326864242554,4.0060272216796875,0.5784510374069214,323626.6728519487,1630.801267302137,1306338.0109299738,3669.792777185501,1.3622819096781313e-05,0.003353707492351532,0.0006406193561345753,0.07706827192164178,0.6096899224806202,0.0,0.0,0.0,0.0,0.0,938.0,315.0,21.826764464562746,158.0,3.0,932.0,hiphop
38.66386413574219,3.6527745723724365,6.595943450927734,4.4322357177734375,2.091897964477539,-8.873517036437988,6.712904930114746,0.20920322835445404,4.537286758422852,0.37987732887268066,239110.0878903598,1573.384383198887,833309.7167717906,3504.131130063966,3.0976138077676296e-05,0.004532017279416323,0.0034233522259294446,0.07071645122601279,0.5260179987525616,0.0,0.0,0.0,0.0,0.0,938.0,100.0,30.867706328507765,5.0,3.0,590.0,hiphop
23.77930450439453,3.5787546634674072,4.276107311248779,4.095815181732178,3.706287145614624,-6.487966537475586,7.727491855621338,-0.6611670255661011,2.969146728515625,1.7205549478530884,195237.08855037318,1537.271419562784,713782.5342791813,3297.3830623667377,8.985859494714532e-06,0.003509016241878271,0.001139113098576293,0.08636643789978678,0.5874186937538982,0.0,0.0,0.0,0.0,0.0,938.0,129.0,20.601722307054366,8.0,3.0,912.0,hiphop
63.429386138916016,16.791645050048828,14.929007530212402,6.781646728515625,2.5483596324920654,-8.355525016784668,7.257452011108398,0.9764816164970398,2.4017274379730225,1.2563586235046387,912973.6300412053,1885.5737811427073,2914337.408144783,3834.446628464819,1.674448503763415e-05,0.004137125797569752,0.0005875871455078514,0.12824410314498935,0.6207564822240043,0.0,0.0,0.0,0.0,0.0,938.0,155.0,20.601722307054366,10.0,3.0,860.0,hiphop
37.76426696777344,8.484065055847168,6.310424327850342,4.686488628387451,2.149303674697876,-4.231839656829834,6.396722793579102,0.7020736336708069,3.1472747325897217,0.5358738303184509,588181.8278955999,2168.1893101895093,1397249.2713929438,4373.950559701492,1.2894510291516781e-05,0.003192606382071972,0.0005671743936661097,0.14464160780916843,0.6457186135614364,1.0,0.0,0.0,103.95220588235294,0.0,938.0,204.0,23.12465141947715,31.0,4.0,875.0,hiphop
29.43295669555664,5.914578914642334,4.175782203674316,4.709873676300049,2.510385274887085,-2.864353656768799,6.547550201416016,3.0773303508758545,3.5862977504730225,0.6061452627182007,317288.15018077235,2009.4904906609138,782867.0880488872,4540.620002665245,9.500355190539267e-06,0.0038549473974853754,0.00018733317831393412,0.09571822111540512,0.6108215272208856,1.0,0.0,0.0,109.37500000000001,0.0,938.0,206.0,25.956543598746574,89.0,3.0,931.0,hiphop
62.52136993408203,15.251089096069336,6.837601184844971,5.0098700523376465,2.188709020614624,-8.997154235839844,8.384410858154297,4.5710129737854,2.691922187805176,1.1648555994033813,920401.3968869073,1730.1970691228637,3746853.1323456066,3735.2828491471214,1.733166391204577e-05,0.004672071896493435,0.0037157012730270928,0.09171827108875266,0.6794217232469035,1.0,0.0,0.0,98.4375,0.0,938.0,147.0,20.601722307054366,7.0,3.0,931.0,hiphop
52.92430877685547,8.88148021697998,6.093813419342041,3.8609707355499268,1.8302608728408813,-5.7769694328308105,7.951964855194092,2.426741361618042,2.2860844135284424,-0.339657187461853,486418.3419863926,1883.3059115276617,1675966.6471902619,4119.536247334755,9.184319424093701e-06,0.00272752926684916,0.00030541393427042587,0.09706593983208955,0.5835382696248775,0.0,0.0,0.0,0.0,0.0,938.0,222.0,30.867706328507765,89.0,3.0,882.0,hiphop
22.749996185302734,4.492025375366211,4.3995585441589355,2.1012160778045654,1.7776492834091187,-3.2692737579345703,6.192048072814941,1.0848064422607422,2.2746193408966064,0.9171701073646545,506387.29761337495,2126.556061086001,1384978.204368762,4597.339752132196,6.626859885727754e-06,0.0028513569850474596,0.0027439786785289836,0.1307224688499467,0.5759689922480622,1.0,0.0,0.0,98.70087719298246,0.0,938.0,141.0,16.351597831287414,25.0,5.0,811.0,hiphop
41.9548454284668,5.157642841339111,3.727933168411255,3.547102451324463,1.1741657257080078,-2.4138834476470947,6.667782783508301,2.9966766834259033,2.921433448791504,1.146888017654419,388417.392155832,1998.828862900612,1309901.1168396089,4561.575493070362,7.112535968190059e-06,0.0026753488928079605,0.005107842942798536,0.11101995602345416,0.610478481689388,0.0,0.0,0.0,0.0,0.0,938.0,298.0,27.5,105.0,3.0,938.0,hiphop
30.6195068359375,7.231998443603516,4.5865278244018555,3.5026986598968506,2.1128554344177246,-2.205138921737671,4.375244140625,4.799290180206299,3.4600601196289062,0.9681432843208313,534717.4894790563,2376.6708931351864,563140.2028376488,5289.18743336887,5.716655778087443e-06,0.0029877512715756893,0.011514197649484399,0.1283003231609808,0.5728503965071727,0.0,0.0,0.0,0.0,0.0,938.0,252.0,27.5,116.0,3.0,932.0,hiphop
35.29486083984375,7.421359539031982,6.691261291503906,2.7255403995513916,1.8865305185317993,-4.442956924438477,8.701906204223633,4.773486614227295,1.7545247077941895,1.6633862257003784,393023.65282294404,1617.913713177356,2927228.9157586326,4078.566431236674,6.084972028475022e-06,0.003464013570919633,0.0016758396956209802,0.06339795858875266,0.5617303751225163,1.0,0.0,0.0,98.4375,0.0,938.0,224.0,21.826764464562746,80.0,3.0,938.0,hiphop
23.089303970336914,9.028095245361328,2.5394725799560547,2.5409109592437744,1.2145283222198486,-4.358397006988525,6.2099199295043945,4.37141752243042,3.2025041580200195,1.4094642400741577,633300.7736666007,2048.8419116301443,1737396.1863335513,4811.742070895522,7.268588433362311e-06,0.003201461862772703,0.005232181197114887,0.09772444279717483,0.5352846832397754,0.0,0.0,0.0,0.0,0.0,938.0,147.0,19.445436482630058,12.0,4.0,911.0,hiphop
32.23664474487305,9.900411605834961,5.062713146209717,3.5354201793670654,1.7254778146743774,-6.719078540802002,9.711956024169922,1.718586802482605,4.169667720794678,0.991777241230011,299394.4713870753,1269.7839305535,1596192.9030557591,2850.9378331556504,1.581238211656455e-05,0.004608205985277891,0.016981559301844657,0.059628094183102345,0.61769580326116,1.0,0.0,0.0,98.70087719298246,0.0,938.0,174.0,21.826764464562746,28.0,3.0,908.0,hiphop
65.71614837646484,7.981474876403809,4.939784526824951,3.3330307006835938,1.5016611814498901,-4.057068347930908,7.48860502243042,4.834932804107666,3.2848942279815674,1.3718894720077515,624772.2095207873,1788.5846434561215,2332993.7161512263,4252.981743070362,6.694041530863615e-06,0.0035214857198297977,2.3790179649895987e-06,0.08830134345015991,0.5574445335471799,0.0,0.0,0.0,0.0,0.0,938.0,249.0,23.12465141947715,57.0,3.0,938.0,hiphop
25.432615280151367,5.2499895095825195,5.197925567626953,3.8917665481567383,1.687744140625,-2.6932318210601807,5.349925994873047,4.067104816436768,3.1681742668151855,0.24804159998893738,400097.35943338973,2325.6617975403196,761680.8863014929,5125.241537846482,2.973186610688572e-06,0.0020149543415755033,0.005093195206687775,0.1294720940498401,0.543682616056313,0.0,0.0,0.0,0.0,0.0,938.0,182.0,20.601722307054366,5.0,3.0,895.0,hiphop
34.998878479003906,14.025073051452637,6.714297771453857,5.160967826843262,2.3034162521362305,-4.617799758911133,5.7939934730529785,2.8040401935577393,2.3753652572631836,0.23990489542484283,966433.590744836,2356.705185169674,1802500.7367805578,4815.415111940299,7.754848411423154e-06,0.0029125064611434937,0.00266385815192914,0.1632311725413113,0.6162211529893968,1.0,0.0,0.0,93.99801587301587,0.0,938.0,147.0,24.499714748859326,16.0,3.0,921.0,hiphop
50.211849212646484,10.71068000793457,7.0079450607299805,4.013060569763184,2.5778870582580566,-5.337083339691162,9.321306228637695,0.3807341754436493,2.305284023284912,-0.19062532484531403,481680.3172079896,1625.0012793655246,1810567.056592228,3371.2436700426438,2.7640275220619515e-05,0.004513148218393326,1.328172775458216e-05,0.10280090201892324,0.6062505568920965,1.0,0.0,0.0,98.4375,0.0,938.0,124.0,20.601722307054366,9.0,4.0,789.0,hiphop
22.496692657470703,7.142313480377197,4.707347869873047,3.769289255142212,2.6049611568450928,1.3488869667053223,6.869966983795166,1.2799911499023438,1.5701838731765747,-0.28932908177375793,365343.4639976659,2149.905199547944,1142610.4727087985,4527.935101279318,4.099392299394822e-06,0.0021491707302629948,0.00616712321454083,0.14542556469882728,0.594333066025127,1.0,0.0,0.0,157.1377840909091,0.0,938.0,160.0,24.499714748859326,8.0,4.0,933.0,hiphop
50.211849212646484,10.71068000793457,7.0079450607299805,4.013060569763184,2.5778870582580566,-5.337083339691162,9.321306228637695,0.3807341754436493,2.305284023284912,-0.19062532484531403,481680.3172079896,1625.0012793655246,1810567.056592228,3371.2436700426438,2.7640275220619515e-05,0.004513148218393326,1.328172775458216e-05,0.10280090201892324,0.6062505568920965,1.0,0.0,0.0,98.4375,0.0,938.0,124.0,20.601722307054366,9.0,4.0,789.0,hiphop
63.50102615356445,8.833233833312988,6.785515308380127,6.598485469818115,2.8563995361328125,-3.0068185329437256,6.2951340675354,-0.18729376792907715,2.7293972969055176,-0.49686315655708313,412678.40444225376,2287.3649622753924,1531306.097993406,4501.957289445629,3.6737490063387668e-06,0.002121610101312399,0.017553811177120408,0.1774126715751599,0.5548293682616057,1.0,0.0,0.0,104.18333333333334,0.0,938.0,138.0,29.135235094880613,31.0,4.0,935.0,hiphop
15.122594833374023,3.731417417526245,2.741947650909424,2.926440477371216,1.6676578521728516,-1.8836157321929932,5.397486686706543,1.4781222343444824,2.7162230014801025,0.14838279783725739,259315.59148935354,2457.137191507336,662961.0418686437,5007.029584221748,2.6713723855209537e-06,0.0019543576054275036,0.0037373735162852723,0.1656262493336887,0.3773367192372806,0.0,0.0,0.0,0.0,0.0,938.0,200.0,25.956543598746574,76.0,3.0,920.0,hiphop
38.32364273071289,6.276845932006836,5.231477737426758,3.242476224899292,1.5346434116363525,-15.314249992370605,9.565864562988281,1.3247146606445312,2.5358784198760986,1.6801719665527344,261666.0324778894,1348.4158522198925,1850038.8793093443,3008.9035847547975,9.963021511794068e-06,0.0033926148898899555,0.0019137527818863772,0.06562853977878465,0.6775505658023703,0.0,0.0,0.0,0.0,0.0,938.0,310.0,25.956543598746574,211.0,3.0,920.0,hiphop
6.123149871826172,4.310605525970459,1.9907982349395752,1.290248155593872,1.1678705215454102,-6.258590221405029,6.299920558929443,0.1709122359752655,1.8422566652297974,-0.0005247945082373917,279925.57340958284,2116.6035532812407,584540.0263138799,4501.6657782515995,2.0509830847004196e-06,0.0019283989677205682,0.011344461465894164,0.1444661805370469,0.5494653835872761,0.0,0.0,0.0,0.0,0.0,938.0,209.0,29.135235094880613,99.0,5.0,890.0,hiphop
15.868677139282227,3.029900312423706,2.7370517253875732,2.7916674613952637,1.5273927450180054,-5.686252593994141,6.22596549987793,-0.377154141664505,1.9435311555862427,0.8745548129081726,209223.53140670367,2119.5300113802377,632351.927519431,4463.935900852878,1.938313744176412e-06,0.0018122218316420913,0.0007676832729945225,0.13952350413113007,0.5365053907154951,1.0,0.0,0.0,104.18333333333334,0.0,938.0,134.0,18.354047994837977,16.0,5.0,887.0,hiphop
34.053958892822266,13.07683277130127,5.736205577850342,4.0765180587768555,2.3186614513397217,-14.247916221618652,6.937201976776123,0.020677179098129272,3.2433652877807617,0.2118947058916092,465823.6477295708,1902.117008168661,1383716.7185763188,3823.1276652452025,1.9181899915565737e-05,0.003461000043898821,0.007373895521889858,0.13714092067563965,0.6733270961418516,0.0,0.0,0.0,0.0,0.0,938.0,115.0,19.445436482630058,27.0,4.0,827.0,hiphop
13.921852111816406,3.14188289642334,3.0907115936279297,2.9605202674865723,1.954091191291809,-5.490972518920898,5.355217933654785,0.932624876499176,1.9552452564239502,0.5677440166473389,221540.54658084072,2346.87216696502,431628.3717541697,4985.232875799574,1.631310169614153e-06,0.0017264123307541013,0.0011050070369048137,0.15872992737206823,0.5444533547179898,0.0,0.0,0.0,0.0,0.0,938.0,122.0,19.445436482630058,2.0,4.0,888.0,hiphop
23.770706176757812,6.30167818069458,4.145618915557861,2.917614221572876,1.9352085590362549,-13.120418548583984,6.376269817352295,-0.17838674783706665,1.8220434188842773,1.4382972717285156,345420.602922845,1918.5862791826125,1262816.4116264859,4110.424440298508,1.0188325177296065e-05,0.0034120383206754923,0.002650763080761123,0.10177853061700426,0.6564822240042769,1.0,0.0,0.0,98.70087719298246,0.0,938.0,129.0,27.5,26.0,5.0,793.0,hiphop
18.54882049560547,2.0249950885772705,3.175255537033081,1.1172915697097778,1.298377513885498,-11.373055458068848,4.378021240234375,2.6194803714752197,2.839834451675415,0.5844405889511108,359001.9156287043,2220.557862656629,628474.8713710186,5010.577691897654,3.418635606067255e-05,0.00556423794478178,0.007801172767298396,0.10796481459888059,0.5716920609462711,1.0,0.0,0.0,103.97086466165413,0.0,938.0,93.0,24.499714748859326,5.0,3.0,600.0,hiphop
13.121774673461914,3.6379661560058594,4.33370304107666,2.481886386871338,1.5694023370742798,-3.075486183166504,4.954627513885498,0.04286631569266319,1.9556210041046143,0.8957117199897766,198618.63673593476,2420.469908805078,532895.8390396524,5020.097614605544,1.6138637874973938e-06,0.0015762526309117675,0.0014682771971398288,0.18773216784381663,0.5647955092221332,1.0,0.0,0.0,117.1875,0.0,938.0,206.0,20.601722307054366,66.0,3.0,938.0,hiphop
11.770234107971191,3.7894225120544434,2.125453233718872,2.044713258743286,1.3822319507598877,-4.4409499168396,4.599930286407471,0.4826379716396332,2.3267014026641846,0.9921150803565979,210192.76332759837,2418.3486713804396,478607.77341825387,5034.190098614073,1.8591164234749158e-06,0.0017462807008996606,0.005248837403350455,0.1466676106076759,0.5594627105052125,1.0,0.0,0.0,125.01666666666667,0.0,938.0,155.0,17.323914436054505,18.0,5.0,865.0,hiphop
9.154526710510254,2.36843204498291,2.190206289291382,1.8392778635025024,1.3992674350738525,-5.433635711669922,6.879672527313232,-0.40653201937675476,1.6905367374420166,1.103720784187317,157538.77728849003,1994.7102868162156,648969.5732066786,4278.526452558635,2.5593351438146783e-06,0.0019954966846853495,0.009038626416575267,0.1297396596815032,0.5739909115209836,0.0,0.0,0.0,0.0,0.0,938.0,134.0,20.601722307054366,13.0,3.0,897.0,hiphop
15.8869047164917,2.520928144454956,2.8927688598632812,2.0477757453918457,1.762218952178955,-4.976661205291748,4.2745442390441895,0.5577917098999023,2.901102304458618,0.7415207028388977,186737.55360518044,2406.8158914076776,420835.41612961004,4972.398054371002,2.9655145681317663e-06,0.0018927641212940216,2.4316971917727488e-05,0.1753413804304371,0.5954468502183016,0.0,0.0,0.0,0.0,0.0,938.0,186.0,21.826764464562746,16.0,3.0,928.0,hiphop
17.20062828063965,2.8026790618896484,3.7762606143951416,3.3449416160583496,3.219205856323242,-8.871578216552734,6.769870758056641,2.243560552597046,1.9667421579360962,2.189791202545166,191005.67989649772,1928.693303693518,1003004.0947777389,4801.455890191898,9.135008440352976e-06,0.003445321461185813,0.004693808814809973,0.08315981476545842,0.5433172948409517,1.0,0.0,0.0,117.1875,0.0,938.0,313.0,19.445436482630058,109.0,3.0,906.0,hiphop
25.70438003540039,3.0597856044769287,3.871796131134033,2.8731789588928223,2.1111955642700195,-12.407584190368652,2.526689291000366,3.386322498321533,2.9002254009246826,1.560765266418457,337290.49456433574,2900.7382800361997,240034.84601267474,5803.2132862473345,3.7638606045220513e-06,0.0020799878984689713,0.014399765126224269,0.18835839635527718,0.6706451038046867,0.0,0.0,0.0,0.0,0.0,938.0,216.0,20.601722307054366,24.0,3.0,901.0,hiphop
23.31902503967285,5.679838180541992,3.997978448867798,3.8501265048980713,3.255997896194458,-10.115795135498047,8.079174995422363,0.6946084499359131,2.3080103397369385,1.2635579109191895,202347.46066014058,1718.1409517214381,1279094.7102138323,3850.121601812367,1.875195448519662e-05,0.004109169356524944,0.00021008626922856184,0.06771700926172708,0.5640203154236835,0.0,0.0,0.0,0.0,0.0,938.0,129.0,19.445436482630058,0.0,4.0,822.0,hiphop
11.850592613220215,2.6218838691711426,2.8450684547424316,1.1761150360107422,0.9682735204696655,-4.099360942840576,3.9769372940063477,0.22868242859840393,2.489401340484619,0.7034148573875427,198719.28052377125,2539.2168321681493,483834.3401909173,5064.648853944563,5.115570615998877e-07,0.0011114870430901647,0.011866635815766371,0.20024268306902984,0.6089058184086251,1.0,0.0,0.0,110.31078431372549,0.0,938.0,170.0,24.499714748859326,27.0,3.0,933.0,hiphop
18.427568435668945,5.361754894256592,3.752070665359497,3.3970348834991455,3.422767400741577,-5.989266395568848,8.996037483215332,-1.0327601432800293,2.1809685230255127,-0.5307074189186096,131507.15949114546,1657.6175551129652,563446.4016939944,3315.3234941364603,2.3523448362539057e-06,0.00243866047821939,0.0010936158216339792,0.11021830023987207,0.5264546021562861,0.0,0.0,0.0,0.0,0.0,938.0,431.0,20.601722307054366,352.0,3.0,936.0,hiphop
9.488175392150879,5.158127784729004,2.3120224475860596,2.6732003688812256,1.94105863571167,-5.374549388885498,5.728634834289551,2.2837865352630615,1.734859824180603,0.7779462337493896,282334.89542090654,2291.386974991679,464826.2081607294,5116.704424307036,2.4079804461507592e-06,0.0020323621574789286,0.0014348001811042843,0.14083218117004265,0.5721108438029049,0.0,0.0,0.0,0.0,0.0,938.0,194.0,19.445436482630058,32.0,3.0,938.0,hiphop
15.070998191833496,4.653409481048584,3.1732966899871826,2.8445887565612793,1.757141351699829,-6.859614372253418,4.0112152099609375,1.041190505027771,3.2163569927215576,0.9820967316627502,235471.70658260272,2360.809439630039,408381.5613532457,4973.389192430704,4.166262897342676e-06,0.0024373549968004227,0.000298287342032391,0.1276225596348614,0.6104250200481155,0.0,0.0,0.0,0.0,0.0,938.0,128.0,18.354047994837977,7.0,5.0,814.0,hiphop
25.952495574951172,11.255927085876465,7.489202499389648,5.1627373695373535,2.773808717727661,-6.441989898681641,7.8094801902771,-1.1315703392028809,2.0432426929473877,0.34382033348083496,485724.06341201736,1806.644771702844,1420048.835164711,3489.2807169509597,6.911309355928097e-06,0.0030690033454447985,0.006666330658659644,0.13145228794642858,0.7132094805310523,1.0,0.0,0.0,110.31078431372549,0.0,938.0,249.0,18.354047994837977,119.0,5.0,914.0,hiphop
111.67144012451172,15.201916694641113,3.705122709274292,1.0957368612289429,0.8333037495613098,-17.7408504486084,12.240839004516602,-1.5708006620407104,1.3243671655654907,-0.12005245685577393,314158.57022554334,1308.8384968642263,1399470.0661496217,2473.4558235607674,1.156899202214845e-06,0.0018490459769964218,0.006086446841115223,0.1024297458022388,0.6061837298405061,0.0,0.0,0.0,0.0,0.0,938.0,196.0,20.601722307054366,78.0,4.0,938.0,jazz
88.15989685058594,9.57080364227295,5.527918815612793,0.7425577640533447,0.8877058625221252,-25.229501724243164,12.489107131958008,-0.35116732120513916,1.9726881980895996,0.6649266481399536,184452.5480254518,1110.3461123078635,1011611.3060957263,2162.405050639659,1.546843009236909e-06,0.002029719529673457,1.1116618115855736e-05,0.07869709071828358,0.5464581662657044,0.0,0.0,0.0,0.0,0.0,938.0,346.0,21.826764464562746,259.0,4.0,938.0,jazz
74.3165054321289,17.72515869140625,2.917173147201538,1.9653944969177246,1.1457810401916504,-13.70629596710205,15.617547035217285,-3.6918203830718994,3.038681745529175,-0.14492052793502808,161473.2113270591,1079.070973534818,483781.5649023479,1938.8742670575693,3.574848733478575e-06,0.001926774624735117,0.0010580007290199663,0.07891364189099147,0.5394457809854761,0.0,0.0,0.0,0.0,0.0,938.0,239.0,29.135235094880613,33.0,3.0,938.0,jazz
96.97710418701172,15.228410720825195,5.6840057373046875,2.068434238433838,1.8264106512069702,-21.64603614807129,18.334932327270508,-0.9811145663261414,0.32555922865867615,0.9493634104728699,63579.896433159825,762.370075025972,258525.87393433257,1345.1409248400853,2.074105395877268e-06,0.0014914290513843298,0.0014812711796042205,0.06045994219749467,0.53644747393745,0.0,0.0,0.0,0.0,0.0,938.0,215.0,18.354047994837977,45.0,4.0,938.0,jazz
47.753108978271484,7.196671962738037,7.601754665374756,2.518207311630249,2.1009693145751953,-13.92829704284668,13.743027687072754,0.31042101979255676,2.0401482582092285,-0.5666964054107666,113062.97252693404,1013.1720962192983,801772.3120297107,1852.2454690831557,1.1885204912687186e-05,0.0037392419762909412,0.0006747926171579789,0.06503927072228145,0.5203332442305978,0.0,0.0,0.0,0.0,0.0,938.0,221.0,23.12465141947715,32.0,4.0,938.0,jazz
96.60875701904297,12.37459659576416,6.74813985824585,2.7218334674835205,1.8700248003005981,-13.30921459197998,11.356769561767578,-0.8344814777374268,1.463091492652893,0.46191808581352234,219094.1282740693,1196.6929326658162,1347884.6374328858,2346.4985341151387,2.5831486709648743e-05,0.0053351339884102345,0.00020721391965986506,0.07740194812766525,0.515388042412902,0.0,0.0,0.0,0.0,0.0,938.0,192.0,25.956543598746574,58.0,5.0,915.0,jazz
78.7966079711914,14.617536544799805,4.4453020095825195,2.2000348567962646,1.908905267715454,-12.185667991638184,12.082509994506836,-0.21243397891521454,3.526731252670288,-0.38664400577545166,241751.93955482412,1209.6314633402592,1098127.870762037,2427.280450426439,1.2637490726774558e-05,0.0033336689230054617,0.001349926220597921,0.06457337336753731,0.5471086162345183,0.0,0.0,0.0,0.0,0.0,938.0,191.0,23.12465141947715,37.0,4.0,930.0,jazz
52.04716110229492,11.452731132507324,8.829758644104004,2.7718505859375,1.5289382934570312,-15.72218132019043,11.914107322692871,-1.0376255512237549,1.019407033920288,-0.7241792678833008,113797.23867715542,1163.029210317154,663721.8018416121,1989.4889392324094,2.227932600362692e-05,0.004976831376552582,0.00029151145443994015,0.08885105027318764,0.5222489530428585,0.0,0.0,0.0,0.0,0.0,938.0,218.0,21.826764464562746,53.0,5.0,933.0,jazz
33.92034149169922,5.688900947570801,4.67694091796875,1.8366492986679077,1.9566205739974976,-10.104364395141602,10.805310249328613,-1.070282220840454,3.7822725772857666,1.578132152557373,136922.50110804473,1260.8783677871872,733553.5336866181,2653.6680437100213,7.321521934500197e-06,0.002902866108343005,0.00026195804263784314,0.062083555437100216,0.5429519736255902,0.0,0.0,0.0,0.0,0.0,938.0,170.0,21.826764464562746,0.0,3.0,925.0,jazz
13.484064102172852,4.791287899017334,2.8140225410461426,1.0563946962356567,0.5739293694496155,-20.145620346069336,17.389089584350586,1.6398152112960815,0.31273218989372253,0.21951772272586823,35291.3860109155,710.7507732391931,208343.21131253097,1132.2128198294242,7.4543763730616774e-06,0.0026971574407070875,0.00030566871126395435,0.043362290111940295,0.5743963289672993,0.0,0.0,0.0,0.0,0.0,938.0,204.0,17.323914436054505,12.0,3.0,934.0,jazz
148.7872314453125,8.807201385498047,11.53747844696045,1.4456616640090942,0.6693819761276245,-22.11806297302246,15.249899864196777,-1.390676498413086,4.200887203216553,1.9571287631988525,175358.4543409263,840.8524965959031,721545.6000786122,1599.8384195095948,2.4282950107590295e-05,0.002692960202693939,0.00033185350909614996,0.04507231559834755,0.6051412278356945,0.0,0.0,0.0,0.0,0.0,938.0,200.0,24.499714748859326,35.0,3.0,929.0,jazz
30.080541610717773,3.2926881313323975,7.645998001098633,0.7969391345977783,0.6807462573051453,-10.356182098388672,9.357490539550781,-0.4718599319458008,1.726189136505127,0.50138920545578,77406.33598583506,1636.0612812969205,651291.7027607487,3558.402185501066,1.6236115243373206e-06,0.0019347001798450947,0.00188756356873473,0.09862188083022388,0.5302860197808072,0.0,0.0,0.0,0.0,0.0,938.0,169.0,27.5,7.0,5.0,938.0,jazz
30.231197357177734,3.0504939556121826,6.190600872039795,0.9026103019714355,0.65082848072052,-16.971437454223633,10.05148983001709,0.30643779039382935,1.9796571731567383,0.6010180711746216,78629.73582063733,1491.1063574392851,702000.8541309063,3287.6632462686566,1.867214564299502e-06,0.0016815568087622523,9.363678060207981e-05,0.08145395372468017,0.5490332353203243,0.0,0.0,0.0,0.0,0.0,938.0,136.0,29.135235094880613,22.0,3.0,938.0,jazz
8.011271476745605,1.2601211071014404,2.040121555328369,0.766409695148468,1.026879072189331,-14.416535377502441,9.245685577392578,1.9058678150177002,1.8091802597045898,0.21936096251010895,52753.058759050255,1545.998159664221,543616.9553410356,3742.9204424307036,1.7925647171068704e-06,0.0024261712096631527,4.966207646889385e-06,0.07589650103278252,0.5663414416822596,1.0,0.0,0.0,117.66194331983806,0.0,938.0,186.0,29.135235094880613,39.0,4.0,938.0,jazz
96.29468536376953,16.545209884643555,5.442996025085449,2.4906468391418457,1.95225191116333,-22.7457218170166,13.20522689819336,-2.672421455383301,1.975993275642395,-0.7008458971977234,152622.1521806543,1148.5052970418712,575126.5345632515,2029.209421641791,7.340549473155988e-06,0.002531219506636262,0.00184215544146574,0.0888187758195629,0.5264367816091954,0.0,0.0,0.0,0.0,0.0,938.0,176.0,20.601722307054366,6.0,4.0,938.0,jazz
27.810352325439453,3.1575193405151367,7.664889335632324,0.9047865867614746,0.8421770930290222,-11.603067398071289,9.346860885620117,-0.7271144390106201,2.0306637287139893,0.5022494196891785,69327.18330516305,1594.8428590655906,463403.3152762068,3353.503131663113,1.582206778039108e-06,0.00228631473146379,0.0004028268050552609,0.09477757695895522,0.5379666755769402,0.0,0.0,0.0,0.0,0.0,938.0,115.0,27.5,5.0,5.0,938.0,jazz
54.03745651245117,10.950462341308594,6.969834327697754,2.470139741897583,1.0022262334823608,-14.461773872375488,10.906573295593262,-1.5225391387939453,2.092787981033325,0.35936495661735535,132999.45930642312,1381.8717981339669,575356.4894903644,2693.088686034115,3.457020966379787e-06,0.0019514234736561775,0.0018865233707951296,0.09421537679904052,0.5510425020048116,0.0,0.0,0.0,0.0,0.0,938.0,161.0,30.867706328507765,51.0,4.0,937.0,jazz
42.08283996582031,4.2676849365234375,6.307355880737305,0.7726137638092041,0.6365797519683838,-15.454996109008789,8.888596534729004,0.8497449159622192,2.0570666790008545,0.5027978420257568,178156.56689697318,1710.6275466726804,1000484.8269494588,3801.2643256929637,2.350637259951327e-06,0.002095281844958663,0.0037746999627643846,0.10440733692030917,0.613035730196917,0.0,0.0,0.0,0.0,0.0,938.0,250.0,29.135235094880613,21.0,3.0,938.0,jazz
8.4097318649292,1.6161154508590698,2.808236837387085,0.7596622705459595,0.5122894048690796,-11.137126922607422,8.245050430297852,-1.142437219619751,1.6424827575683594,0.8981903791427612,51773.95464381069,1816.866349316148,225194.95687942972,3844.1664445629,1.10333792235906e-06,0.001646119519136846,0.000855716231168876,0.1127487215151919,0.5839436870711929,0.0,0.0,0.0,0.0,0.0,938.0,178.0,24.499714748859326,20.0,3.0,936.0,jazz
25.005094528198242,4.109555244445801,3.7980501651763916,1.1951649188995361,0.7301779389381409,-15.824075698852539,11.493448257446289,-1.1638647317886353,1.7512121200561523,0.547787070274353,75681.67302291254,1282.1686363947654,495148.7829558599,2608.4754797441365,1.9766616787819657e-06,0.0019563089590519667,0.0029465906381380517,0.07430203891257996,0.5601398912946627,0.0,0.0,0.0,0.0,0.0,938.0,163.0,20.601722307054366,27.0,5.0,938.0,jazz
58.08267593383789,6.106315612792969,7.1144514083862305,1.1220430135726929,1.208149790763855,-27.886255264282227,10.830265045166016,1.0904467105865479,3.7350456714630127,1.656745195388794,97209.63153352746,1138.4006141889454,671119.7313902379,2557.3027718550106,1.0683438631531317e-05,0.003601332660764456,0.0002054641825399233,0.04411917810501066,0.5716920609462711,0.0,0.0,0.0,0.0,0.0,938.0,183.0,27.5,67.0,3.0,895.0,jazz
17.365394592285156,5.648614406585693,3.8030741214752197,0.7971416711807251,0.562765896320343,-10.472761154174805,4.72573184967041,1.5391740798950195,1.8660284280776978,-0.3528306484222412,346499.60961505317,2651.424906985383,803269.4810124899,5361.357276119403,3.99566289388531e-07,0.0010910622077062726,0.004578545958054517,0.2234266724413646,0.5567584424841844,0.0,0.0,0.0,0.0,0.0,938.0,159.0,27.5,31.0,4.0,938.0,jazz
23.24043846130371,5.610723495483398,5.340299606323242,1.93166184425354,0.9666368961334229,-18.979618072509766,11.560564041137695,0.7205185294151306,0.4106205403804779,0.3882305920124054,118745.32603152512,1322.9789083542319,1105255.9573171672,2743.0037313432836,8.085369699983858e-06,0.0028217025101184845,0.00023183882095301046,0.06698406683102345,0.4862024414149515,0.0,0.0,0.0,0.0,0.0,938.0,188.0,25.956543598746574,53.0,4.0,932.0,jazz
13.942173957824707,5.365279197692871,2.379389762878418,1.198335886001587,0.686060905456543,-9.430912971496582,7.402158260345459,-0.06911090761423111,1.8042283058166504,-0.1523434817790985,170641.35550852612,1850.45464838173,782793.1077461423,4000.58302238806,3.245301286369795e-06,0.002163664670661092,0.009339615653378795,0.1055067505663646,0.5536443018800676,0.0,0.0,0.0,0.0,0.0,938.0,269.0,17.323914436054505,5.0,5.0,937.0,jazz
37.07648468017578,6.706175327301025,6.410677909851074,1.391141653060913,0.5566183924674988,-11.817424774169922,7.896683216094971,-0.43689480423927307,1.6953184604644775,0.523434042930603,223982.2647423524,1886.870535083306,1116774.8744873602,4024.6951625799575,1.9229464669479057e-06,0.0018490885850042105,0.00147758707434012,0.1190058010727612,0.5755056580237013,0.0,0.0,0.0,0.0,0.0,938.0,199.0,19.445436482630058,77.0,5.0,930.0,jazz
45.1046142578125,5.743695259094238,5.71875,2.4165279865264893,1.3335000276565552,-14.887362480163574,9.57972240447998,1.1272084712982178,1.7577006816864014,-0.43621698021888733,116869.9737134666,1522.0642493044693,750471.11574531,3372.2431369936035,7.327572802751092e-06,0.003341387026011944,0.0015744101813077091,0.08167102545309168,0.5076762006593603,0.0,0.0,0.0,0.0,0.0,938.0,290.0,23.12465141947715,151.0,4.0,935.0,jazz
92.6980209350586,22.70635414123535,13.168684005737305,2.8260579109191895,2.314666509628296,-26.879138946533203,11.730238914489746,-0.09035620838403702,1.6127820014953613,0.5562573671340942,324029.1400297686,1294.2917504459067,1955788.740696682,2511.393923240938,1.4094570360612124e-05,0.0019469894468784332,0.0020948324552467826,0.07799590218550106,0.48538269624877484,0.0,0.0,0.0,0.0,0.0,938.0,243.0,20.601722307054366,73.0,4.0,887.0,jazz
39.76068115234375,1.9192148447036743,5.114040851593018,0.6052355766296387,1.7326195240020752,-17.162511825561523,8.631089210510254,0.9766963124275208,2.958235025405884,-0.38661810755729675,81064.44752654423,1605.131258782725,353654.5055018498,3639.5838885927506,5.213337317400146e-06,0.003096905769780278,0.0010848196511622813,0.07985636827025587,0.5452018176958032,0.0,0.0,0.0,0.0,0.0,938.0,171.0,24.499714748859326,63.0,3.0,926.0,jazz
32.146995544433594,3.06337571144104,7.63736629486084,1.2456175088882446,1.568259358406067,-13.931502342224121,9.310983657836914,-0.41670435667037964,1.8540112972259521,0.22486864030361176,73142.28076344995,1665.6307571134846,550169.0807241335,3581.1317297441365,2.1576279323198833e-06,0.0020607521291822195,0.0007037368644556954,0.09439913296242004,0.5640515013810924,0.0,0.0,0.0,0.0,0.0,938.0,137.0,29.135235094880613,10.0,4.0,937.0,jazz
17.582433700561523,2.4812827110290527,2.7475991249084473,0.7203818559646606,1.0078191757202148,-14.44324779510498,7.553293704986572,0.3058718144893646,2.7336041927337646,-0.6272644996643066,117866.43785553346,1995.580994676447,456461.7943174843,4132.27112206823,1.5483224160561804e-06,0.0019537920597940683,0.002244414694519156,0.12305884778118337,0.5425287356321838,1.0,0.0,0.0,133.4841628959276,0.0,938.0,148.0,19.445436482630058,28.0,3.0,938.0,jazz
50.248451232910156,11.069955825805664,4.363259315490723,1.3762623071670532,1.7459888458251953,-20.133907318115234,8.88633918762207,-0.3747493326663971,3.5942962169647217,-0.811771035194397,249169.46731820452,1633.1795253987664,810482.3963649957,3278.1266657782517,3.1320985272031976e-06,0.001817308715544641,0.0018663193025481944,0.11302513659381663,0.5268600196026019,0.0,0.0,0.0,0.0,0.0,938.0,170.0,27.5,50.0,5.0,938.0,jazz
25.47530746459961,3.345376968383789,5.320536136627197,0.755326509475708,0.5193560123443604,-14.195398330688477,8.816338539123535,-0.5415520071983337,2.2750706672668457,-0.05311686545610428,84537.49739072514,1626.639864547508,327640.6248601492,3449.393656716418,2.153317609554506e-06,0.002529788063839078,0.003671851854599524,0.09526377598614072,0.517669072440524,0.0,0.0,0.0,0.0,0.0,938.0,172.0,29.135235094880613,67.0,5.0,938.0,jazz
40.56021499633789,8.452476501464844,5.778555393218994,1.9357261657714844,1.3773967027664185,-21.328693389892578,11.180527687072754,1.3183035850524902,1.4771636724472046,0.2623566687107086,219543.2450807464,1377.1799800110941,1637547.3453736897,2962.186833688699,1.1957607057411224e-05,0.003095118096098304,0.001941911288483698,0.07922337253464819,0.5988995812171434,0.0,0.0,0.0,0.0,0.0,938.0,146.0,24.499714748859326,18.0,4.0,935.0,jazz
68.66545867919922,6.7888922691345215,3.3962366580963135,1.8556475639343262,0.9856898784637451,-16.38475227355957,12.151896476745605,0.32549530267715454,2.636155605316162,-0.00457739969715476,126803.72504293671,1178.1306480270084,764015.9479604169,2496.310301172708,7.261306564032566e-06,0.003668974619358778,0.0009210252321121812,0.057203866271321964,0.559810211173483,0.0,0.0,0.0,0.0,0.0,938.0,132.0,29.135235094880613,32.0,3.0,930.0,jazz
32.984275817871094,10.02376651763916,4.644791603088379,1.2762846946716309,0.8534672856330872,-4.517916679382324,8.075109481811523,-1.1889220476150513,3.0411102771759033,0.5904045104980469,231468.58115095456,1740.0464090151306,445651.5538710956,3530.858542110874,2.601165761006996e-06,0.002555006416514516,0.00022945131323974353,0.10594609958022388,0.46051857792034223,0.0,0.0,0.0,0.0,0.0,938.0,248.0,21.826764464562746,71.0,3.0,938.0,jazz
36.48641586303711,3.351926803588867,3.969637155532837,1.7662084102630615,1.2163809537887573,-15.275039672851562,15.77755069732666,-1.2432087659835815,3.826890230178833,-0.4920582175254822,54359.34004322752,856.4574795925764,437261.95488527743,1666.1863672707889,7.070678293530364e-06,0.0029925908893346786,0.0001704062732163577,0.05162819412979744,0.4801256348569901,0.0,0.0,0.0,0.0,0.0,938.0,194.0,18.354047994837977,24.0,4.0,938.0,jazz
40.445884704589844,15.717785835266113,6.863986492156982,1.8254849910736084,0.6943827271461487,-9.831366539001465,10.8173246383667,-2.7672247886657715,3.5191891193389893,-0.7260563373565674,278763.13369748736,1484.7939466312728,754374.7995943786,2687.3750666311303,1.3716201010538498e-06,0.0023398033808916807,0.010094609883581414,0.1356281858009062,0.5283836763788649,0.0,0.0,0.0,0.0,0.0,938.0,202.0,29.135235094880613,71.0,4.0,938.0,jazz
24.166805267333984,5.245237827301025,5.543271064758301,1.9591305255889893,1.252350091934204,-10.41794490814209,12.824277877807617,-1.3600269556045532,1.3541074991226196,0.13673456013202667,91174.30811207477,1239.2249024802713,717141.1491346628,2437.408382196162,3.942816874769051e-06,0.002542186761274934,0.0006474094630392229,0.06938955473747335,0.5664038135970774,1.0,0.0,0.0,97.95673076923077,0.0,938.0,273.0,21.826764464562746,130.0,4.0,934.0,jazz
34.31218719482422,3.5522360801696777,6.382980823516846,1.3337671756744385,0.8051642775535583,-8.215154647827148,10.859471321105957,-0.9787331819534302,2.475674867630005,-0.19237317144870758,62190.31802803172,1482.8521982658422,366646.10652925406,3108.5587686567164,1.944638370332541e-06,0.0021965287160128355,0.00020598683046654345,0.08857099130463753,0.4820012474382963,0.0,0.0,0.0,0.0,0.0,938.0,169.0,16.351597831287414,22.0,3.0,938.0,jazz
52.303768157958984,5.349239349365234,2.323681116104126,2.6840808391571045,5.308350563049316,-13.764328956604004,10.642239570617676,-0.5512998104095459,4.412787437438965,-1.752493977546692,138578.7746403609,1332.0691129382747,630045.4834519359,2802.280450426439,7.2688781074248254e-06,0.0034339444246143103,0.005427664819657029,0.10345784331689765,0.5532789806647064,1.0,0.0,0.0,98.70087719298246,0.0,938.0,174.0,21.826764464562746,41.0,5.0,937.0,jazz
18.421812057495117,6.180659770965576,7.416179656982422,5.189577579498291,2.2057390213012695,-8.36279296875,12.266827583312988,0.475201815366745,3.3725361824035645,-2.4485888481140137,152043.3239680845,1311.3976758305755,985835.7239789276,2803.1716417910447,7.706582437094767e-06,0.003870272310450673,4.741438783722132e-06,0.07395482825826226,0.4766773589949212,0.0,0.0,0.0,0.0,0.0,938.0,176.0,16.351597831287414,32.0,4.0,938.0,jazz
82.03297424316406,7.315469741821289,3.7974348068237305,0.9794006943702698,1.6909819841384888,-10.959859848022461,8.89592170715332,-1.8959531784057617,4.141088485717773,-1.6171152591705322,156041.94810030388,1615.7523617579984,404332.83753251366,3116.5461753731342,8.413221621594857e-06,0.0029597009997814894,0.006407754879707634,0.13668907832489338,0.5325759600819745,0.0,0.0,0.0,0.0,0.0,938.0,174.0,19.445436482630058,10.0,5.0,937.0,jazz
71.13092041015625,8.383036613464355,3.370497703552246,0.7982510924339294,0.9325081706047058,-10.619444847106934,11.645609855651855,0.426181823015213,2.3254075050354004,-1.0770536661148071,189837.99772384227,1351.594257686027,1064891.5289111268,2832.289445628998,2.2397675820684526e-06,0.0022308609914034605,0.002215653523372512,0.0822269789445629,0.5425331907689566,0.0,0.0,0.0,0.0,0.0,938.0,131.0,24.499714748859326,22.0,4.0,938.0,jazz
33.017982482910156,4.263354301452637,5.317279815673828,2.3453640937805176,1.9989826679229736,-6.937021255493164,9.29615592956543,-2.1031010150909424,1.9823898077011108,-0.45682182908058167,96647.55916341055,1685.6030256795739,462884.98469848145,3327.516990938166,1.7144922821898945e-05,0.0034968790132552385,0.0002725438975707296,0.11483875266524521,0.5007128218836319,0.0,0.0,0.0,0.0,0.0,938.0,185.0,27.5,4.0,5.0,938.0,jazz
46.51575469970703,8.947388648986816,5.6019062995910645,1.467724084854126,1.1798917055130005,-13.956233024597168,14.575264930725098,-2.6695427894592285,1.2978180646896362,0.3617299795150757,105590.8693240856,997.7866824979959,423734.6269800385,1805.8535447761194,4.192081632936606e-06,0.002578865038231015,8.933519830509112e-05,0.06769670758928571,0.5444934509489442,0.0,0.0,0.0,0.0,0.0,938.0,213.0,18.354047994837977,66.0,4.0,934.0,jazz
35.151676177978516,3.0842058658599854,3.4562361240386963,0.8975332379341125,0.8280275464057922,-12.652934074401855,15.09624195098877,-1.364314317703247,3.631502389907837,-0.21430708467960358,59962.16445085691,944.2779341737594,395627.53927127726,1808.410514392324,6.020028195052873e-06,0.0029839426279067993,8.891256627924167e-05,0.058257471015458424,0.5080237013276308,0.0,0.0,0.0,0.0,0.0,938.0,146.0,25.956543598746574,11.0,3.0,938.0,jazz
45.68110656738281,3.5143606662750244,3.092482328414917,2.4751949310302734,1.6192946434020996,-10.65691089630127,11.36458683013916,-0.934401273727417,3.822047710418701,-1.3966214656829834,78880.80433223053,1294.7251691119873,439033.6089919598,2721.132062899787,1.5125054233067203e-05,0.0039800675585865974,0.0006593047669369804,0.0793878681369936,0.5341129822685556,1.0,0.0,0.0,109.375,0.0,938.0,183.0,19.445436482630058,18.0,4.0,938.0,jazz
27.576017379760742,5.35383939743042,3.527646780014038,1.2520751953125,0.7980901598930359,-12.082727432250977,8.590670585632324,-0.05409856140613556,1.9562852382659912,-0.11278370767831802,158926.5101687784,1788.1776768826207,718237.0600596172,3847.348081023454,9.257273063667526e-07,0.0013889992842450738,0.003756300687641422,0.11841757312766525,0.5375968992248061,0.0,0.0,0.0,0.0,0.0,938.0,138.0,21.826764464562746,23.0,4.0,938.0,jazz
18.70550537109375,2.55409574508667,3.376399517059326,1.1044338941574097,0.8704333305358887,-11.600872039794922,9.415048599243164,-0.8016541600227356,2.225963830947876,0.18376682698726654,92815.89376507181,1626.2250612195276,499422.52454086056,3452.2504664179105,1.2899005241706618e-06,0.001584700308740139,2.7784991274423717e-05,0.10390395955490406,0.5161186848436247,0.0,0.0,0.0,0.0,0.0,938.0,142.0,16.351597831287414,13.0,4.0,937.0,jazz
45.128746032714844,9.528168678283691,6.8139262199401855,4.111186504364014,2.210031509399414,-8.338321685791016,9.754803657531738,2.684631586074829,2.0319526195526123,-0.08856146782636642,434686.89938663,1667.9085434228705,2144033.0382342637,3577.925106609808,4.326955240685493e-05,0.006270631682127714,0.001790377259334123,0.08186363106343283,0.4928138643856366,0.0,0.0,0.0,0.0,0.0,938.0,216.0,27.5,26.0,4.0,938.0,jazz
7.0365142822265625,2.387702465057373,2.1383044719696045,1.3713955879211426,0.867949903011322,-1.5508548021316528,7.046833038330078,1.0636059045791626,2.36073899269104,0.7429323196411133,86078.24507671312,1919.3705366883967,462334.80502924224,4364.9894625922025,1.2519795973275905e-06,0.0017255975399166346,3.268971880763628e-06,0.09243025141596417,0.49961685823754787,0.0,0.0,0.0,0.0,0.0,949.0,275.0,18.354047994837977,61.0,3.0,940.0,jazz
68.37757873535156,6.776058197021484,3.385390281677246,1.8600013256072998,0.976182222366333,-16.370080947875977,12.142799377441406,0.3232179880142212,2.6393964290618896,-0.008837748318910599,126441.86993422262,1179.6851428439672,759820.1127669944,2500.7912446695095,7.23297125659883e-06,0.0036627817898988724,0.0009279260517836453,0.05731734741471215,0.559810211173483,0.0,0.0,0.0,0.0,0.0,938.0,132.0,29.135235094880613,32.0,3.0,930.0,jazz
23.906877517700195,5.603207111358643,2.771564483642578,1.0436146259307861,1.0643994808197021,-2.8879239559173584,7.136448860168457,2.0910844802856445,2.4246249198913574,0.020708879455924034,199120.90270915456,1884.3764302066677,864200.1678737475,4346.870034427966,2.6074762899952475e-06,0.0016019815811887383,0.0031666350338251654,0.0938705185712394,0.5456473313730733,0.0,0.0,0.0,0.0,0.0,944.0,172.0,16.351597831287414,12.0,4.0,939.0,jazz
32.98318099975586,10.026162147521973,4.644526958465576,1.2760754823684692,0.8531500697135925,-4.516839981079102,8.073603630065918,-1.1874616146087646,3.0397160053253174,0.5916951894760132,232257.18172490617,1740.9276161101404,448607.20117325574,3532.724213752665,2.599354957055766e-06,0.0025538599584251642,0.0002291675339870827,0.10595546958288912,0.46051857792034223,0.0,0.0,0.0,0.0,0.0,938.0,248.0,21.826764464562746,71.0,3.0,938.0,jazz
14.640765190124512,5.345455646514893,2.453395366668701,1.1212098598480225,1.3801071643829346,-4.139613628387451,11.335386276245117,-0.7880017161369324,1.2729692459106445,-0.04450755566358566,135289.18593156975,1409.5841339701035,908188.7914595787,2929.5044595314166,1.8473158434062498e-06,0.0014817172195762396,0.0019582955528107964,0.08429169578674121,0.560995277555021,0.0,0.0,0.0,0.0,0.0,939.0,310.0,17.323914436054505,149.0,5.0,939.0,jazz
36.1871223449707,3.3201143741607666,3.9504334926605225,1.7478985786437988,1.2059444189071655,-15.254254341125488,15.754924774169922,-1.232988953590393,3.824221134185791,-0.49046123027801514,54056.83465478979,857.8944171139442,435935.459357821,1668.8016391257995,7.029789685475407e-06,0.002988841151818633,0.00017086866831825115,0.05164589302372068,0.4801256348569901,0.0,0.0,0.0,0.0,0.0,938.0,194.0,18.354047994837977,24.0,4.0,938.0,jazz
9.926700592041016,2.407357692718506,1.5223146677017212,0.6277126669883728,0.7406221032142639,0.207097589969635,6.540493488311768,1.3167195320129395,1.7060524225234985,0.6007387042045593,118858.41621724164,2158.015920068955,450946.07164215954,4926.81269883351,1.2655383443416213e-06,0.0016913176514208317,0.0023599758953752794,0.1232866143624072,0.4988282990287802,0.0,0.0,0.0,0.0,0.0,943.0,155.0,30.867706328507765,7.0,3.0,942.0,jazz
37.541778564453125,8.411027908325195,4.86618185043335,1.7957805395126343,2.0915098190307617,-14.434407234191895,12.318313598632812,-0.7690230011940002,2.9029037952423096,-0.8216415047645569,139803.66839480746,1240.584543960157,700060.0684654396,2421.4752132196163,1.144371253758436e-05,0.0033018540125340223,0.007495802735838594,0.08334357092883796,0.5452597344738483,0.0,0.0,0.0,0.0,0.0,938.0,173.0,29.135235094880613,20.0,3.0,938.0,jazz
40.37910842895508,15.677285194396973,6.867918491363525,1.8287659883499146,0.6937960386276245,-9.824341773986816,10.808422088623047,-2.760207414627075,3.5142040252685547,-0.7224776148796082,278577.9753913788,1485.8740125088023,753616.9836330716,2689.182436034115,1.3686814099855837e-06,0.002338404767215252,0.010080493487566294,0.13555791078091683,0.529149959903769,0.0,0.0,0.0,0.0,0.0,938.0,202.0,29.135235094880613,71.0,4.0,938.0,jazz
44.17181396484375,9.925243377685547,7.244253635406494,1.4981592893600464,1.646578311920166,-11.076589584350586,11.287148475646973,2.726146697998047,2.598881483078003,0.7407650947570801,200052.88366075372,1123.2125887285047,1890430.6734344824,2375.1147691500523,1.4156374163576402e-05,0.003529919311404228,0.0006239347407619351,0.04841618572927597,0.5199367370578277,0.0,0.0,0.0,0.0,0.0,953.0,196.0,24.499714748859326,71.0,4.0,886.0,jazz
24.062965393066406,5.1548943519592285,5.524214267730713,1.9638954401016235,1.2587087154388428,-10.378722190856934,12.772054672241211,-1.3155828714370728,1.3180676698684692,0.1659374237060547,90864.6332991651,1245.5968555755426,721074.5643174077,2451.6674440298507,3.921899406122975e-06,0.0025354474782943726,0.0006545815958803689,0.06953010477745203,0.5664038135970774,1.0,0.0,0.0,97.95673076923077,0.0,938.0,273.0,21.826764464562746,130.0,4.0,934.0,jazz
11.062175750732422,1.9390506744384766,2.352142095565796,0.807262122631073,0.8520796298980713,2.2519521713256836,7.549658298492432,0.2450266033411026,2.023448944091797,0.46040645241737366,102440.36310421252,1965.053882519396,554792.2761679763,4344.113372093023,9.398702331964159e-07,0.0012470133369788527,0.007154739608404626,0.11388256887552854,0.49460037423148884,0.0,0.0,0.0,0.0,0.0,946.0,153.0,19.445436482630058,21.0,3.0,946.0,jazz
34.073020935058594,3.490163564682007,6.366199493408203,1.35718834400177,0.807212769985199,-8.199792861938477,10.839132308959961,-0.9615349173545837,2.461571216583252,-0.18065154552459717,62037.00612782625,1486.5777940884893,368101.0689471523,3116.1963619402986,1.9374485873413505e-06,0.002192978747189045,0.00020815915869462046,0.08864647188166311,0.4820012474382963,0.0,0.0,0.0,0.0,0.0,938.0,169.0,16.351597831287414,22.0,3.0,938.0,jazz
11.170488357543945,2.1050174236297607,3.0247113704681396,0.5192974805831909,0.5645908117294312,-0.5974375009536743,7.669821739196777,0.3489658832550049,1.4107820987701416,-0.10575412958860397,82581.69451239805,1941.7967302566967,313582.6675893896,4286.485774499473,5.306278580974322e-07,0.0014083093265071511,2.2319386220287855e-05,0.11898215226554268,0.5080682526953578,1.0,0.0,0.0,117.40196078431373,0.0,949.0,172.0,21.826764464562746,43.0,4.0,943.0,jazz
13.106985092163086,1.9941498041152954,2.6748344898223877,0.649846613407135,0.4924412667751312,-1.4597184658050537,10.783576011657715,-0.18788465857505798,2.6944820880889893,0.2307787537574768,35887.32442592564,1348.5331764492307,257669.7995068912,2916.8829872204474,2.0090722046006704e-06,0.0017170828068628907,0.004323884195225142,0.07210390458599573,0.4567228013900027,1.0,0.0,0.0,104.16666666666667,0.0,939.0,225.0,24.499714748859326,67.0,4.0,939.0,jazz
52.14983367919922,5.325716972351074,2.3192615509033203,2.679978370666504,5.299339771270752,-13.756699562072754,10.635895729064941,-0.5504410266876221,4.412319660186768,-1.7517004013061523,138099.80461186892,1332.8295714693345,626070.8378156251,2804.3126998933903,7.248688234540168e-06,0.003430294105783105,0.0054263609728963024,0.10344899386993603,0.5532789806647064,1.0,0.0,0.0,98.70087719298246,0.0,938.0,174.0,21.826764464562746,41.0,5.0,937.0,jazz
16.1640682220459,7.138828277587891,1.996286153793335,1.1415849924087524,1.0641928911209106,-2.0525336265563965,10.258617401123047,-1.9725130796432495,2.3583478927612305,-0.20570075511932373,87636.04466595619,1432.4980912216718,373861.59778903564,2779.969939217759,1.9317260466777952e-06,0.0017612911760807037,0.002129804434581781,0.11890371052457717,0.4735632183908046,0.0,0.0,0.0,0.0,0.0,946.0,166.0,16.351597831287414,5.0,5.0,946.0,jazz
18.391328811645508,6.161079406738281,7.411828517913818,5.189703941345215,2.204704761505127,-8.357382774353027,12.260852813720703,0.4787710905075073,3.3695473670959473,-2.44497013092041,152030.92784869214,1312.076069243861,985698.7662172747,2804.77078891258,7.700431524426676e-06,0.0038687880150973797,4.816545009727908e-06,0.07397200659648187,0.47744364251982535,0.0,0.0,0.0,0.0,0.0,938.0,176.0,16.351597831287414,32.0,4.0,938.0,jazz
70.99929809570312,8.353628158569336,3.3691482543945312,0.796325147151947,0.9318066239356995,-10.613009452819824,11.639451026916504,0.42781513929367065,2.325082540512085,-1.0759296417236328,189394.66589048997,1352.5512035503573,1059827.3480473037,2835.1795708955224,2.236392219856498e-06,0.002229682169854641,0.0022212437145108233,0.08228632229477612,0.5421500490065045,0.0,0.0,0.0,0.0,0.0,938.0,131.0,24.499714748859326,22.0,4.0,938.0,jazz
32.942745208740234,4.267545223236084,5.311958312988281,2.362246036529541,1.9927887916564941,-6.925675868988037,9.280808448791504,-2.0892770290374756,1.9700943231582642,-0.44583410024642944,97815.82725637576,1689.9519711131018,468519.7138290859,3337.511660447761,1.7017464415403083e-05,0.003489024005830288,0.00030381491118321874,0.11489393156982942,0.5007128218836319,0.0,0.0,0.0,0.0,0.0,938.0,185.0,27.5,4.0,5.0,938.0,jazz
44.640899658203125,8.074812889099121,5.846406936645508,1.4348578453063965,1.1755765676498413,-13.811826705932617,14.384190559387207,-2.5115065574645996,1.1785457134246826,0.4481204152107239,102607.0162576763,1009.2539145308813,427447.87852495466,1818.621735074627,4.1137886910291854e-06,0.00256438204087317,8.798239688640118e-05,0.06776854427638593,0.5444934509489442,0.0,0.0,0.0,0.0,0.0,938.0,213.0,18.354047994837977,66.0,4.0,934.0,jazz
35.03785705566406,3.0674967765808105,3.4524986743927,0.8970078825950623,0.8252997398376465,-12.643219947814941,15.086042404174805,-1.359709620475769,3.629892110824585,-0.21394900977611542,59815.92325841942,945.1883195090521,394936.3314090516,1810.417777185501,6.007094725646311e-06,0.0029817752074450254,8.781646146393667e-05,0.05819916877665245,0.5084068430900828,0.0,0.0,0.0,0.0,0.0,938.0,146.0,25.956543598746574,11.0,3.0,938.0,jazz
45.56678009033203,3.501899242401123,3.086334705352783,2.4687891006469727,1.6162105798721313,-10.649436950683594,11.357657432556152,-0.9320542812347412,3.820236921310425,-1.3952431678771973,78629.8239575607,1295.7781941452124,437154.25479600736,2724.0055303837953,1.5098075891728513e-05,0.003976230509579182,0.0006598127831225228,0.07939775869536247,0.5341129822685556,1.0,0.0,0.0,109.375,0.0,938.0,183.0,19.445436482630058,18.0,4.0,938.0,jazz
28.695993423461914,2.5010015964508057,4.910188674926758,1.082992672920227,1.5216164588928223,-2.2938365936279297,6.934435844421387,0.1915186494588852,1.9408999681472778,-0.39376533031463623,91709.15899699234,2185.474495507214,542286.4429882243,4586.737073560767,8.388151400140487e-07,0.0014677416766062379,0.004408200047409073,0.14305443346881663,0.5180165731087945,1.0,0.0,0.0,110.46006944444446,0.0,938.0,290.0,16.351597831287414,173.0,5.0,937.0,jazz
56.2985725402832,6.399621963500977,7.792438507080078,1.0111336708068848,2.0703580379486084,-6.91866397857666,7.966381549835205,0.15800519287586212,2.035054922103882,-0.25604236125946045,198010.03897963237,1925.9119338583832,961994.2957838974,4077.87513326226,2.499115680620889e-06,0.0017378241755068302,0.0019025197141233727,0.11344210171242004,0.5252205292702486,0.0,0.0,0.0,0.0,0.0,938.0,225.0,24.499714748859326,47.0,5.0,938.0,jazz
24.309274673461914,2.240724563598633,3.742208242416382,0.7397364974021912,2.2285168170928955,-1.258196234703064,7.055740833282471,-0.5026082992553711,1.6730365753173828,-0.6050028204917908,95542.77463867186,2168.554245767416,568080.4531515318,4472.914445628998,1.3729415968555259e-06,0.001443982939235866,0.005297676545458587,0.1421210770922175,0.5019468947696694,0.0,0.0,0.0,0.0,0.0,938.0,210.0,21.826764464562746,23.0,5.0,938.0,jazz
47.94589614868164,3.505281925201416,4.372956275939941,1.5404943227767944,0.645615816116333,-6.635387897491455,11.222722053527832,-1.5656474828720093,1.8841772079467773,0.5991297960281372,74223.98174508584,1488.7919802243553,364526.6274237295,2907.441031449893,1.8373607417743187e-06,0.0013689574552699924,0.0010260409946724245,0.08964906216684435,0.41447473937449875,0.0,0.0,0.0,0.0,0.0,938.0,197.0,20.601722307054366,18.0,3.0,938.0,jazz
23.074281692504883,3.1830782890319824,4.143853664398193,1.1325163841247559,1.086292028427124,-0.8434152603149414,5.943585395812988,-0.7336335778236389,2.523017168045044,-0.019532712176442146,96436.11053444988,2203.987115332695,465370.5423827264,4484.275053304904,1.1256261132075451e-06,0.0014527180464938283,0.0036449631187072187,0.15802977995069295,0.4390136327185244,0.0,0.0,0.0,0.0,0.0,938.0,222.0,27.5,32.0,5.0,938.0,jazz
47.6847038269043,4.859902858734131,5.25241231918335,1.5714869499206543,2.9351916313171387,-5.976780891418457,7.552770614624023,-0.13382944464683533,2.861083507537842,-1.2039902210235596,147597.8740599866,1989.3826634104184,588710.6312045801,4010.1779051172707,3.1084009606274776e-06,0.0020906846038997173,0.00303799387625653,0.11724528168310235,0.5057515815735543,0.0,0.0,0.0,0.0,0.0,938.0,168.0,27.5,10.0,5.0,938.0,jazz
10.22024917602539,3.735415458679199,2.4323313236236572,1.0552780628204346,0.6837003827095032,-8.885334014892578,6.218472480773926,0.38651397824287415,3.0434648990631104,0.04120020195841789,163619.96154267227,2070.1915087836687,412636.2364756742,4399.2870469083155,1.0089984243677463e-06,0.0015440742718055844,0.0026347068070722585,0.13140752015591683,0.6108081618105675,1.0,0.0,0.0,144.7610294117647,0.0,938.0,171.0,24.499714748859326,3.0,3.0,938.0,jazz
12.014182090759277,1.8237580060958862,1.1081300973892212,1.0680723190307617,0.49848848581314087,-5.85637903213501,5.16621208190918,0.09847869724035263,2.681328535079956,-0.21795709431171417,97338.87157593766,2374.5157977818662,229404.02489851895,4733.458821961621,3.7150817888687016e-07,0.0011389519786462188,0.0034963477200420055,0.16996976612473347,0.5651964715316761,1.0,0.0,0.0,103.97086466165413,0.0,938.0,191.0,24.499714748859326,54.0,3.0,938.0,jazz
26.82187271118164,3.816523551940918,4.932544231414795,1.0056473016738892,0.6276383399963379,-17.454259872436523,7.401106357574463,2.303553819656372,1.8209664821624756,1.4700285196304321,317643.0759800183,1864.8361326090965,1200377.919611584,4566.78105010661,3.7415650240291143e-06,0.002162814838811755,5.799934258039193e-07,0.08767563549440298,0.5491312483293236,0.0,0.0,0.0,0.0,0.0,938.0,212.0,18.354047994837977,79.0,4.0,899.0,jazz
35.14655685424805,3.8550920486450195,2.0559496879577637,0.47537246346473694,0.5771473050117493,-11.361296653747559,5.633396148681641,1.4162909984588623,1.4607932567596436,0.8697597980499268,312191.57988074503,2528.31833104767,908288.6293959897,5372.976079424307,1.2938783129357034e-06,0.0010660038096830249,0.026401445489415757,0.17762193496801706,0.555221420297603,0.0,0.0,0.0,0.0,0.0,938.0,186.0,24.499714748859326,41.0,3.0,932.0,jazz
19.81431007385254,3.4210615158081055,4.904849529266357,0.9508156776428223,0.5018036961555481,-7.952367305755615,6.011364459991455,2.2336745262145996,1.220997929573059,0.2690843641757965,223601.52966246085,2454.8801178671115,551595.9577605386,5372.859474946695,7.46765010717354e-07,0.0011088313767686486,0.004623105753527144,0.1593020180903518,0.5050209391428317,0.0,0.0,0.0,0.0,0.0,938.0,186.0,20.601722307054366,47.0,4.0,932.0,jazz
26.293638229370117,3.3215525150299072,3.3043575286865234,1.3071953058242798,0.7141942977905273,-11.83936882019043,5.931638717651367,0.5458319783210754,2.4465367794036865,0.05363789573311806,151802.8647022054,2248.4361687384303,343709.9641746017,4771.013792643923,8.799195825304196e-07,0.001068787183612585,1.9453996412346385e-05,0.13966457472681237,0.5426579345985922,0.0,0.0,0.0,0.0,0.0,938.0,202.0,27.5,52.0,4.0,938.0,jazz
20.782451629638672,3.9226932525634766,3.031917095184326,1.2637221813201904,0.8694618940353394,-6.695983409881592,5.532587051391602,-0.777824342250824,2.1948013305664062,-0.48826056718826294,152613.5354794923,2370.291102087277,359256.442397943,4630.9551572494665,4.775369575327204e-07,0.0010075225727632642,0.002576726723186404,0.18406225013326227,0.5107769758531586,0.0,0.0,0.0,0.0,0.0,938.0,212.0,21.826764464562746,43.0,5.0,933.0,jazz
18.37847328186035,6.643851280212402,1.4360649585723877,1.6895415782928467,1.0912666320800781,-9.33495044708252,2.8307557106018066,0.9207640886306763,1.3787938356399536,0.03312487155199051,253592.96519856388,2947.399934241894,302813.6304383221,5600.313166311301,3.7453682466548344e-07,0.0008596547995693982,0.007191142836188546,0.28108966884328357,0.5521429207876681,0.0,0.0,0.0,0.0,0.0,938.0,344.0,24.499714748859326,226.0,5.0,938.0,jazz
80.87786102294922,11.883084297180176,6.6908721923828125,4.242697238922119,2.8298091888427734,-27.804697036743164,9.710845947265625,4.0169267654418945,2.5827407836914062,1.4101672172546387,288107.47749388375,1189.7809214231352,2971500.2528369026,2675.856210021322,3.9399830711772665e-05,0.004850790835916996,0.00011519337143109508,0.045907807502665245,0.5835783658558318,0.0,0.0,0.0,0.0,0.0,938.0,158.0,18.354047994837977,4.0,3.0,607.0,jazz
35.0316276550293,6.177393436431885,6.268155574798584,1.8503687381744385,0.9833170175552368,-11.794036865234375,9.76308822631836,0.8454629182815552,1.180976152420044,0.7923615574836731,111462.27808316592,1596.7983824421342,1029633.6088464484,3757.837486673774,6.255946573219262e-06,0.0021548918448388577,0.0005867546280016106,0.07598083105676973,0.5387418693753898,0.0,0.0,0.0,0.0,0.0,938.0,172.0,29.135235094880613,9.0,5.0,915.0,jazz
57.283382415771484,11.478979110717773,3.1964378356933594,3.150916337966919,1.0971986055374146,-22.479736328125,9.288763046264648,2.166477918624878,3.9976718425750732,0.5402927994728088,289835.77510694304,1365.7213794271065,1641687.704479608,3000.099946695096,1.1790341886808164e-05,0.002252457896247506,2.365920123340048e-05,0.07960858375533049,0.5544818675933351,0.0,0.0,0.0,0.0,0.0,938.0,211.0,18.354047994837977,2.0,4.0,886.0,jazz
19.36100196838379,3.844938278198242,1.372593641281128,0.7663097381591797,0.5772575736045837,-14.799904823303223,10.698819160461426,1.820556640625,2.5438172817230225,-0.09442169964313507,84454.82392655012,1384.0971420682274,625540.1196215474,3168.46848347548,1.6809525504868361e-06,0.0014704989735037088,0.0007055055676136737,0.06611213602745203,0.5422436068787312,0.0,0.0,0.0,0.0,0.0,938.0,296.0,18.354047994837977,160.0,4.0,938.0,jazz
69.25289154052734,37.423187255859375,2.2061612606048584,2.00228214263916,1.874806523323059,-19.896011352539062,5.835671901702881,2.327579975128174,2.345423936843872,-0.8608053922653198,1088414.6670009452,2176.1049898212195,2417950.3805021336,4359.66651119403,8.33462763694115e-06,0.002027513226494193,0.006653925814594719,0.17575261943630063,0.5414149514390092,0.0,0.0,0.0,0.0,0.0,938.0,157.0,17.323914436054505,1.0,4.0,936.0,jazz
53.657779693603516,22.371009826660156,1.6752451658248901,1.5776357650756836,4.3452043533325195,-21.290451049804688,9.247207641601562,3.2126004695892334,2.5917632579803467,-0.5317420959472656,599022.0749984581,1535.0355237802519,2221069.418418941,3332.314432302772,7.825102329661604e-06,0.001784743508324027,0.019685745393444434,0.08772144439632196,0.5593869731800766,0.0,0.0,0.0,0.0,0.0,938.0,276.0,24.499714748859326,100.0,4.0,925.0,jazz
13.340953826904297,2.385652780532837,2.5910706520080566,1.1440256834030151,1.2024260759353638,-14.2689790725708,10.321937561035156,-0.2565196752548218,1.4643311500549316,0.8408536911010742,75278.55519907507,1482.3131669287263,630675.0453512791,3213.3278917910447,1.1002773590007564e-06,0.001388976234011352,0.0004638178417120434,0.09613935067963753,0.5153345807716296,1.0,0.0,0.0,109.68379446640316,0.0,938.0,193.0,24.499714748859326,42.0,4.0,938.0,jazz
46.120361328125,8.142415046691895,8.637834548950195,1.505543828010559,1.2929987907409668,-24.474090576171875,13.223973274230957,1.3918675184249878,2.6545045375823975,0.7542611956596375,176061.16252311246,1036.9773400358263,1540655.7803949344,2070.037646588486,1.262131718249293e-05,0.0034459573216736317,0.0004111017662238171,0.05592017590618337,0.5874587899848526,0.0,0.0,0.0,0.0,0.0,938.0,328.0,20.601722307054366,164.0,4.0,933.0,jazz
26.062257766723633,4.031064510345459,7.055888652801514,0.9808886647224426,0.6826509237289429,-12.541910171508789,9.0084228515625,0.2438811957836151,2.159252882003784,1.4762656688690186,141929.57282498042,1671.4492137903073,1117484.3216391557,3822.294776119403,4.614449608197901e-06,0.0023572640493512154,0.0035373435888292532,0.0799833838619403,0.5382874454245746,0.0,0.0,0.0,0.0,0.0,938.0,220.0,18.354047994837977,50.0,4.0,927.0,jazz
64.70609283447266,8.760001182556152,8.701312065124512,2.111375331878662,0.8745806217193604,-17.10741424560547,8.472526550292969,-0.3006001114845276,2.2752633094787598,1.360244631767273,374502.99347783177,1726.7684639831575,1819090.5826150004,3683.868603411514,8.949617040343583e-06,0.0025758289266377687,0.007656377536678506,0.09921947877798508,0.5804998663458968,0.0,0.0,0.0,0.0,0.0,938.0,372.0,29.135235094880613,275.0,4.0,916.0,jazz
32.722877502441406,5.975916385650635,10.862227439880371,3.341937303543091,1.313585877418518,-31.115806579589844,12.584153175354004,2.6968231201171875,2.112945079803467,0.8985024094581604,163438.9911142752,1082.0313586366735,1578552.061568407,2179.4542910447763,9.352921551908366e-06,0.0022837722208350897,3.206509475215129e-05,0.05253760494402985,0.5793459859217678,0.0,0.0,0.0,0.0,0.0,938.0,176.0,27.5,44.0,4.0,935.0,jazz
26.53609275817871,4.508476257324219,5.027746677398682,0.7739836573600769,0.574996829032898,-13.818425178527832,8.743633270263672,1.2943068742752075,1.9593777656555176,1.0881115198135376,220388.839872961,1711.4025378664303,1238360.084567926,3943.038712686567,4.078659458173206e-06,0.0023726639337837696,8.804083036322233e-08,0.0724571894989339,0.5632807627194156,0.0,0.0,0.0,0.0,0.0,938.0,160.0,18.354047994837977,70.0,4.0,913.0,jazz
22.915538787841797,5.406592845916748,5.592400550842285,1.1461468935012817,0.8727790713310242,-21.502819061279297,10.314242362976074,1.2503606081008911,2.3701913356781006,1.3071033954620361,183183.1124090646,1348.314967720265,1554083.3061036824,3064.274053837953,1.0094012395711616e-05,0.0033562039025127888,0.0017235682117318508,0.05958228528118337,0.6065891472868217,1.0,0.0,0.0,133.9452380952381,0.0,938.0,229.0,24.499714748859326,55.0,4.0,925.0,jazz
1.698123574256897,0.6879827976226807,0.8048080205917358,1.7620738744735718,0.7929691672325134,-1.5824604034423828,3.80727481842041,0.3625066876411438,3.351121425628662,0.05065000057220459,48505.02590412613,2625.1123716196284,128910.5865536648,4956.081756396588,1.549281023471849e-07,0.0008009236771613359,0.0029249854728335438,0.21130969732809168,0.5690278891561972,0.0,0.0,0.0,0.0,0.0,938.0,208.0,24.499714748859326,2.0,3.0,938.0,metal
3.776029586791992,0.8218593001365662,1.1285851001739502,1.0722417831420898,0.8313769102096558,-3.836811065673828,4.3998541831970215,0.2559133470058441,3.0917344093322754,0.8271616101264954,58727.26923362873,2452.399155892497,187504.4391525302,5032.732542643923,1.7798681994918297e-07,0.0009447321644984186,0.006968294770846143,0.18113256263326227,0.5728281208233093,1.0,0.0,0.0,156.26666666666665,0.0,938.0,165.0,23.12465141947715,2.0,3.0,938.0,metal
7.715721130371094,1.4212573766708374,2.3920817375183105,2.925044059753418,0.7996910214424133,-0.2961258590221405,6.987905025482178,-0.8591864109039307,2.206911087036133,-0.6996511220932007,81060.62469073969,2078.005944058993,377780.07712695375,4212.653251599148,1.1290804735608617e-07,0.0009799478575587273,0.004489724917656789,0.16710306586487206,0.5410318096765572,0.0,0.0,0.0,0.0,0.0,938.0,252.0,23.12465141947715,132.0,3.0,938.0,metal
3.389899969100952,1.8074201345443726,2.246497631072998,0.9292978048324585,0.8319588303565979,0.8127257227897644,3.6892738342285156,-1.1633857488632202,2.3875677585601807,0.5893445014953613,120013.97452196415,2557.3347595473524,289257.6237569352,4853.161647121535,2.7088100296168705e-07,0.001042740186676383,0.002072022417441962,0.21544134794776118,0.5923995366657757,1.0,0.0,0.0,125.11748120300751,0.0,938.0,224.0,20.601722307054366,56.0,3.0,937.0,metal
8.256903648376465,1.2663723230361938,1.1248654127120972,1.0744065046310425,0.4482486844062805,-7.342373847961426,3.2077581882476807,0.37906861305236816,2.999544620513916,0.47869759798049927,85967.6411354794,2686.4908144795186,182942.53571658104,5333.613739339019,9.36100832404918e-08,0.000786676537245512,0.006837939606742783,0.2155043351878998,0.5682838813151565,0.0,0.0,0.0,0.0,0.0,938.0,213.0,27.5,98.0,3.0,938.0,metal
7.0878190994262695,1.6615298986434937,1.725075125694275,2.0364511013031006,0.9105439186096191,-2.38866925239563,5.907087326049805,0.9385390281677246,3.3481576442718506,-0.3032015860080719,111830.08682873301,2281.1653402555003,371902.5065407547,4598.247601279318,2.2327701287849777e-07,0.0010072645964100957,0.005596940688445325,0.17051582905783583,0.6825358638510203,0.0,0.0,0.0,0.0,0.0,938.0,292.0,24.499714748859326,59.0,3.0,938.0,metal
5.092959403991699,2.228604316711426,1.7420260906219482,1.7085977792739868,1.5071848630905151,-8.63119888305664,3.864238977432251,0.5232000946998596,2.2731034755706787,-0.8295743465423584,146896.05932790975,2755.0461523193853,371324.1266993246,5242.787180170576,1.73617948462379e-07,0.000812206999398768,0.0074197402189505,0.2375051014458955,0.5962443197006148,0.0,0.0,0.0,0.0,0.0,938.0,227.0,21.826764464562746,39.0,5.0,938.0,metal
1.7456704378128052,1.3222033977508545,1.2218449115753174,0.5079008340835571,0.48735883831977844,-6.5444183349609375,4.356257438659668,0.20718282461166382,3.617338180541992,0.14253365993499756,90763.91357790388,2473.788452075507,275517.8051383434,4769.889392324094,2.2051005998946493e-07,0.0009724828414618969,0.006608991617429365,0.20483086104077824,0.7109239953666578,0.0,0.0,0.0,0.0,0.0,938.0,218.0,25.956543598746574,66.0,3.0,938.0,metal
11.356572151184082,3.1528828144073486,2.511754274368286,1.2305063009262085,1.1127320528030396,-10.057530403137207,5.81907320022583,0.41291913390159607,2.380674362182617,0.27959904074668884,211307.5976141063,2275.1311393741694,678876.5610655305,4724.746801705757,1.0913017831626348e-06,0.0011639634612947702,0.001323320591390285,0.14819387993070363,0.6368796222044016,0.0,0.0,0.0,0.0,0.0,938.0,362.0,20.601722307054366,230.0,3.0,934.0,metal
3.495645523071289,1.249408483505249,1.0853785276412964,1.4217772483825684,0.5004441142082214,4.38825798034668,6.887570381164551,2.7835798263549805,1.656070590019226,-0.41913267970085144,63041.12857374036,2035.7841680057466,107273.8013900804,4763.334554904051,2.597547563709668e-07,0.0013509149430319667,0.0009022902344595768,0.11792877132196163,0.4961864029225697,0.0,0.0,0.0,0.0,0.0,938.0,209.0,18.354047994837977,42.0,4.0,938.0,metal
3.252657890319824,1.6442501544952393,0.6782205700874329,2.0732531547546387,1.2812252044677734,-1.348160982131958,3.349928855895996,2.5327646732330322,3.619020938873291,-0.6295300722122192,73037.63930604317,2813.213610349752,130200.70665581057,5240.338486140725,4.441906042984556e-08,0.0006535075372084975,0.0011377431174081287,0.24906247917777186,0.5793816270159494,0.0,0.0,0.0,0.0,0.0,938.0,221.0,24.499714748859326,63.0,3.0,938.0,metal
1.3846746683120728,1.1085751056671143,0.8380879759788513,0.9011074304580688,0.7600691914558411,4.979371070861816,4.4549665451049805,0.5597696304321289,3.7094786167144775,-0.7709832787513733,29406.00347627623,2477.53817904251,100728.87589449894,4650.694629530917,5.404415048815281e-08,0.0007399904425255954,0.003420733389511762,0.22254953608075692,0.5111066559743384,0.0,0.0,0.0,0.0,0.0,938.0,211.0,19.445436482630058,81.0,3.0,938.0,metal
2.8040435314178467,1.5090925693511963,1.213308572769165,1.4132739305496216,0.5725427269935608,-1.3866593837738037,3.1395509243011475,-0.6044578552246094,3.617079257965088,-0.10012401640415192,48417.09622461131,2618.8449547253063,181531.19148243542,4876.649120469083,4.2704847658114886e-08,0.0006822469877079129,0.016514044879030312,0.22958120252531983,0.5801300899937628,0.0,0.0,0.0,0.0,0.0,938.0,197.0,20.601722307054366,64.0,3.0,938.0,metal
7.7936506271362305,1.1976090669631958,1.0832546949386597,1.0887641906738281,0.44562867283821106,-3.788525104522705,2.520369052886963,0.13975012302398682,3.555234909057617,-0.04854556545615196,69224.24657517447,2791.3176863847184,146550.5530024179,5228.711353944563,5.2165503916512534e-08,0.0006578076863661408,0.012750805301713438,0.25940383878598083,0.5651920163949032,0.0,0.0,0.0,0.0,0.0,938.0,163.0,27.5,16.0,3.0,938.0,metal
13.605354309082031,1.3439217805862427,0.9062553644180298,1.3641549348831177,0.6888307332992554,-5.632292747497559,2.5181338787078857,-0.49462977051734924,4.3487868309021,0.19350498914718628,55442.28944154697,2730.859973709507,179151.40532014766,4894.23973880597,7.645748922868734e-08,0.0006538211018778384,0.003417628626783731,0.24205423773987206,0.5693575692773769,1.0,0.0,0.0,144.96527777777777,0.0,938.0,265.0,20.601722307054366,18.0,3.0,938.0,metal
3.539414882659912,1.3260836601257324,0.7857280373573303,1.9221323728561401,0.9301525354385376,-3.1002185344696045,3.567706823348999,3.0553953647613525,4.201641082763672,0.12164634466171265,74800.59262246992,2713.134419644688,162072.2299791435,5307.361074093817,5.4918675829185304e-08,0.0007737493142485619,0.0025754056839402267,0.21090470499067165,0.5748240220974785,0.0,0.0,0.0,0.0,0.0,938.0,240.0,24.499714748859326,74.0,3.0,938.0,metal
2.442788600921631,1.6984280347824097,1.8943896293640137,1.8218028545379639,1.0591745376586914,6.994124889373779,3.9480738639831543,-1.4698315858840942,2.616476535797119,-0.024526959285140038,83567.41299501724,2540.0509632949834,329469.60016902233,4681.195029317697,5.2543022377449233e-08,0.000747430429328233,0.0012542198298635505,0.2331688724347015,0.5176646173037512,0.0,0.0,0.0,0.0,0.0,938.0,294.0,29.135235094880613,144.0,3.0,938.0,metal
4.190626621246338,1.347697138786316,1.7117210626602173,1.159143328666687,0.4344637393951416,-2.953507661819458,4.263260841369629,1.5174968242645264,3.8161113262176514,0.3968968987464905,133133.0931881141,2430.3558981946744,367652.68346365326,4896.563499466951,1.398357198922895e-07,0.0009803103748708963,0.0066535011957564085,0.19973305903518124,0.6188986901897887,1.0,0.0,0.0,110.17628205128204,0.0,938.0,196.0,23.12465141947715,46.0,3.0,938.0,metal
3.582023859024048,4.108348846435547,2.1530468463897705,1.9152978658676147,0.5783936381340027,-0.9573232531547546,5.328515529632568,-3.369211196899414,4.554327487945557,-0.9007176160812378,107739.24680786238,2276.6716142881437,262632.55723457795,3861.390591684435,3.532259285066175e-08,0.0006756452494300902,0.004407439717964165,0.24314636360607675,0.5180076628352491,0.0,0.0,0.0,0.0,0.0,938.0,191.0,25.956543598746574,28.0,4.0,938.0,metal
24.894180297851562,2.1340572834014893,1.8774511814117432,1.5221867561340332,0.6902992129325867,-4.080803394317627,4.3461198806762695,1.3794559240341187,3.7875099182128906,0.17885279655456543,138123.69005166154,2471.2618417322283,463668.74977890257,4916.944296375266,1.3418978994650388e-07,0.0009038808639161289,0.008978743915047643,0.20315467167510662,0.5989084914906887,0.0,0.0,0.0,0.0,0.0,938.0,242.0,23.12465141947715,91.0,3.0,938.0,metal
10.542071342468262,2.2428667545318604,1.412179708480835,0.920798122882843,0.5050073862075806,-2.7950327396392822,4.434769153594971,1.6403385400772095,3.792876720428467,0.3630274832248688,130703.52609291363,2429.488329139988,392833.18265761546,4908.940231876332,2.2358818796419655e-07,0.0009547176887281239,0.004711800673064318,0.19217771355277186,0.6196961596721019,0.0,0.0,0.0,0.0,0.0,938.0,253.0,23.12465141947715,135.0,3.0,938.0,metal
4.462807655334473,1.457300066947937,1.7157087326049805,1.1443554162979126,0.9958704113960266,-2.389521360397339,2.650390148162842,0.2448696792125702,2.8991427421569824,0.43908044695854187,119667.32846681129,2832.2291806811986,213909.79460974137,5308.92690565032,3.473367939932359e-07,0.0008569060009904206,0.006040966010655263,0.24276271405250532,0.6276708544952331,0.0,0.0,0.0,0.0,0.0,938.0,228.0,20.601722307054366,11.0,3.0,932.0,metal
7.6179423332214355,1.6611944437026978,1.4438202381134033,0.8598809242248535,0.8903437256813049,1.0416350364685059,6.97435998916626,2.745929002761841,2.908355951309204,-1.1524406671524048,71320.93675544958,2099.536202005222,126417.80865636763,4538.079690831557,3.81232212021132e-07,0.0012017609551548958,0.0016267231333065592,0.13701234341684435,0.5601532567049808,1.0,0.0,0.0,133.9452380952381,0.0,938.0,392.0,27.5,185.0,3.0,938.0,metal
4.6542792320251465,1.5115208625793457,1.3100630044937134,0.684775710105896,0.5413322448730469,0.7614752650260925,4.246779918670654,0.9834892153739929,3.3826169967651367,-0.7132640480995178,90967.04498736691,2417.5851071944326,158525.68695327666,4785.44776119403,2.646783627824334e-07,0.0010715587995946407,0.015426392466865392,0.17010146671775053,0.6065624164661856,1.0,0.0,0.0,133.65384615384616,0.0,938.0,240.0,24.499714748859326,97.0,3.0,938.0,metal
2.2529900074005127,2.3410470485687256,1.3941823244094849,1.9235343933105469,0.6620549559593201,3.3344695568084717,5.425191402435303,0.059592872858047485,2.8467345237731934,0.55712890625,138912.41560234327,2245.921471654208,492766.25034889445,4613.381196695096,1.6674620439971477e-07,0.0008893142803572118,0.004457623101830324,0.16246855843550106,0.5187650360866078,1.0,0.0,0.0,117.40196078431373,0.0,938.0,377.0,23.12465141947715,165.0,3.0,938.0,metal
12.563541412353516,2.5534632205963135,3.2883248329162598,2.786733865737915,1.3937041759490967,-5.938448905944824,4.936990737915039,0.23940598964691162,5.252630710601807,0.40862712264060974,169588.32744043716,2263.029165210068,679750.7195617072,4334.81309968017,1.08841891233169e-06,0.0012309059966355562,0.0018407258036249776,0.1635091492870469,0.5862514479194512,0.0,0.0,0.0,0.0,0.0,938.0,538.0,20.601722307054366,350.0,3.0,938.0,metal
3.1384124755859375,1.2826142311096191,0.6892445087432861,0.4306766390800476,1.0005254745483398,-0.20154182612895966,2.5560739040374756,0.15891680121421814,4.015851020812988,0.34551793336868286,49330.84723364077,2743.30954938362,38681.55901485181,5007.221148720682,9.498943143171346e-08,0.0008641847525723279,0.014488353061655218,0.2590394497934435,0.566720128307939,1.0,0.0,0.0,110.61507936507937,0.0,938.0,299.0,25.956543598746574,113.0,3.0,938.0,metal
5.813066482543945,1.302834153175354,0.8203678131103516,1.5736300945281982,0.8672662973403931,1.150464653968811,5.621549606323242,-0.33384478092193604,2.9721903800964355,0.605561375617981,51905.469703202674,2204.532099041533,208718.1777000605,4451.250999466951,2.6523647989051824e-07,0.0010678888065740466,0.008724761769798035,0.16469549573560768,0.5590617481956695,0.0,0.0,0.0,0.0,0.0,938.0,206.0,21.826764464562746,37.0,3.0,938.0,metal
1.1842776536941528,0.9745930433273315,1.6663216352462769,0.8894495964050293,0.5342712998390198,2.2461369037628174,4.838623523712158,-0.8096801042556763,1.9653958082199097,-0.4501180052757263,82606.39852321618,2558.3876094588336,364690.23834498646,4855.227212153518,6.262966678605153e-08,0.0007246730965562165,0.00973726485199039,0.22807211154051174,0.5479372716742403,1.0,0.0,0.0,134.36234817813767,0.0,938.0,186.0,23.12465141947715,26.0,5.0,938.0,metal
9.8002347946167,3.2100985050201416,1.5691615343093872,1.806209683418274,1.8044331073760986,-4.639877796173096,4.502995491027832,1.8695334196090698,1.5837581157684326,-0.0870521292090416,183069.54959822146,2698.883618816933,291678.0019567256,5444.837753198294,4.878633035332314e-07,0.0010242644930258393,0.0054793305802330414,0.20048734424973347,0.571322284594137,0.0,0.0,0.0,0.0,0.0,938.0,245.0,21.826764464562746,65.0,3.0,938.0,metal
7.352051734924316,3.6375253200531006,1.6939067840576172,0.5696349740028381,0.6409925222396851,-1.6625396013259888,9.020585060119629,0.4618628919124603,3.567638397216797,0.986009418964386,131564.99356729464,1480.2663567003156,885518.1341234435,3446.4035847547975,1.0415470796942827e-06,0.0019120017532259226,0.000565662936926366,0.06724070079291045,0.5674730464225252,1.0,0.0,0.0,133.9452380952381,0.0,938.0,298.0,20.601722307054366,105.0,3.0,938.0,metal
5.560647487640381,1.8529834747314453,1.4946773052215576,1.4289321899414062,0.8428568840026855,3.193241596221924,5.856209754943848,0.7342683672904968,2.3085992336273193,0.6828191876411438,119788.56053014252,2309.179746607109,378835.98503872287,4839.693829957356,2.9402315249171806e-07,0.001007248181849718,0.0031962596788249024,0.1541917227478678,0.5843179185600996,0.0,0.0,0.0,0.0,0.0,938.0,282.0,19.445436482630058,37.0,3.0,938.0,metal
18.512041091918945,1.8777438402175903,2.51762318611145,1.0410511493682861,1.046399712562561,-0.4237445592880249,5.693728446960449,-0.5274050235748291,2.8110995292663574,-0.5611691474914551,129427.21657784769,2341.978237487986,497457.75085832423,4464.710487739872,1.9868076606144314e-07,0.000946373154874891,0.006356769678544025,0.19154575892857142,0.606571326739731,0.0,0.0,0.0,0.0,0.0,938.0,260.0,20.601722307054366,87.0,3.0,938.0,metal
12.147040367126465,4.2377424240112305,1.2379555702209473,1.6403061151504517,0.8459842801094055,1.7398337125778198,6.570779800415039,0.2312488555908203,4.728597640991211,-0.5826699137687683,224271.52023615027,1960.9545576075088,410899.8394042367,4115.238539445629,1.2928981050208677e-06,0.0014852866297587752,1.8122939100615072e-05,0.13023366704424308,0.530245923549853,1.0,0.0,0.0,125.01666666666667,0.0,938.0,471.0,20.601722307054366,301.0,3.0,938.0,metal
17.216413497924805,3.576785087585449,3.4678993225097656,5.131598472595215,1.1150025129318237,-4.012447834014893,5.242828369140625,0.015299517661333084,1.4459683895111084,-0.6094034910202026,287911.48727589566,2512.608711915462,625418.9751961712,4942.414045842217,4.146517369463254e-07,0.001045680372044444,0.01476890236424773,0.2045351854011194,0.5299563396596275,0.0,0.0,0.0,0.0,0.0,938.0,222.0,24.499714748859326,37.0,3.0,938.0,metal
12.396777153015137,1.974134922027588,2.577040910720825,1.7494733333587646,0.6413268446922302,5.371676445007324,3.8566019535064697,0.3380865752696991,2.7995901107788086,1.2477049827575684,158372.9128297739,2616.2519562259104,484012.5198042032,5204.940698294243,2.5620713017815433e-07,0.0008351372671313584,0.001547468328260688,0.2034003739672175,0.5790564020315422,0.0,0.0,0.0,0.0,0.0,938.0,339.0,25.956543598746574,183.0,3.0,935.0,metal
5.189810752868652,1.490027904510498,1.8990610837936401,1.1671110391616821,0.537640392780304,-2.3399548530578613,4.495931625366211,0.3300792872905731,3.0596044063568115,0.48533689975738525,129320.7247420076,2430.552662403155,343171.83298704796,4798.807302771855,2.7454458972897555e-07,0.0010328978532925248,0.0061066881734768656,0.20265702042244135,0.6165820190679854,1.0,0.0,0.0,144.24743589743588,0.0,938.0,191.0,21.826764464562746,25.0,3.0,938.0,metal
2.0026438236236572,1.469323754310608,1.0444066524505615,0.682284414768219,0.6656799912452698,-1.6883111000061035,6.8531341552734375,-0.7276126742362976,0.7417384386062622,-0.17221838235855103,112596.42046461819,2152.5110464324457,359472.99211387185,4536.780383795309,1.920241885500218e-07,0.0010296300752088428,0.00999548208689631,0.15905943913246268,0.566350351955805,0.0,0.0,0.0,0.0,0.0,938.0,255.0,19.445436482630058,100.0,5.0,938.0,metal
89.07150268554688,8.579294204711914,5.902068614959717,1.6682817935943604,1.3961143493652344,-6.093401908874512,3.2756543159484863,0.5602810978889465,5.825038909912109,1.266937494277954,328601.620304372,2559.4474600232843,1165017.474214201,4835.512726545842,3.319181587357889e-06,0.0016796387499198318,0.013564331437516886,0.19166132229477612,0.6273055332798717,0.0,0.0,0.0,0.0,0.0,938.0,253.0,20.601722307054366,31.0,3.0,916.0,metal
37.50511169433594,7.768810272216797,1.7574732303619385,1.0213478803634644,0.6349785327911377,-3.6704421043395996,7.032101154327393,0.8582350611686707,3.233855962753296,0.37397268414497375,282347.5250215788,2022.6456479699773,943391.7357504393,4295.509061833689,1.5527743926213589e-06,0.0011831688461825252,0.009274531072007703,0.11388249183768656,0.5659404793727167,0.0,0.0,0.0,0.0,0.0,938.0,401.0,19.445436482630058,191.0,3.0,937.0,metal
5.970068454742432,1.622676134109497,2.1121695041656494,1.193743348121643,1.0247567892074585,-2.256523609161377,4.271708011627197,-1.297113299369812,2.868035078048706,0.6171771287918091,133546.01873517755,2485.752655479344,514397.5630180295,4631.271655117271,1.5962655197654385e-07,0.0009062628378160298,0.006957088129965071,0.21248927655250532,0.5609551813240666,0.0,0.0,0.0,0.0,0.0,938.0,298.0,20.601722307054366,142.0,3.0,938.0,metal
7.954090595245361,2.149380683898926,2.6514017581939697,1.867952585220337,0.9668428897857666,-3.824213981628418,6.195712089538574,-2.0229222774505615,3.9013869762420654,0.33630913496017456,87853.58024551967,2157.583182196074,448328.5528523913,3973.430836886994,1.2258018955435546e-07,0.0008563846349716187,0.004256623996037864,0.18096546425239873,0.5690278891561972,0.0,0.0,0.0,0.0,0.0,938.0,319.0,20.601722307054366,149.0,3.0,938.0,metal
4.8988847732543945,1.4765934944152832,1.5214028358459473,1.0366873741149902,0.7497442960739136,-3.198164224624634,5.182172775268555,-2.1413557529449463,2.8986551761627197,0.6005699634552002,88047.29657538485,2308.976748253143,465802.9415894678,4238.589418976546,1.3735774473389029e-07,0.0009379935218021274,0.003365788100688307,0.19882052488672708,0.5801746413614897,0.0,0.0,0.0,0.0,0.0,938.0,315.0,20.601722307054366,77.0,3.0,938.0,metal
39.69218444824219,2.9595108032226562,6.660281658172607,3.037322521209717,2.2254631519317627,-5.047242164611816,4.679208278656006,-1.2448382377624512,3.360912561416626,0.009315271861851215,202456.44556776938,2457.564293332818,839264.2195112545,4527.576958955224,4.5015761429567647e-07,0.0010020652553066611,0.004253500017971813,0.22537511244003197,0.5414104963022364,0.0,0.0,0.0,0.0,0.0,938.0,233.0,23.12465141947715,108.0,3.0,938.0,metal
7.256988525390625,1.8350576162338257,2.6742966175079346,1.4466617107391357,0.9089701771736145,-3.200035572052002,4.29991340637207,-0.8107037544250488,3.0483038425445557,0.6581689715385437,129114.26561708262,2531.4495322782645,549230.785381059,4773.93723347548,1.0683551465717755e-07,0.0007646342273801565,0.004324683073038369,0.2171295100946162,0.5981466631025574,0.0,0.0,0.0,0.0,0.0,938.0,235.0,24.499714748859326,65.0,3.0,938.0,metal
48.84966278076172,4.642189025878906,6.044737815856934,2.779287815093994,1.3888155221939087,-6.781763076782227,5.68749475479126,-1.0538922548294067,3.7791943550109863,-0.10943818837404251,272781.5375461986,2245.0849605229623,763879.4463093387,4164.079157782516,1.1065918670283281e-06,0.0010955468751490116,0.0021258240762023696,0.1872917777185501,0.5966631025572486,0.0,0.0,0.0,0.0,0.0,938.0,278.0,24.499714748859326,30.0,3.0,930.0,metal
2.520158290863037,0.808620274066925,0.8833534717559814,1.280177116394043,0.4384027123451233,4.49131441116333,4.387325286865234,0.6982529759407043,2.840766191482544,0.0141131691634655,54837.25950129168,2559.065304737466,117196.37747261518,4982.309434968017,8.326320255491737e-08,0.0008162163430824876,0.007885538811610186,0.20696461886993603,0.5655929787044462,1.0,0.0,0.0,117.20416666666667,0.0,938.0,166.0,29.135235094880613,52.0,3.0,938.0,metal
2.858181953430176,1.26084303855896,1.4774196147918701,1.273984670639038,0.5996057987213135,4.435548782348633,3.9497859477996826,0.6904715299606323,3.103787899017334,-0.4330749213695526,80865.00202991928,2653.982648467244,222917.24819435322,4930.253864605544,1.221150824903816e-07,0.0008767684339545667,7.534702404482693e-05,0.22694198510794242,0.6081306246101756,1.0,0.0,0.0,110.17628205128204,0.0,938.0,241.0,18.354047994837977,110.0,4.0,938.0,metal
2.8898189067840576,0.6532784104347229,1.0453991889953613,1.0860373973846436,0.5988125801086426,5.472623348236084,4.213198661804199,0.16944606602191925,2.4656989574432373,-0.05961015820503235,39076.996877367426,2620.791341054995,110738.54939556847,4930.1789045842215,5.9197333257543505e-08,0.0007287436746992171,0.004450119155049678,0.22247093216950958,0.5605898601087053,0.0,0.0,0.0,0.0,0.0,938.0,260.0,17.323914436054505,29.0,4.0,938.0,metal
1.6534366607666016,0.6987452507019043,1.1902809143066406,0.6809996366500854,0.34209439158439636,5.233280658721924,3.633321523666382,0.6682637333869934,2.663684844970703,-0.3542252480983734,46342.38800798726,2745.80890724948,101353.9717255852,5016.33295575693,4.949013288069182e-08,0.0006584631628356874,0.002931069742933551,0.24749872984408317,0.6211797202174106,1.0,0.0,0.0,125.11748120300751,0.0,938.0,169.0,27.5,11.0,4.0,938.0,metal
2.5610949993133545,0.6114553213119507,1.0122913122177124,0.783892035484314,0.49959897994995117,5.521711349487305,3.8731017112731934,1.238208293914795,2.78930926322937,-0.1885252296924591,47411.84534569586,2688.800725174878,132131.06289341138,5047.274786780384,9.113251309145198e-08,0.0007964250398799777,0.008793064727486036,0.2236541552838486,0.6146707653924978,0.0,0.0,0.0,0.0,0.0,938.0,156.0,20.601722307054366,14.0,4.0,938.0,metal
3.4043092727661133,1.6080710887908936,1.6588573455810547,1.0806998014450073,0.508545458316803,4.951356887817383,2.4932668209075928,1.4832358360290527,2.2728419303894043,-0.02357332594692707,96382.24140159404,3059.379027226268,147457.23866869442,5503.214952025586,6.621632309133929e-08,0.0006832898361608386,0.02412568537634979,0.2852072644589552,0.6070346609640914,1.0,0.0,0.0,110.17628205128204,0.0,938.0,181.0,24.499714748859326,33.0,4.0,938.0,metal
13.121495246887207,2.0563299655914307,2.0055899620056152,1.6364772319793701,0.9882217645645142,4.926177978515625,4.473937034606934,-0.09168028831481934,3.198350667953491,-0.2850835621356964,122343.1568147318,2491.618564181549,341587.9615809601,4694.52125533049,7.491843234674889e-07,0.0009087289217859507,0.004143743866939508,0.20987973081023453,0.5950637084558495,1.0,0.0,0.0,155.41443850267382,0.0,938.0,155.0,25.956543598746574,14.0,3.0,938.0,metal
2.758005142211914,0.9010022878646851,1.4435536861419678,1.0748847723007202,0.4376526176929474,4.690545558929443,4.299405097961426,0.940759003162384,2.347385883331299,-0.5259018540382385,69808.5163189758,2621.0811812801094,133964.5663570758,4970.532382729211,1.9385576877084532e-07,0.0009078494040295482,0.006658852383273596,0.21832054154450958,0.6445691882740799,0.0,0.0,0.0,0.0,0.0,938.0,235.0,20.601722307054366,116.0,5.0,938.0,metal
2.4059088230133057,0.995585024356842,1.2094091176986694,0.9708108305931091,0.5792052745819092,4.19249963760376,3.35315203666687,1.2818024158477783,2.6099908351898193,0.07757119089365005,86380.90402226016,2829.7197610272992,202444.23523161493,5282.982409381663,9.826528213352503e-08,0.0007549537695012987,0.00710935819129561,0.2454498225946162,0.636518756125813,1.0,0.0,0.0,125.01666666666667,0.0,938.0,154.0,19.445436482630058,16.0,4.0,938.0,metal
2.8574228286743164,1.0735971927642822,1.2341854572296143,1.168148398399353,0.48756393790245056,5.412532329559326,3.248565912246704,0.8615649342536926,2.6794168949127197,-0.19905976951122284,58188.42630441644,2824.2695163950316,130881.50805178247,5152.735207889125,8.178458443808267e-08,0.0007290926878340542,0.014638618675261953,0.24940812816497868,0.5943018800677181,0.0,0.0,0.0,0.0,0.0,938.0,215.0,30.867706328507765,77.0,4.0,938.0,metal
2.5962467193603516,1.3988349437713623,1.3078465461730957,1.0457109212875366,0.5961711406707764,5.441015243530273,3.9369845390319824,1.258249282836914,2.6289000511169434,-0.4766920208930969,71348.07684115799,2720.2377377580992,150758.2844614402,5075.034981343284,1.0643638148621903e-07,0.0008134015370160341,0.0020592466442704675,0.2260429854077825,0.5874008732068075,1.0,0.0,0.0,110.17628205128204,0.0,938.0,167.0,23.12465141947715,43.0,4.0,938.0,metal
8.835800170898438,2.5114212036132812,2.002437114715576,2.0050313472747803,0.704865038394928,2.39877986907959,4.207306861877441,0.4723855257034302,3.9319231510162354,0.2589152455329895,124339.43302055812,2504.716043780022,402861.80871501175,4782.890791577825,6.731970643159002e-07,0.0009476363775320351,0.010624933300028455,0.18266716084754797,0.653786866256794,0.0,0.0,0.0,0.0,0.0,938.0,213.0,30.867706328507765,30.0,3.0,938.0,metal
3.396009683609009,1.205967903137207,1.4931268692016602,1.4193248748779297,0.6632118225097656,3.3249902725219727,6.062380790710449,-0.48163577914237976,1.6763728857040405,-0.043914057314395905,70646.23746796194,2274.4775676386807,369606.3977654526,4595.515724946695,8.108220583835646e-08,0.0008846441633068025,0.00045851909011027575,0.18156930886860342,0.5532968012117971,1.0,0.0,0.0,124.84975961538461,0.0,938.0,194.0,24.499714748859326,56.0,3.0,938.0,metal
2.4882194995880127,1.274719476699829,1.3265082836151123,0.7239571809768677,0.3760645091533661,3.471907615661621,5.629208564758301,-0.8125962018966675,2.5882699489593506,-0.11907858401536942,54423.5520793913,2304.213556367655,214001.3016983737,4431.594816098081,4.744302373183018e-08,0.0007049193955026567,0.003797826430261051,0.1949272887793177,0.536474204758086,0.0,0.0,0.0,0.0,0.0,938.0,226.0,20.601722307054366,2.0,3.0,938.0,metal
3.7806878089904785,1.5277842283248901,1.4264196157455444,0.604773223400116,0.6149915456771851,-0.5153113007545471,5.89459228515625,-0.38862136006355286,2.8763346672058105,0.1335778385400772,91671.25519855892,2203.471978498637,278397.9774824829,4402.910114605544,1.1805681054966044e-07,0.0007866040687076747,0.011930004376485106,0.18197846565165246,0.6196159672101934,0.0,0.0,0.0,0.0,0.0,938.0,311.0,20.601722307054366,129.0,3.0,938.0,metal
5.970068454742432,1.622676134109497,2.1121695041656494,1.193743348121643,1.0247567892074585,-2.256523609161377,4.271708011627197,-1.297113299369812,2.868035078048706,0.6171771287918091,133546.01873517755,2485.752655479344,514397.5630180295,4631.271655117271,1.5962655197654385e-07,0.0009062628378160298,0.006957088129965071,0.21248927655250532,0.5609551813240666,0.0,0.0,0.0,0.0,0.0,938.0,298.0,20.601722307054366,142.0,3.0,938.0,metal
7.954090595245361,2.149380683898926,2.6514017581939697,1.867952585220337,0.9668428897857666,-3.824213981628418,6.195712089538574,-2.0229222774505615,3.9013869762420654,0.33630913496017456,87853.58024551967,2157.583182196074,448328.5528523913,3973.430836886994,1.2258018955435546e-07,0.0008563846349716187,0.004256623996037864,0.18096546425239873,0.5690278891561972,0.0,0.0,0.0,0.0,0.0,938.0,319.0,20.601722307054366,149.0,3.0,938.0,metal
4.8988847732543945,1.4765934944152832,1.5214028358459473,1.0366873741149902,0.7497442960739136,-3.198164224624634,5.182172775268555,-2.1413557529449463,2.8986551761627197,0.6005699634552002,88047.29657538485,2308.976748253143,465802.9415894678,4238.589418976546,1.3735774473389029e-07,0.0009379935218021274,0.003365788100688307,0.19882052488672708,0.5801746413614897,0.0,0.0,0.0,0.0,0.0,938.0,315.0,20.601722307054366,77.0,3.0,938.0,metal
39.69218444824219,2.9595108032226562,6.660281658172607,3.037322521209717,2.2254631519317627,-5.047242164611816,4.679208278656006,-1.2448382377624512,3.360912561416626,0.009315271861851215,202456.44556776938,2457.564293332818,839264.2195112545,4527.576958955224,4.5015761429567647e-07,0.0010020652553066611,0.004253500017971813,0.22537511244003197,0.5414104963022364,0.0,0.0,0.0,0.0,0.0,938.0,233.0,23.12465141947715,108.0,3.0,938.0,metal
7.256988525390625,1.8350576162338257,2.6742966175079346,1.4466617107391357,0.9089701771736145,-3.200035572052002,4.29991340637207,-0.8107037544250488,3.0483038425445557,0.6581689715385437,129114.26561708262,2531.4495322782645,549230.785381059,4773.93723347548,1.0683551465717755e-07,0.0007646342273801565,0.004324683073038369,0.2171295100946162,0.5981466631025574,0.0,0.0,0.0,0.0,0.0,938.0,235.0,24.499714748859326,65.0,3.0,938.0,metal
48.84966278076172,4.642189025878906,6.044737815856934,2.779287815093994,1.3888155221939087,-6.781763076782227,5.68749475479126,-1.0538922548294067,3.7791943550109863,-0.10943818837404251,272781.5375461986,2245.0849605229623,763879.4463093387,4164.079157782516,1.1065918670283281e-06,0.0010955468751490116,0.0021258240762023696,0.1872917777185501,0.5966631025572486,0.0,0.0,0.0,0.0,0.0,938.0,278.0,24.499714748859326,30.0,3.0,930.0,metal
10.3651762008667,2.166252851486206,2.7128591537475586,1.735953688621521,0.833986222743988,-2.570882797241211,6.035186767578125,0.09509173780679703,4.918455600738525,0.13699546456336975,121682.90156818768,2105.880352877016,394122.9079726464,4121.976612473348,5.252020969237492e-07,0.0011367523111402988,0.0025295921523580092,0.1567403634728145,0.6526374409694378,1.0,0.0,0.0,133.9452380952381,0.0,938.0,292.0,30.867706328507765,166.0,3.0,938.0,metal
33.430450439453125,2.919466257095337,2.194828987121582,2.0407180786132812,1.93882417678833,-4.117513179779053,6.431694984436035,-0.6867585778236389,2.331324815750122,-0.39246684312820435,138156.90832894927,2163.1998121751117,426084.3735958315,4324.168776652452,3.2353219125980104e-07,0.001002582022920251,0.005285937552649122,0.16889585970815565,0.5498618907600464,1.0,0.0,0.0,155.41443850267382,0.0,938.0,309.0,20.601722307054366,77.0,3.0,938.0,metal
13.677093505859375,2.5231683254241943,2.913736343383789,1.7424715757369995,0.5435534119606018,-4.975574016571045,7.5095953941345215,1.657597303390503,3.8129944801330566,0.719547688961029,137855.6839884409,1624.8275113233206,524324.4873084612,3876.0077958422175,3.193708380422322e-06,0.003020276315510273,0.0025153695320596506,0.06870814732142858,0.5475095785440612,0.0,0.0,0.0,0.0,0.0,938.0,307.0,20.601722307054366,115.0,3.0,937.0,metal
26.888322830200195,4.19597864151001,7.361327171325684,1.7823420763015747,1.5592542886734009,-13.456384658813477,5.151113033294678,1.4257172346115112,3.2056689262390137,0.4296027719974518,275100.0530663887,2368.2596237681814,650510.3874970484,4834.8714019189765,2.0585055153787835e-06,0.0015851829666644335,0.004223947085530225,0.1714372126532516,0.7139623986456385,1.0,0.0,0.0,117.20416666666667,0.0,938.0,270.0,23.12465141947715,153.0,3.0,938.0,metal
35.1002082824707,2.1060631275177,1.7717872858047485,1.495842456817627,0.922731339931488,-2.8470640182495117,4.902684211730957,0.8259752988815308,1.5984086990356445,-0.15182022750377655,152811.85949753132,2554.4921222973553,369109.5543314399,5175.78125,5.444114208330575e-07,0.0010492197470739484,0.00785376764045211,0.18969570395788912,0.5958700882117081,1.0,0.0,0.0,85.96837944664031,0.0,938.0,194.0,17.323914436054505,42.0,5.0,934.0,metal
3.092808485031128,2.226332187652588,1.2453452348709106,0.9925491809844971,0.6274551153182983,1.5614179372787476,5.6672186851501465,0.14478091895580292,3.5460309982299805,0.37262946367263794,97149.34630484274,2193.121012588467,221024.57737325542,4415.170242537313,3.296191266599635e-07,0.0011568578192964196,0.002385609397964665,0.1508934818097015,0.5644034571861355,0.0,0.0,0.0,0.0,0.0,938.0,221.0,24.499714748859326,18.0,3.0,938.0,metal
6.183642864227295,2.5284886360168457,1.98206627368927,2.2944977283477783,1.2655998468399048,4.618408203125,5.102138519287109,1.008228063583374,3.3485658168792725,1.054299235343933,150258.19474047815,2340.9784153719834,610711.4926388052,4919.343017057569,4.628638521353423e-07,0.0010992871830239892,0.005902906978257864,0.1490960029650853,0.5636460839347767,0.0,0.0,0.0,0.0,0.0,938.0,455.0,19.445436482630058,339.0,3.0,937.0,metal
12.043356895446777,3.412261962890625,1.7496048212051392,2.7751708030700684,1.1331517696380615,-14.094443321228027,4.159679889678955,2.1700403690338135,3.4211859703063965,0.7921990156173706,248275.6664331485,2519.08499459326,514157.542996547,5112.4483608742,9.622403922548983e-07,0.001175908138975501,0.0008871245234419536,0.16699166694429637,0.5391071905907512,1.0,0.0,0.0,125.01666666666667,0.0,938.0,253.0,21.826764464562746,115.0,3.0,935.0,metal
22.016328811645508,4.7808003425598145,4.213709354400635,1.568106770515442,0.6703356504440308,1.0083736181259155,7.518484592437744,0.8067774176597595,3.4073519706726074,0.6068357229232788,242266.03361212445,1865.0990222452263,1048547.0000160582,4017.982076226013,5.751084586336219e-07,0.0012977077858522534,0.0016675390996398875,0.11261285647654584,0.5609819121447028,0.0,0.0,0.0,0.0,0.0,938.0,308.0,25.956543598746574,122.0,3.0,938.0,metal
9.831364631652832,1.5343331098556519,2.2936959266662598,0.5996450185775757,1.2092212438583374,-4.6656107902526855,4.0557861328125,1.1973363161087036,3.8526525497436523,-0.28884345293045044,124747.00002047016,2600.9795332096246,385717.35815836035,4939.832089552238,7.922607210275601e-07,0.00110450794454664,0.0017887917244598201,0.20538004730810236,0.6586652410228991,0.0,0.0,0.0,0.0,0.0,938.0,391.0,20.601722307054366,220.0,3.0,938.0,metal
4.85593318939209,0.9833868145942688,2.328193187713623,2.0094525814056396,0.9018154740333557,0.7873035073280334,4.643894672393799,1.1452722549438477,2.277169704437256,-0.29558926820755005,62976.42928149605,2555.6711456317075,191337.8788514507,5080.315498400852,8.238254167736159e-08,0.0008406857377849519,0.005128847371292926,0.20247534648187634,0.5483471442573287,0.0,0.0,0.0,0.0,0.0,938.0,231.0,27.5,121.0,3.0,938.0,metal
7.144201755523682,2.178722381591797,2.2077934741973877,1.6291078329086304,0.8114662766456604,3.613754987716675,4.200559616088867,1.2371010780334473,2.849825382232666,1.3804470300674438,193432.0427760829,2507.788649471009,695450.302485374,5297.33308901919,4.417382513111079e-07,0.001154059893451631,0.00786281219716651,0.16044984341684435,0.5859173126614986,0.0,0.0,0.0,0.0,0.0,938.0,462.0,19.445436482630058,349.0,3.0,938.0,metal
11.366280555725098,2.0002694129943848,2.6952669620513916,1.2100591659545898,0.9265087246894836,-1.8689510822296143,4.459588527679443,-0.4510200321674347,2.6923320293426514,1.174556016921997,167756.36695013556,2517.665494924713,488681.76073018694,4940.814898720682,5.341969426808646e-07,0.0010577358771115541,0.0028436330832167143,0.1822319762793177,0.6587810745789895,1.0,0.0,0.0,125.01666666666667,0.0,938.0,214.0,19.445436482630058,1.0,3.0,937.0,metal
19.024600982666016,2.120652675628662,2.341031074523926,1.244788646697998,0.683678925037384,-2.4779677391052246,4.221370697021484,1.4120440483093262,2.6185271739959717,1.460087537765503,188207.61767166638,2587.270547581649,418914.85256870196,5418.168643390192,6.559238840964099e-07,0.0012456108815968037,0.006780722919775517,0.17414202008928573,0.6135168849683684,1.0,0.0,0.0,157.11462450592887,0.0,938.0,230.0,20.601722307054366,64.0,3.0,935.0,metal
5.335291385650635,1.5518242120742798,0.9335711002349854,0.5677528381347656,0.3512078821659088,3.517643928527832,7.054829120635986,-1.6364037990570068,1.4836697578430176,0.04331479221582413,72083.60174099675,2057.986426807527,360503.59313796414,4031.441564498934,1.0832942365368581e-07,0.0007398428278975189,0.006201755992064277,0.16029419726146055,0.5782277465918202,1.0,0.0,0.0,143.97321428571428,0.0,938.0,394.0,23.12465141947715,270.0,3.0,938.0,metal
5.829007148742676,1.2439054250717163,1.3154351711273193,1.1971791982650757,0.7517043948173523,-0.32659912109375,5.8878326416015625,-0.28995463252067566,2.454709053039551,-0.20033186674118042,71064.31138278112,2250.102402095663,186303.1447638019,4521.755063965885,1.567133836033463e-07,0.0009063220350071788,0.001526733062452663,0.18409296291977612,0.650325224984407,0.0,0.0,0.0,0.0,0.0,938.0,328.0,19.445436482630058,190.0,3.0,938.0,metal
6.563770771026611,3.2446517944335938,1.7236593961715698,1.4147125482559204,0.6513583064079285,2.2626781463623047,6.170063495635986,1.1409088373184204,3.8533341884613037,-0.3189636468887329,192500.93308675266,2206.999627101743,685598.3618022102,4444.238073027718,3.3124376841442427e-07,0.0009341780678369105,0.0009768878744125901,0.15772004930703626,0.608108348926312,1.0,0.0,0.0,117.20416666666667,0.0,938.0,214.0,20.601722307054366,26.0,3.0,938.0,metal
12.769139289855957,1.898301362991333,1.2310236692428589,1.3834320306777954,0.6724353432655334,4.42483377456665,5.782522678375244,-0.3805135190486908,2.112226724624634,-0.009132863022387028,115074.53220875902,2274.9054687679813,369893.77198454353,4587.803171641791,2.422214606667694e-07,0.0009040951845236123,0.007371928816015404,0.1771685309501599,0.578232201728593,1.0,0.0,0.0,144.0625,0.0,938.0,170.0,20.601722307054366,55.0,3.0,938.0,metal
11.211236953735352,1.6031198501586914,1.737747073173523,1.457149863243103,0.7670373320579529,1.1034908294677734,5.3161845207214355,-0.06328313797712326,2.3807713985443115,0.6096448302268982,103945.82270311083,2435.89191170496,263543.4251746838,4912.005263859275,1.5611813353189063e-07,0.0008897063671611249,0.005622751424120532,0.1994967267457356,0.5809676557070301,0.0,0.0,0.0,0.0,0.0,938.0,237.0,23.12465141947715,32.0,3.0,938.0,metal
8.654519081115723,2.180065393447876,2.341636896133423,2.056194305419922,1.4489426612854004,-3.71498441696167,5.321701526641846,0.2282455712556839,2.155372142791748,-0.3642076253890991,143690.3308330741,2440.535115699381,463063.4875779692,4818.171974946695,3.0337659495671687e-07,0.0008876235806383193,0.0029523578994657108,0.20277310434434967,0.5640871424752739,0.0,0.0,0.0,0.0,0.0,938.0,203.0,21.826764464562746,50.0,3.0,938.0,metal
5.653547286987305,1.5924365520477295,1.9732913970947266,1.4755274057388306,1.0922629833221436,5.49727201461792,3.5614383220672607,2.1820335388183594,2.131359577178955,0.45894432067871094,89612.22064304377,2909.4493931566362,174015.8180739995,5871.71841684435,1.2972515150977415e-07,0.000782725983299315,0.010614311773790958,0.21826015708288912,0.5651786509845852,1.0,0.0,0.0,98.4375,0.0,938.0,247.0,20.601722307054366,84.0,3.0,937.0,metal
37.23003387451172,5.246287822723389,5.685052871704102,2.360731363296509,1.4517813920974731,-6.247467517852783,6.7820258140563965,0.5457762479782104,4.638391017913818,0.7980825304985046,255029.50400747458,1896.7902887975195,914102.8522932981,3983.2672574626868,6.276538442762103e-06,0.0024201027117669582,0.0029684454700574497,0.12088969216417911,0.684848079836051,1.0,0.0,0.0,117.20416666666667,0.0,938.0,317.0,20.601722307054366,169.0,3.0,937.0,metal
17.474119186401367,2.2993688583374023,1.2785619497299194,1.4162663221359253,0.8216763734817505,-3.147228240966797,8.200312614440918,-0.07413504272699356,5.137966632843018,0.887330949306488,117856.24364146667,1427.6788430436532,356081.5168327469,3269.231409914712,2.563873977123876e-06,0.0016575336921960115,0.002556525556845446,0.061792564798773986,0.5387374142386172,0.0,0.0,0.0,0.0,0.0,938.0,684.0,19.445436482630058,587.0,3.0,936.0,metal
9.555806159973145,3.866560220718384,1.9226058721542358,1.3722928762435913,0.5956629514694214,-3.452086925506592,6.281057834625244,0.3349303901195526,2.8885669708251953,1.444592833518982,168524.56242465938,1981.781504265563,525115.3262303282,4339.152452025586,7.435869520122651e-07,0.0014419126091524959,0.0040564811779629055,0.10763582339418977,0.5046066114229706,0.0,0.0,0.0,0.0,0.0,938.0,276.0,20.601722307054366,18.0,3.0,938.0,metal
17.4222354888916,3.9978716373443604,3.0227673053741455,1.9916223287582397,0.8858116269111633,-2.906233310699463,6.856175899505615,0.9584233164787292,1.5857185125350952,-0.15389315783977509,173723.09404663075,2164.663968118422,415779.249700888,4691.1313965884865,2.81599199070115e-07,0.0011503968853503466,0.0009116965395377549,0.15324118803304904,0.518822952864653,0.0,0.0,0.0,0.0,0.0,938.0,202.0,23.12465141947715,62.0,3.0,938.0,metal
5.993401527404785,2.2341299057006836,1.8290724754333496,2.494659662246704,0.8377079367637634,-0.48818254470825195,7.894140720367432,0.47405126690864563,2.828070640563965,-0.05146751180291176,112934.65489946348,1959.2294354927271,448187.69397526013,4145.039312366738,3.110646957793506e-07,0.0012878169072791934,0.004197059813733354,0.12044878148320895,0.5203555199144614,0.0,0.0,0.0,0.0,0.0,938.0,308.0,27.5,113.0,3.0,938.0,metal
2.7650489807128906,0.8277175426483154,0.5711296796798706,0.5021909475326538,0.46842339634895325,-4.801759719848633,4.672141075134277,1.3658311367034912,3.44081449508667,-0.1048889011144638,66833.29970642591,2458.028820322675,69268.39851912402,4873.675706289979,3.311486409529607e-07,0.0011420684168115258,2.939361268189016e-05,0.1821794001532516,0.5747661053194334,1.0,0.0,0.0,156.06060606060606,0.0,938.0,275.0,20.601722307054366,85.0,3.0,938.0,metal
17.216413497924805,3.576785087585449,3.4678993225097656,5.131598472595215,1.1150025129318237,-4.012447834014893,5.242828369140625,0.015299517661333084,1.4459683895111084,-0.6094034910202026,287911.48727589566,2512.608711915462,625418.9751961712,4942.414045842217,4.146517369463254e-07,0.001045680372044444,0.01476890236424773,0.2045351854011194,0.5299563396596275,0.0,0.0,0.0,0.0,0.0,938.0,222.0,24.499714748859326,37.0,3.0,938.0,metal
8.197449684143066,1.9240813255310059,1.5648568868637085,1.4196945428848267,0.658815324306488,1.1004042625427246,6.080605983734131,0.2526234984397888,1.5826194286346436,0.10409782081842422,163693.78627866838,2214.1917239963127,501618.0900353722,4706.7314099147125,1.0647702310961904e-06,0.001155360834673047,0.0049766236063238075,0.15064621785047974,0.6928361400695001,0.0,0.0,0.0,0.0,0.0,938.0,204.0,20.601722307054366,9.0,3.0,936.0,metal
21.56513023376465,4.710818290710449,6.447967052459717,2.8533332347869873,1.9208751916885376,-0.32788151502609253,5.158175945281982,1.0759648084640503,3.0861399173736572,0.39520105719566345,296496.83480813395,2280.3920099554616,797952.4526329384,4696.994936034115,1.495818196417531e-06,0.0013599409721791744,0.010389409053876338,0.1600339194096482,0.5982313107012386,0.0,0.0,0.0,0.0,0.0,938.0,198.0,27.5,60.0,3.0,937.0,metal
45.94948196411133,2.819195508956909,5.416920185089111,1.481482744216919,0.5061032176017761,-2.9930262565612793,6.208040237426758,1.1839147806167603,4.276546955108643,1.000816822052002,258773.02775040764,1848.4200676107341,819407.2200561087,3958.888592750533,2.185455969083705e-06,0.0016388666117563844,5.5559687814509607e-05,0.11022194412979744,0.637227122872672,0.0,0.0,0.0,0.0,0.0,938.0,255.0,27.5,132.0,3.0,938.0,metal
51.001243591308594,4.987756252288818,5.528999328613281,0.9298467040061951,1.1274019479751587,-4.149956703186035,5.936974048614502,-0.09479884058237076,3.236537218093872,0.7005173563957214,297016.63884084526,2069.295843445494,1078994.8746640384,4162.230143923241,6.196909907885129e-06,0.0016109248390421271,0.01227093528973602,0.14837190998134328,0.6228058451394457,1.0,0.0,0.0,105.46875,0.0,938.0,207.0,23.12465141947715,61.0,3.0,932.0,metal
15.972063064575195,3.118255376815796,3.053884267807007,2.1184799671173096,1.1345510482788086,-1.493003010749817,5.454087734222412,0.23446187376976013,2.6083905696868896,0.3352932929992676,230841.57482841553,2189.936558105442,639291.1060468577,4535.206223347548,1.92916354535555e-06,0.0015641849022358656,0.003770032004608205,0.13708418010394458,0.664073777064956,0.0,0.0,0.0,0.0,0.0,938.0,173.0,27.5,22.0,3.0,924.0,metal
27.456783294677734,4.637159824371338,3.592132329940796,2.405432939529419,1.697464108467102,-4.796872615814209,6.84373140335083,1.969929814338684,2.7988922595977783,0.5917322635650635,429906.2035954395,2031.3772020622664,1062115.1270989028,4592.558968550106,4.828014880331466e-06,0.00238558417186141,0.0006526917619261363,0.10513767657249468,0.5329591018444266,1.0,0.0,0.0,104.91071428571428,0.0,938.0,199.0,24.499714748859326,2.0,4.0,917.0,pop
37.10693359375,8.957294464111328,4.4921112060546875,3.627476692199707,3.3055989742279053,-1.5888227224349976,6.319202423095703,2.584333658218384,1.498972773551941,0.47642791271209717,568334.0173751593,2249.494927094182,1821566.2248368922,5124.816764392324,1.7454905901104212e-05,0.0035349957179278135,0.00814135938163516,0.12538573177638593,0.6380468680388488,0.0,0.0,0.0,0.0,0.0,938.0,226.0,21.826764464562746,26.0,4.0,908.0,pop
17.83269691467285,4.546991348266602,2.1297032833099365,1.3227192163467407,0.7938169836997986,-2.4646992683410645,7.025590419769287,2.631563663482666,1.0548754930496216,0.4517022967338562,511805.7358752212,2107.346367816735,1448738.6613977342,4840.818230277186,1.693635931587778e-05,0.003876442089676857,0.00015430659965248318,0.10964829174440298,0.5889690813507974,0.0,0.0,0.0,0.0,0.0,938.0,164.0,29.135235094880613,17.0,4.0,908.0,pop
18.919273376464844,5.664186954498291,2.9901347160339355,2.6439805030822754,1.788623332977295,-5.9316020011901855,10.182517051696777,-2.377774477005005,4.135653972625732,-0.03613661229610443,172288.5121829289,1489.1329857525059,780141.2424345609,3082.9890724946695,1.46318893712305e-06,0.0017164144665002823,0.00014959679378465272,0.10402785181236673,0.6146262140247706,0.0,0.0,0.0,0.0,0.0,938.0,369.0,24.499714748859326,208.0,3.0,938.0,pop
10.22834300994873,3.397026538848877,3.6114890575408936,2.6406171321868896,1.0520151853561401,1.599600911140442,7.892769813537598,-0.1380186825990677,1.4832884073257446,-0.1360703706741333,187315.55151715744,1960.1570447166257,799215.4584702346,4132.654251066098,8.611000339442398e-07,0.0015296542551368475,0.0030837854038636547,0.1312154351012793,0.5329635569811992,0.0,0.0,0.0,0.0,0.0,938.0,125.0,20.601722307054366,9.0,5.0,938.0,pop
145.21995544433594,5.170809745788574,8.533268928527832,2.117794990539551,1.9126954078674316,-5.320003986358643,8.14163875579834,-0.2730471193790436,1.8023854494094849,-0.04399435594677925,300070.6013422869,1858.7979135844153,1046021.0267726836,3756.4382329424307,7.12696692062309e-06,0.0017902491381391883,0.0033069755903448995,0.13367818413512794,0.5578900472244499,0.0,0.0,0.0,0.0,0.0,938.0,255.0,23.12465141947715,49.0,5.0,938.0,pop
36.011775970458984,3.8067028522491455,5.413029670715332,1.4466408491134644,0.8235567808151245,-11.610891342163086,8.7117280960083,2.263493061065674,1.8925933837890625,1.223801612854004,280775.0070910352,1592.17424844455,1583993.2644736995,3726.720748933902,1.6671118601152557e-06,0.001735891099087894,8.88768768190883e-06,0.07612033998534115,0.5483248685734651,0.0,0.0,0.0,0.0,0.0,938.0,423.0,24.499714748859326,242.0,3.0,937.0,pop
37.507484436035156,12.444111824035645,6.706617832183838,5.848268032073975,1.9451590776443481,-13.621850967407227,10.895772933959961,-1.4175293445587158,1.3089406490325928,-1.1821098327636719,394719.3307867517,1462.7760186728572,1585228.1854150956,2876.549173773987,6.660131020908011e-06,0.0027708415873348713,0.004268451155682571,0.10341932219482942,0.5881894324155751,0.0,0.0,0.0,0.0,0.0,938.0,271.0,27.5,84.0,5.0,938.0,pop
18.96660041809082,4.031088829040527,5.359890460968018,2.040515899658203,1.9467467069625854,-1.0402297973632812,7.3463544845581055,0.3507366180419922,2.531619071960449,0.6246312260627747,305835.6138909824,1971.6553316736129,1282914.309540864,4260.044642857143,2.023708702836302e-06,0.0016693251673132181,0.0014289302323013794,0.12227384978011727,0.5448231310701239,1.0,0.0,0.0,170.47121212121215,0.0,938.0,300.0,19.445436482630058,81.0,3.0,936.0,pop
19.6909122467041,1.6263006925582886,3.345355987548828,2.061490535736084,1.6083035469055176,-0.0566670261323452,5.702724456787109,1.2298613786697388,2.0570859909057617,-0.22491063177585602,146924.2331762917,2393.973545990764,468594.8394376233,5057.369402985075,5.03477906477201e-07,0.00119839480612427,0.003100284641617717,0.18751613722681237,0.5992827229795954,1.0,0.0,0.0,133.68055555555557,0.0,938.0,243.0,23.12465141947715,139.0,3.0,938.0,pop
34.30107879638672,8.64434814453125,2.367703437805176,2.7871763706207275,1.3997141122817993,-4.9199018478393555,9.215139389038086,0.6399036049842834,2.8644161224365234,1.373449683189392,375178.07163775753,1490.9862977223597,1808914.7849713806,3281.383262260128,4.112863734917482e-06,0.0019021612824872136,0.00428451881045754,0.07912811084088486,0.5261026463512429,0.0,0.0,0.0,0.0,0.0,938.0,284.0,20.601722307054366,84.0,3.0,938.0,pop
27.560367584228516,7.603297710418701,4.562671661376953,3.485349655151367,1.6875982284545898,-14.877260208129883,11.167622566223145,-0.627267599105835,0.5166339874267578,-1.84229576587677,295507.5249399077,1592.3199795025425,1062855.3015356318,3120.460754264392,3.6074250147066778e-06,0.002256878651678562,0.002789100774174178,0.10798771904984009,0.5391740176423416,0.0,0.0,0.0,0.0,0.0,938.0,250.0,27.5,38.0,4.0,938.0,pop
20.369340896606445,3.9895081520080566,3.3627092838287354,1.89870285987854,1.4879090785980225,-0.2761741578578949,7.278907775878906,-0.9617410898208618,2.1132078170776367,0.4836774170398712,246630.87548890777,2069.2066813566803,804084.3899472741,4123.392523987207,7.009010118963488e-07,0.0012619149638339877,0.0041640081194536755,0.1475369386327292,0.5609685467343848,0.0,0.0,0.0,0.0,0.0,938.0,197.0,21.826764464562746,64.0,3.0,938.0,pop
41.593997955322266,8.481284141540527,3.6435067653656006,3.407038450241089,1.2105307579040527,-10.116547584533691,9.582189559936523,4.012014865875244,2.6122989654541016,1.7424755096435547,425046.59901269927,1427.5192799245092,3163990.0063055614,3288.0713619402986,9.956467692973092e-06,0.0027182241901755333,8.311991862609144e-05,0.05159748134328358,0.6456206005524368,1.0,0.0,0.0,144.24743589743588,0.0,938.0,310.0,16.351597831287414,175.0,3.0,935.0,pop
10.212822914123535,2.6953744888305664,3.9969754219055176,2.6330511569976807,1.176024317741394,-8.263727188110352,8.930730819702148,-0.8165885210037231,1.8829476833343506,0.8193913698196411,112376.27008843108,1665.6553371853443,813280.8102469727,3479.3610074626868,7.895329190432676e-07,0.0015816442901268601,0.000886721450625509,0.11034427472014925,0.541833734295643,1.0,0.0,0.0,117.20416666666667,0.0,938.0,253.0,19.445436482630058,126.0,4.0,938.0,pop
31.71434211730957,5.142625331878662,5.21914529800415,3.040323495864868,1.5087502002716064,-0.6120942234992981,6.718696594238281,0.9428720474243164,1.088195562362671,0.04401157796382904,316095.13968372945,2209.1335125425944,1127764.9325216182,4723.305903518124,2.8148572255304316e-06,0.002050022128969431,0.0014127618646696063,0.14405390041977612,0.5479105408536041,1.0,0.0,0.0,104.18333333333334,0.0,938.0,176.0,19.445436482630058,12.0,5.0,938.0,pop
45.78129196166992,5.255600929260254,2.9014012813568115,2.6172704696655273,1.6734156608581543,-5.089317798614502,5.994786262512207,1.9102318286895752,1.7102829217910767,0.23734714090824127,422195.5153029251,2401.0826256252935,914773.5794380035,5078.566431236673,8.87983878783416e-06,0.0021970607340335846,0.01227416469568026,0.15229273554104478,0.6507885592087678,0.0,0.0,0.0,0.0,0.0,938.0,255.0,19.445436482630058,102.0,3.0,923.0,pop
9.596124649047852,3.50108003616333,4.774077415466309,1.6503326892852783,1.138059377670288,-1.5887842178344727,7.0869035720825195,0.7266011238098145,1.5940319299697876,0.2885744571685791,177928.51250615378,2161.685066581886,850759.9107679174,4679.837420042644,2.53077644174482e-07,0.0009329342283308506,0.005001479109286748,0.1424984799773454,0.5222444979060857,1.0,0.0,0.0,117.40196078431373,0.0,938.0,286.0,23.12465141947715,98.0,4.0,937.0,pop
15.559715270996094,4.004054546356201,4.8576531410217285,2.6578493118286133,1.2200047969818115,-1.2545359134674072,7.381199359893799,1.9281669855117798,0.852340579032898,1.0135416984558105,241581.78571052966,2128.7957073488456,1252717.0732379123,5016.807702558635,3.2779503271740396e-06,0.002253026468679309,0.0029447824632056387,0.11041819363006397,0.5628931658201907,1.0,0.0,0.0,125.01666666666667,0.0,938.0,192.0,25.956543598746574,23.0,4.0,938.0,pop
22.90866470336914,5.467275142669678,3.7327706813812256,2.557180166244507,1.8781843185424805,1.713578462600708,7.2086968421936035,-0.01280095987021923,0.6716943979263306,0.06780581921339035,350125.18638842535,2213.9326769943646,1201534.9601059428,4635.094616204691,2.494026148269768e-06,0.0017364289378747344,0.0036352270154966755,0.15990221881663114,0.6170141673349373,0.0,0.0,0.0,0.0,0.0,938.0,186.0,16.351597831287414,43.0,4.0,938.0,pop
21.333051681518555,2.97733211517334,2.6103720664978027,2.1868741512298584,1.2594895362854004,4.540217399597168,5.95027494430542,-0.6493775844573975,0.8886494636535645,0.11991479247808456,200143.42873938853,2398.492744239755,772724.1164925483,4911.921974946695,9.567013421474257e-07,0.001237288350239396,0.0144654292983475,0.18277231309968017,0.4927113962398646,1.0,0.0,0.0,110.31078431372549,0.0,938.0,154.0,24.499714748859326,12.0,5.0,936.0,pop
44.22864532470703,4.584848880767822,3.0287296772003174,1.0451173782348633,1.3417348861694336,0.7056254744529724,4.849444389343262,0.20834898948669434,1.234876036643982,0.2503611147403717,281632.9841911414,2552.288844098354,717048.8200758103,5191.814365671642,2.5515153083688347e-06,0.0012578640598803759,0.009987468946800646,0.19857013759328357,0.6115699901986991,0.0,0.0,0.0,0.0,0.0,938.0,183.0,19.445436482630058,8.0,3.0,925.0,pop
31.780397415161133,5.154850482940674,5.211146831512451,3.0506584644317627,1.5055429935455322,-0.6283407807350159,6.71484375,0.9427306056022644,1.0887378454208374,0.045554328709840775,318646.7348141266,2210.1487036980625,1120009.2452385603,4724.621868336887,2.7598503038461786e-06,0.0020424851682037115,0.0001792431532910932,0.14383839035847548,0.5525171522765749,1.0,0.0,0.0,104.18333333333334,0.0,938.0,175.0,19.445436482630058,6.0,5.0,938.0,pop
32.02554702758789,6.315758228302002,6.050147533416748,3.911618947982788,2.0775554180145264,-0.411782830953598,6.281717777252197,1.7737345695495605,0.9404134154319763,0.5145406723022461,475003.6779940203,2443.357851984864,1343292.3042417758,5251.274320362473,4.473392436921131e-06,0.0022620020899921656,0.012426077887610246,0.15737075642990406,0.6039294306335204,1.0,0.0,0.0,104.18333333333334,0.0,938.0,223.0,20.601722307054366,78.0,3.0,934.0,pop
30.228620529174805,4.633568286895752,4.33336067199707,3.29064679145813,1.532523512840271,-0.08075931668281555,6.598363876342773,0.29775431752204895,0.7968716621398926,0.3266867399215698,294723.62581850996,2224.4711139840874,997099.4392010118,4771.488539445629,3.14381645694084e-06,0.002010619267821312,0.006859393169476906,0.14239176605810236,0.6219771896997238,1.0,0.0,0.0,117.20416666666667,0.0,938.0,152.0,25.956543598746574,2.0,5.0,933.0,pop
38.602508544921875,9.800338745117188,4.731687545776367,2.912122964859009,2.1186137199401855,-5.865541934967041,9.476934432983398,3.692518949508667,1.119933009147644,0.9043424725532532,602552.7033387169,1834.1286361878024,3046134.9998911605,4219.224746801706,5.517829322343459e-06,0.0028095778543502092,0.0033256815564727204,0.09624294126465885,0.571353470551546,0.0,0.0,0.0,0.0,0.0,938.0,193.0,24.499714748859326,58.0,3.0,938.0,pop
30.87769317626953,5.23910665512085,5.536223411560059,3.563812255859375,1.502336859703064,-2.1744766235351562,10.05300235748291,0.2393476963043213,-0.19974327087402344,0.593585729598999,337376.1064554621,1744.5825511587566,2135993.7902327403,3680.3288246268658,2.845029484888073e-06,0.0022155519109219313,0.001992287582030301,0.11152958005730278,0.618791766907244,1.0,0.0,0.0,144.0625,0.0,938.0,239.0,24.499714748859326,69.0,5.0,938.0,pop
28.27825164794922,6.838602542877197,3.059784412384033,2.494856357574463,1.2104636430740356,-2.7627429962158203,8.16506290435791,0.6141783595085144,1.5145955085754395,1.0266274213790894,317415.96792870044,1906.1420149346084,1553146.0774697035,4127.523654051172,4.976322088623419e-06,0.0024006711319088936,0.003056039162748613,0.10899239155783583,0.5969838724048827,1.0,0.0,0.0,109.37500000000001,0.0,938.0,175.0,30.867706328507765,36.0,3.0,937.0,pop
19.740598678588867,3.7033934593200684,3.210310220718384,2.208008289337158,1.3633322715759277,-0.28897592425346375,7.826048374176025,0.9475914239883423,0.7987978458404541,0.37404775619506836,207034.95861753606,2045.4252984493216,996180.7793661434,4585.754264392324,2.4758583094808273e-06,0.001993571873754263,0.005348721353976752,0.1253810467750533,0.5728103002762186,0.0,0.0,0.0,0.0,0.0,938.0,211.0,19.445436482630058,14.0,4.0,938.0,pop
21.013654708862305,6.125316143035889,4.5293192863464355,2.6652443408966064,1.400637149810791,0.16834397614002228,7.902583599090576,1.3132476806640625,0.8939496278762817,1.0198173522949219,296367.120566919,2042.8543144867792,1621416.865251823,4677.488672707889,3.066631506953854e-06,0.0024653717409819365,0.0015357773319301282,0.1134077450359808,0.5494921144079125,1.0,0.0,0.0,156.26666666666665,0.0,938.0,202.0,17.323914436054505,73.0,4.0,936.0,pop
22.838796615600586,3.717613935470581,2.7935619354248047,2.1842305660247803,0.9408413171768188,2.144770622253418,7.246924877166748,-0.9180011749267578,0.01453250553458929,-0.1486908197402954,194912.96002617682,2198.5652561210504,918410.5195562589,4579.316031449894,5.931371447331912e-07,0.0012644068337976933,0.0028210268383914165,0.15955865205223882,0.5468012117972022,0.0,0.0,0.0,0.0,0.0,938.0,209.0,17.323914436054505,50.0,5.0,938.0,pop
23.195035934448242,3.6889867782592773,2.6377832889556885,2.1430165767669678,0.9429706931114197,2.037353038787842,7.1113972663879395,-0.904490053653717,0.03441598638892174,-0.12355775386095047,194155.41535539023,2219.025434905906,899497.1954678543,4621.335287846482,5.508445610757917e-07,0.0012112004915252328,0.004215222963566066,0.163557560967484,0.5456517865098459,0.0,0.0,0.0,0.0,0.0,938.0,207.0,17.323914436054505,45.0,5.0,938.0,pop
42.62986755371094,6.743274688720703,4.757014274597168,3.4093055725097656,2.2918500900268555,-7.207118034362793,5.332854270935059,1.4303356409072876,1.4009851217269897,0.8482950925827026,549629.7134078214,2639.590520920127,1526237.479295091,5425.431436567164,5.57781368115684e-06,0.0018936415435746312,0.003216952827297929,0.1905072502998401,0.6360687873117706,0.0,0.0,0.0,0.0,0.0,938.0,160.0,19.445436482630058,9.0,4.0,933.0,pop
71.2575454711914,5.3152570724487305,3.4456775188446045,1.779088020324707,1.9775298833847046,-2.3031628131866455,6.703331470489502,-0.8361281156539917,0.4995349049568176,0.3573973774909973,168515.98403802866,2209.915580742415,745863.5905688608,4622.434701492537,9.511592224953347e-07,0.0013459387701004744,0.004733909092111788,0.16060028401519189,0.5084335739107191,0.0,0.0,0.0,0.0,0.0,938.0,183.0,24.499714748859326,7.0,3.0,938.0,pop
30.341632843017578,6.170812129974365,3.7172842025756836,2.2369463443756104,1.8148943185806274,-1.512317180633545,8.736824989318848,1.519581913948059,0.26307812333106995,0.22601692378520966,456746.0769953315,2038.2806963037024,1944134.4372131773,4502.731876332623,3.0249118481151527e-06,0.0019860726315528154,0.0033267623564369967,0.1275023112673241,0.5781921054976388,1.0,0.0,0.0,98.4375,0.0,938.0,187.0,21.826764464562746,14.0,4.0,938.0,pop
19.727012634277344,3.2930777072906494,3.2127437591552734,2.2041163444519043,0.9708629250526428,5.5835089683532715,6.736388206481934,-1.2158522605895996,-0.06207633018493652,0.1325766146183014,159842.00389498644,2230.1756920716944,771820.0180658135,4683.460487739872,1.1861400253110332e-06,0.001348651829175651,0.001914846016500159,0.16827067230810236,0.5287623630045443,1.0,0.0,0.0,110.31078431372549,0.0,938.0,189.0,25.956543598746574,52.0,5.0,934.0,pop
31.96845245361328,6.529257297515869,5.196018218994141,3.2836897373199463,1.9778342247009277,-0.26807883381843567,8.321457862854004,1.0464833974838257,1.849967122077942,0.8076575994491577,355708.88312580896,1820.0421994922287,1629564.302057293,4022.8711353944564,6.342498181766132e-06,0.002902904525399208,0.0024895373888324576,0.1040944829424307,0.5479506370845584,1.0,0.0,0.0,98.70087719298246,0.0,938.0,205.0,20.601722307054366,84.0,5.0,932.0,pop
31.06475257873535,3.22450852394104,6.110125541687012,2.311964988708496,1.2171595096588135,3.6414437294006348,5.772385597229004,-0.054400164633989334,0.7267862558364868,0.21984721720218658,210151.90349447905,2377.6086225472977,832759.3398304132,4871.668443496802,7.663286396564217e-07,0.0012342148693278432,0.004929948840858262,0.1791003131663113,0.5456339659627552,1.0,0.0,0.0,104.18333333333334,0.0,938.0,157.0,24.499714748859326,1.0,5.0,934.0,pop
22.845294952392578,3.8501434326171875,3.013122081756592,2.0256145000457764,1.1864572763442993,2.381462574005127,6.091027736663818,-0.2091662734746933,1.3022594451904297,0.5464610457420349,236949.13493383574,2355.0505248465156,749299.5673967887,4861.732076226012,2.5697152068460127e-06,0.0015579251339659095,0.00038892781325668754,0.15459515341817698,0.6135035195580503,1.0,0.0,0.0,93.76666666666667,0.0,938.0,222.0,20.601722307054366,67.0,5.0,936.0,pop
36.28746032714844,4.885601997375488,7.554197311401367,4.440387725830078,2.7730438709259033,1.5131311416625977,6.563960552215576,2.0278773307800293,1.1373913288116455,0.2109135240316391,414305.1855552528,2330.4705285368664,1127362.5429627164,5121.743403518124,1.5777588942000875e-06,0.0016580303199589252,0.0015176749435483001,0.1483323477478678,0.5555288247349195,1.0,0.0,0.0,85.96837944664031,0.0,938.0,195.0,20.601722307054366,24.0,3.0,938.0,pop
38.24562454223633,3.465054512023926,3.9032654762268066,2.8461506366729736,1.0058118104934692,-1.164101004600525,9.977402687072754,-1.7664916515350342,2.821627616882324,0.09515468776226044,109196.230266093,1562.7340522960228,574690.1850573972,3040.228544776119,2.572237235654029e-06,0.0018653924344107509,0.0020471227019402687,0.12434670259195096,0.5444399893076718,1.0,0.0,0.0,125.27901785714286,0.0,938.0,271.0,29.135235094880613,123.0,4.0,938.0,pop
33.517826080322266,5.864813327789307,7.961443901062012,3.7422080039978027,3.6416878700256348,-12.216403007507324,10.878641128540039,1.5602775812149048,0.540067732334137,1.1087226867675781,421978.75717946194,1594.253037918946,2051679.8270955025,3301.222681236674,3.4153299566241913e-06,0.002714729169383645,0.0020729229412733276,0.09142780100613006,0.5441103091864921,0.0,0.0,0.0,0.0,0.0,938.0,245.0,21.826764464562746,68.0,4.0,938.0,pop
21.92914581298828,4.909887313842773,6.071320533752441,2.906251907348633,2.4329638481140137,1.1685280799865723,6.904031276702881,0.06140466779470444,2.173527956008911,0.14290392398834229,324976.9033569289,2115.682989618715,980419.1718557895,4451.617470682303,1.723320565361064e-06,0.0017841323278844357,0.006469741874125482,0.15855970565698294,0.5487035551991447,1.0,0.0,0.0,93.76666666666667,0.0,938.0,222.0,20.601722307054366,49.0,3.0,938.0,pop
14.673351287841797,6.995587348937988,4.063361644744873,3.606375217437744,2.1624395847320557,-0.49265149235725403,6.072922706604004,1.4972221851348877,2.1206984519958496,0.6807462573051453,540065.2585688677,2144.7263712932336,1438560.4894124211,4641.682769189765,1.1077898307121359e-05,0.003225757973268628,0.0002182217264632177,0.11682311100746269,0.5897353648757017,1.0,0.0,0.0,133.9452380952381,0.0,938.0,235.0,23.12465141947715,91.0,3.0,918.0,pop
21.207670211791992,3.770641565322876,6.605646133422852,3.104398012161255,2.7741916179656982,-0.25414982438087463,5.459152698516846,-0.24699154496192932,2.2636826038360596,0.1896144300699234,255189.24252434698,2227.026628362737,584532.7429737367,4506.713086353944,7.426102001772961e-06,0.0027182649355381727,0.012359667283703133,0.14828341551172708,0.582847723425109,1.0,0.0,0.0,117.20416666666667,0.0,938.0,192.0,19.445436482630058,24.0,3.0,902.0,pop
34.724388122558594,9.677759170532227,5.2368364334106445,3.162806987762451,2.573805809020996,-2.2061305046081543,8.393719673156738,0.41962170600891113,1.4993621110916138,0.3100029528141022,415168.7181028872,1798.9249740305688,1985072.052737141,3789.470615671642,1.2525969395937864e-05,0.003413032041862607,7.620398324641084e-06,0.12190113189632196,0.5667023077608481,1.0,0.0,0.0,117.6948051948052,0.0,938.0,167.0,21.826764464562746,10.0,4.0,934.0,pop
34.96700668334961,9.15335464477539,5.349061012268066,3.184044361114502,2.6354482173919678,-2.2753164768218994,8.477391242980957,0.38571932911872864,1.5299482345581055,0.2955477833747864,402254.09359527496,1782.1018883583406,1967549.651823931,3759.994669509595,1.411431821907172e-05,0.0034847408533096313,2.3623766221814967e-05,0.11818644639525587,0.5509845852267664,1.0,0.0,0.0,117.6948051948052,0.0,938.0,159.0,24.499714748859326,5.0,4.0,931.0,pop
22.28352928161621,7.170307636260986,4.215902805328369,3.2538654804229736,2.050842046737671,-0.5826532244682312,7.499616622924805,0.48005616664886475,1.1078952550888062,0.7083337903022766,349570.042776241,2008.529063269856,1374014.1455390682,4337.128531449894,3.502816753098159e-06,0.0021572504192590714,0.00047267147068085055,0.12183866521188699,0.6264501470195134,0.0,0.0,0.0,0.0,0.0,938.0,194.0,24.499714748859326,60.0,3.0,936.0,pop
19.23799705505371,2.1572790145874023,3.5268850326538086,1.647476077079773,1.6534581184387207,-1.7267086505889893,5.297202110290527,-0.009318545460700989,0.6190837621688843,0.7694567441940308,195379.14124398038,2426.0022019258895,759609.4150017644,5197.128198294243,1.5614024277965655e-06,0.0016844355268403888,0.005121841106400659,0.1692232892457356,0.6430544417713622,1.0,0.0,0.0,125.01666666666667,0.0,938.0,137.0,16.351597831287414,2.0,6.0,919.0,pop
45.79464340209961,11.454086303710938,9.243826866149902,4.059756278991699,4.295522689819336,-10.048304557800293,11.016529083251953,2.0744776725769043,2.1032826900482178,-0.08638808876276016,416260.9733360618,1375.9547222530796,2523336.5966173094,2883.5204557569296,7.451124929502839e-06,0.0028616469353437424,0.0010965098042085555,0.07461749566897655,0.5701238528022811,1.0,0.0,0.0,117.20416666666667,0.0,938.0,185.0,23.12465141947715,4.0,4.0,938.0,pop
29.989273071289062,9.566317558288574,7.830130100250244,3.988917589187622,2.510772466659546,-3.0860447883605957,7.223465442657471,1.9874829053878784,2.2215685844421387,0.12222609668970108,520516.27746230055,2025.8220395891115,1614521.1887820498,4411.705423773988,9.900830264086835e-06,0.003193044336512685,1.71536163327719e-06,0.11654409315031983,0.5659092934153078,0.0,0.0,0.0,0.0,0.0,938.0,171.0,27.5,46.0,3.0,921.0,pop
20.974241256713867,6.478081703186035,3.318488597869873,2.4806439876556396,2.044843912124634,1.5762577056884766,5.221060752868652,0.5903895497322083,1.1766583919525146,0.49787604808807373,411966.0094577796,2524.2382853151466,892694.8372098891,5090.826559168443,1.2329149967627018e-06,0.0013578139478340745,0.002106332080511346,0.18603880013992538,0.5605675844248418,0.0,0.0,0.0,0.0,0.0,938.0,152.0,24.499714748859326,2.0,5.0,937.0,pop
25.95345115661621,4.0564374923706055,4.12051248550415,3.314350128173828,3.3582170009613037,-0.0413285531103611,4.240684986114502,0.6492981314659119,1.8257883787155151,0.4913594722747803,354110.06334434403,2390.833685108291,957535.8937919677,5057.369402985075,2.33068858506158e-05,0.0042798686772584915,0.00010118787515778046,0.15263734341684435,0.4958032611601176,0.0,0.0,0.0,0.0,0.0,938.0,289.0,19.445436482630058,194.0,3.0,754.0,pop
49.040245056152344,21.260663986206055,19.024158477783203,6.085433006286621,6.3874030113220215,-6.430393695831299,9.081378936767578,-1.286780595779419,0.5671250820159912,-1.7279001474380493,556971.808253364,1819.9877547612762,1536584.4828814513,3471.5401785714284,1.5665224054828286e-05,0.004387658555060625,0.010238739915461445,0.12169447128198294,0.4954379399447563,0.0,0.0,0.0,0.0,0.0,938.0,133.0,30.867706328507765,6.0,3.0,938.0,pop
28.5320987701416,5.544750213623047,4.979791164398193,2.317584753036499,2.32887864112854,0.07368405163288116,6.8163957595825195,2.271860361099243,1.2407532930374146,-0.4422582983970642,510608.11828213185,2216.0867662114565,1415172.7606839077,4823.027718550106,5.8356749832455534e-06,0.002559368032962084,0.0008212897420635671,0.12075590934834755,0.5364029225697229,0.0,0.0,0.0,0.0,0.0,938.0,204.0,16.351597831287414,26.0,4.0,906.0,pop
34.9477424621582,7.5366082191467285,5.889435768127441,4.890681266784668,2.735393762588501,-1.3250287771224976,5.698054313659668,1.1073760986328125,-0.10365152359008789,0.7903661727905273,545385.6035736295,2532.355231763082,853140.0230405945,5494.311367270789,1.0010891855927184e-05,0.0026424534153193235,0.015300573604785143,0.14876545009328357,0.6330972110843803,0.0,0.0,0.0,0.0,0.0,938.0,175.0,30.867706328507765,49.0,5.0,889.0,pop
36.60429382324219,9.366883277893066,5.431139945983887,3.1852011680603027,1.8980399370193481,-2.8990581035614014,4.86909294128418,1.980973243713379,2.7902305126190186,1.0629810094833374,798577.5639418673,2399.4751483378564,1657211.3404772652,5012.6182702558635,3.3956272091018036e-05,0.003945508971810341,0.013180766493107381,0.1338504880730277,0.5724137931034483,0.0,0.0,0.0,0.0,0.0,938.0,229.0,25.956543598746574,124.0,3.0,799.0,pop
26.595352172851562,4.119716167449951,4.346316337585449,3.4107444286346436,3.301995038986206,0.031268004328012466,4.251682281494141,0.7566031813621521,1.8375425338745117,0.4422896206378937,356925.33440875646,2390.447284812377,920381.1511553513,5059.326692430704,2.6529101887717843e-05,0.004434838891029358,0.00038440347140018555,0.14982738372867804,0.49771451483560547,0.0,0.0,0.0,0.0,0.0,938.0,279.0,19.445436482630058,186.0,3.0,761.0,pop
35.51405334472656,9.801100730895996,7.239324569702148,4.290592193603516,1.7318060398101807,-2.3613905906677246,6.66455078125,-0.6595339775085449,1.623497486114502,-0.345795214176178,582386.258204559,2229.2511216270977,1367326.442657755,4383.52045575693,5.449212949315552e-06,0.002387596759945154,0.011967673708532666,0.16213123833955223,0.544524636906353,1.0,0.0,0.0,125.11748120300751,0.0,938.0,167.0,17.323914436054505,4.0,4.0,937.0,pop
36.7721061706543,9.570103645324707,5.537321090698242,3.073221206665039,1.731968879699707,-2.72192645072937,4.705597877502441,2.0658187866210938,2.7701821327209473,1.016211986541748,796633.3350225867,2443.9881975635444,1573007.3971764632,5068.113672707889,4.0563358197687194e-05,0.003931928891688585,0.013315337522044803,0.1344350721281983,0.573941905016484,0.0,0.0,0.0,0.0,0.0,938.0,224.0,25.956543598746574,121.0,3.0,797.0,pop
28.5320987701416,5.544750213623047,4.979791164398193,2.317584753036499,2.32887864112854,0.07368405163288116,6.8163957595825195,2.271860361099243,1.2407532930374146,-0.4422582983970642,510608.11828213185,2216.0867662114565,1415172.7606839077,4823.027718550106,5.8356749832455534e-06,0.002559368032962084,0.0008212897420635671,0.12075590934834755,0.5364029225697229,0.0,0.0,0.0,0.0,0.0,938.0,204.0,16.351597831287414,26.0,4.0,906.0,pop
16.426401138305664,6.582984447479248,4.156613826751709,3.6072466373443604,2.1039087772369385,-1.9842736721038818,6.734002590179443,0.8074502348899841,3.7050869464874268,-0.07765137404203415,394062.92107322597,2025.616922168825,1162411.133038925,4230.210554371002,9.207014954881743e-06,0.002988883526995778,3.124504956138987e-05,0.11257433535447761,0.5471442573287,0.0,0.0,0.0,0.0,0.0,938.0,132.0,24.499714748859326,17.0,3.0,906.0,pop
8.738523483276367,2.6650917530059814,4.535279750823975,2.190864324569702,1.384956955909729,5.708418369293213,7.26474666595459,0.43727341294288635,1.5545072555541992,0.28622615337371826,142859.25176291433,1966.8612617964961,516864.0791436864,4369.561234008529,1.7347957737001707e-06,0.0025024251081049442,0.003189670788709643,0.11604748300906183,0.5031052303305711,1.0,0.0,0.0,110.24305555555556,0.0,938.0,365.0,25.956543598746574,172.0,4.0,938.0,pop
16.216012954711914,4.506490230560303,2.216677188873291,2.5742456912994385,1.0726839303970337,-6.068770408630371,11.146688461303711,-0.38165032863616943,1.083202600479126,0.03149646148085594,130423.9440927736,1443.280987994438,864796.6262232104,2904.251066098081,2.6801992589753354e-06,0.0021020618733018637,0.001101479813951138,0.0937354244402985,0.5951394457809857,1.0,0.0,0.0,117.70833333333334,0.0,938.0,249.0,24.499714748859326,123.0,5.0,938.0,pop
59.90409851074219,7.588656425476074,7.33799934387207,2.9642608165740967,3.0423567295074463,-3.236731767654419,3.9772932529449463,-1.4732054471969604,0.19078250229358673,-0.9174693822860718,551992.9056732928,2678.9383209003463,1336935.282151336,5115.596681769723,5.103532203065697e-06,0.001976264175027609,0.004112238343609038,0.22672439282382728,0.5118417535418338,0.0,0.0,0.0,0.0,0.0,938.0,190.0,29.135235094880613,30.0,5.0,924.0,pop
36.33047103881836,6.273156642913818,3.4268903732299805,2.7203969955444336,1.3315438032150269,-5.614737510681152,8.113611221313477,0.6356235146522522,1.6710164546966553,0.7487888336181641,352191.8246543218,1951.144716485139,1260929.601496761,4147.879464285715,3.644501475719153e-06,0.0021350213792175055,0.0011468213805639175,0.11931397004930704,0.6298716920609463,1.0,0.0,0.0,117.20416666666667,0.0,938.0,183.0,24.499714748859326,16.0,4.0,907.0,pop
26.572017669677734,6.493527889251709,6.643491744995117,2.5203521251678467,1.952620267868042,-1.43540620803833,8.637170791625977,2.487802028656006,1.0758683681488037,0.6868339776992798,370842.4097271158,1834.944174943506,1970271.8892741036,4345.265858208955,3.7408547086670296e-06,0.0023418436758220196,0.0009063289681341842,0.09602326675772921,0.6023745878998485,1.0,0.0,0.0,110.16757246376812,0.0,938.0,153.0,21.826764464562746,17.0,4.0,938.0,pop
17.413164138793945,5.181940078735352,4.297567844390869,2.0262739658355713,1.5564790964126587,-1.6120820045471191,4.5544114112854,1.2424216270446777,1.9825536012649536,0.9941393136978149,473172.4543166905,2639.557673199597,910461.350375593,5469.12480010661,3.0514554509863956e-06,0.00197146856226027,0.004582421349297445,0.18488108425506397,0.5739775461106656,0.0,0.0,0.0,0.0,0.0,938.0,175.0,24.499714748859326,21.0,4.0,926.0,pop
18.12914276123047,5.392866611480713,4.283768177032471,3.825564384460449,3.1719744205474854,1.8213450908660889,6.024773597717285,0.4219880998134613,1.5057451725006104,-0.17017672955989838,439716.8667911144,2366.1134115600485,1060706.1506856303,4750.774586886993,3.3403309771529166e-06,0.00203997315838933,0.00369263680399698,0.15793503881263327,0.6188274080014257,1.0,0.0,0.0,123.57954545454547,0.0,938.0,236.0,23.12465141947715,120.0,4.0,931.0,pop
15.858810424804688,3.913318634033203,2.049736976623535,0.8849316239356995,0.6576560735702515,0.48997873067855835,7.035236835479736,0.39692699909210205,2.8683178424835205,0.4781067967414856,196668.44002387286,1901.3072179990174,621876.2711992481,4077.758528784648,2.0530271740426542e-06,0.0019825671333819628,0.005071448391843658,0.11808910247867804,0.6273055332798716,1.0,0.0,0.0,104.18333333333334,0.0,938.0,379.0,20.601722307054366,269.0,3.0,938.0,pop
81.35263061523438,11.338733673095703,5.399764537811279,2.948725938796997,1.987111210823059,-4.555582523345947,6.44050931930542,1.372452974319458,1.511860728263855,-0.05601103976368904,533965.0884301855,2255.2820944989376,1765681.5957956084,4752.690231876332,1.8029004422714934e-05,0.0025698021054267883,0.0008404658031399892,0.14471344449626866,0.6361311592265882,0.0,0.0,0.0,0.0,0.0,938.0,269.0,27.5,173.0,4.0,884.0,pop
17.413164138793945,5.181940078735352,4.297567844390869,2.0262739658355713,1.5564790964126587,-1.6120820045471191,4.5544114112854,1.2424216270446777,1.9825536012649536,0.9941393136978149,473172.4543166905,2639.557673199597,910461.350375593,5469.12480010661,3.0514554509863956e-06,0.00197146856226027,0.004582421349297445,0.18488108425506397,0.5739775461106656,0.0,0.0,0.0,0.0,0.0,938.0,175.0,24.499714748859326,21.0,4.0,926.0,pop
13.232365608215332,5.096782207489014,1.8969582319259644,1.350864291191101,1.0378142595291138,4.2843780517578125,7.521895408630371,-1.5101310014724731,0.7994350790977478,-0.2769020199775696,182132.2480292126,2016.9858395201452,752512.6502361498,4057.5859541577825,3.921735753920075e-07,0.0011056113289669156,0.005348264513928794,0.15955761094083157,0.5183729840506105,1.0,0.0,0.0,117.20416666666667,0.0,938.0,149.0,25.956543598746574,7.0,4.0,938.0,pop
17.718454360961914,3.2577579021453857,2.912736177444458,2.154658555984497,1.2445746660232544,2.6521847248077393,6.139370918273926,1.3477838039398193,0.8478421568870544,0.3270762860774994,335806.4782032628,2476.2102998753253,880458.6167561202,5340.96815031983,4.9284781198366545e-06,0.0017100222175940871,0.007879992710799444,0.15468729177771856,0.5552035997505124,1.0,0.0,0.0,125.01666666666667,0.0,938.0,270.0,23.12465141947715,160.0,4.0,916.0,pop
24.92476463317871,7.884531497955322,5.917391777038574,4.415525436401367,2.8786299228668213,-4.338048458099365,8.070696830749512,2.2592568397521973,1.852137565612793,0.19646167755126953,513715.88435005595,2008.893509906179,1885863.5893590406,4515.491737739872,6.274155566643458e-06,0.0031695018988102674,0.0006793166414279827,0.11114332772521322,0.6821349015414772,0.0,0.0,0.0,0.0,0.0,938.0,210.0,23.12465141947715,18.0,4.0,932.0,pop
20.048044204711914,4.583204746246338,3.223968505859375,3.3805747032165527,2.005460023880005,-2.334664821624756,4.88974666595459,2.582676410675049,3.019669771194458,-0.0638059675693512,369464.9038614985,2534.1449793411216,824371.4959164636,5208.705357142857,2.028135213549831e-06,0.0020216330885887146,0.009423615779513641,0.1610401535847548,0.6656152543883097,1.0,0.0,0.0,126.5625,0.0,938.0,225.0,23.12465141947715,46.0,3.0,925.0,pop
32.00863265991211,5.267090797424316,3.288125991821289,2.794203519821167,1.5805608034133911,0.1399165540933609,5.633646488189697,1.6054551601409912,1.8885515928268433,0.9767769575119019,308445.9369165855,2292.0733953573363,1068353.259857891,4985.724280383795,5.5007299124554265e-06,0.0022383411414921284,0.006202657901678366,0.12709679837420043,0.6005123407288604,1.0,0.0,0.0,144.60784313725492,0.0,938.0,171.0,27.5,2.0,3.0,928.0,pop
34.51606750488281,5.555735111236572,3.920865058898926,3.2194957733154297,1.246077299118042,0.4379478394985199,4.922672748565674,0.9612758755683899,1.45661199092865,0.4157935082912445,457716.2432958895,2559.0581512810118,916017.9749926728,5203.841284648188,5.063167009211611e-06,0.0020568210165947676,0.004198004140384375,0.1956513817630597,0.6437895393388577,1.0,0.0,0.0,110.31078431372549,0.0,938.0,189.0,21.826764464562746,25.0,3.0,934.0,pop
27.793127059936523,6.86074686050415,4.258076190948486,3.3737595081329346,2.1493918895721436,-0.03220983222126961,6.294732570648193,0.7060980796813965,2.434065341949463,-0.19412779808044434,398071.49372336327,2191.086822651272,936475.164560422,4505.680303837953,7.928345439722762e-06,0.002578163053840399,0.017142436942275692,0.14948381696428573,0.6173304820457987,1.0,0.0,0.0,104.18333333333334,0.0,938.0,239.0,19.445436482630058,45.0,3.0,924.0,pop
58.935577392578125,7.361103534698486,4.790711402893066,2.1942977905273438,1.4038848876953125,-20.229400634765625,9.853448867797852,1.2880046367645264,3.0383195877075195,0.44617313146591187,347710.6034217481,1518.39257474884,1292543.0935990144,3361.440565031983,5.823178526043193e-06,0.0028060046024620533,0.00017761604899979363,0.08315148587420043,0.6142787133565,0.0,0.0,0.0,0.0,0.0,938.0,267.0,30.867706328507765,105.0,4.0,933.0,pop
22.4195556640625,7.144618988037109,4.15679931640625,3.2661242485046387,2.0260989665985107,-0.5807835459709167,7.5082106590271,0.49336519837379456,1.1101810932159424,0.7203103303909302,350095.83747265773,2007.1091913646803,1374128.285146576,4335.329490938167,3.593647761590546e-06,0.0021451988723129034,0.0005405429418580152,0.12188239189099147,0.6334135257952419,1.0,0.0,0.0,110.31078431372549,0.0,938.0,199.0,24.499714748859326,61.0,3.0,935.0,pop
26.557308197021484,3.8256113529205322,3.1513378620147705,2.955857515335083,1.9789773225784302,-8.410299301147461,9.511935234069824,1.81415855884552,1.4648189544677734,0.10074692219495773,217412.06994716998,1679.396175447783,1040727.158682236,3725.6713086353943,1.2515673688540119e-06,0.001718288753181696,0.004115643965348235,0.09589156616471216,0.5268021028245568,1.0,0.0,0.0,99.75961538461539,0.0,938.0,205.0,21.826764464562746,30.0,3.0,938.0,pop
16.884057998657227,2.860260486602783,1.3491582870483398,1.199629306793213,0.6237885355949402,-2.657041311264038,6.761567115783691,2.490415096282959,2.293991804122925,1.058030128479004,253779.6343155504,2032.6446957781043,877975.4312630856,4841.526186034115,3.6493711377261207e-06,0.0024004385340958834,3.891038583353516e-05,0.09168703774653518,0.5766595384478304,1.0,0.0,0.0,125.01666666666667,0.0,938.0,180.0,20.601722307054366,23.0,4.0,935.0,pop
10.475760459899902,3.7572989463806152,2.2970800399780273,3.0371694564819336,2.321232557296753,-4.932252407073975,9.076912879943848,1.8402408361434937,1.5882837772369385,-0.03691617399454117,194150.90109565778,1721.2915768569683,907231.3266529927,4033.8736007462685,2.0010368189105066e-06,0.0021190340630710125,0.0005692838847499789,0.09124248317563965,0.5697897175443286,1.0,0.0,0.0,125.01666666666667,0.0,938.0,236.0,19.445436482630058,96.0,5.0,938.0,pop
24.952545166015625,14.653501510620117,5.651275634765625,2.5149967670440674,2.4839375019073486,-5.156407356262207,7.461485385894775,1.1849216222763062,2.298478364944458,0.4673280715942383,896558.5691574645,2081.1941412789733,2721883.9038472525,4304.879064498934,3.326777368783951e-05,0.004578807856887579,0.0002544467927226365,0.1233732634261727,0.602365677626303,0.0,0.0,0.0,0.0,0.0,938.0,202.0,24.499714748859326,1.0,4.0,900.0,pop
38.27921676635742,11.781196594238281,7.861169338226318,3.3289847373962402,2.38938307762146,-1.666174054145813,6.931717872619629,-1.3030229806900024,2.729557514190674,0.24617736041545868,458461.9017005988,1958.3211213333616,1415271.8736158104,3909.956356609808,2.816340929712169e-05,0.004018911626189947,0.011352779678170676,0.14561192364072495,0.5433440256615878,0.0,0.0,0.0,0.0,0.0,938.0,231.0,24.499714748859326,75.0,4.0,915.0,pop
9.564736366271973,2.3500261306762695,1.523349404335022,2.283425807952881,1.1308813095092773,-1.0563641786575317,5.874486923217773,1.0036730766296387,0.6966256499290466,-0.586398184299469,187415.92048895473,2512.188989013709,415859.0807056643,5198.069363006397,5.258129931462463e-07,0.0011498930398374796,0.009214270603526647,0.1892527110541045,0.5823977546110667,1.0,0.0,0.0,133.9452380952381,0.0,938.0,205.0,24.499714748859326,16.0,4.0,937.0,pop
10.107412338256836,6.004515647888184,3.3774871826171875,2.1373326778411865,1.0644582509994507,-0.5631112456321716,6.910128593444824,1.888797402381897,1.7422045469284058,0.864919126033783,499507.1920993153,2298.9268752549315,947021.1386327789,4962.453358208955,1.550198703625938e-06,0.0016414516139775515,0.0013239645107508663,0.13599569812766524,0.5517508687516707,0.0,0.0,0.0,0.0,0.0,938.0,288.0,24.499714748859326,39.0,3.0,938.0,pop
53.64325714111328,8.310264587402344,3.678072690963745,3.5702104568481445,3.1544156074523926,-0.011177275329828262,5.584389686584473,1.2323824167251587,1.6669065952301025,-0.2458476424217224,520650.77608635,2391.521295228419,1213731.0677331362,4963.636060767591,3.570241460693069e-06,0.0019956796895712614,0.0032410903159650743,0.17216494952691896,0.6077563931212687,0.0,0.0,0.0,0.0,0.0,938.0,171.0,18.354047994837977,15.0,4.0,938.0,pop
50.617897033691406,7.210141658782959,4.1835784912109375,3.7130050659179688,3.341953754425049,-0.3203710615634918,5.802405834197998,1.818764090538025,1.8700199127197266,-0.15750998258590698,471684.03878303047,2391.997403887592,1361977.420566707,5021.755063965885,9.703797331894748e-06,0.002373287221416831,0.014416510926808453,0.1713383070695629,0.6019914461373964,1.0,0.0,0.0,98.70087719298246,0.0,938.0,184.0,18.354047994837977,32.0,3.0,932.0,pop
10.098875045776367,5.766215801239014,3.3870105743408203,2.1803622245788574,1.071304202079773,-0.30780357122421265,6.878933429718018,1.8655060529708862,1.7102266550064087,0.8445762395858765,500159.46790628036,2314.768238729447,914496.2874477784,4982.342750533049,1.5146350733630243e-06,0.001628824626095593,0.0011835668147390415,0.13694206839685502,0.5479239062639223,0.0,0.0,0.0,0.0,0.0,938.0,288.0,24.499714748859326,37.0,3.0,938.0,pop
20.076364517211914,5.671698093414307,3.8128821849823,2.775614023208618,2.858125686645508,2.8312716484069824,5.457381725311279,0.8995319604873657,1.8725194931030273,0.7924850583076477,302758.850198173,2448.5940949013625,502396.70540195284,5107.500999466951,5.322443030308932e-06,0.002303167013451457,0.003945127655726748,0.16388446994936035,0.5927826784282276,0.0,0.0,0.0,0.0,0.0,938.0,201.0,23.12465141947715,51.0,4.0,928.0,pop
18.18903160095215,4.497162342071533,4.470468997955322,2.033358573913574,1.4525903463363647,1.102891445159912,5.810333251953125,0.866053581237793,1.3528145551681519,0.6668999195098877,333943.280040941,2384.47932646952,1018712.797762413,5114.547241471216,4.399558292789152e-06,0.0020703820046037436,0.00562485945083799,0.15263578174973347,0.6001113784193176,1.0,0.0,0.0,110.31078431372549,0.0,938.0,182.0,24.499714748859326,33.0,4.0,923.0,pop
7.511868476867676,2.6040141582489014,2.8587028980255127,1.5496277809143066,0.9830842614173889,1.8377071619033813,6.38982629776001,1.6172531843185425,1.1147775650024414,1.1677327156066895,196109.17200041615,2327.5424045298973,455168.3229298851,5301.422574626866,1.6752530882513383e-06,0.0018723189132288098,0.00030911859729874794,0.13672239388992538,0.6115610799251537,1.0,0.0,0.0,133.9452380952381,0.0,938.0,168.0,16.351597831287414,3.0,4.0,933.0,pop
17.440317153930664,4.590657711029053,2.5518364906311035,1.8231042623519897,1.4070137739181519,0.9470657706260681,7.819858074188232,-0.8380289077758789,1.9574494361877441,-0.08845360577106476,268856.44853370445,1992.415295265123,1026611.7859698351,4121.568496801706,6.323662660179252e-07,0.0011706583900377154,0.0019284006290982158,0.14254637110207888,0.5459992871781163,0.0,0.0,0.0,0.0,0.0,938.0,225.0,29.135235094880613,86.0,4.0,938.0,pop
19.047130584716797,7.628028869628906,4.128868103027344,2.5270447731018066,1.4314494132995605,0.3656582832336426,8.55777645111084,2.7882931232452393,1.8155617713928223,0.3608085513114929,430190.99969213945,1841.8386942556472,1699486.9210967724,4231.643123667377,4.945233285980066e-06,0.0026476888451725245,0.0002811181598965454,0.09489157865804904,0.6027087231578008,0.0,0.0,0.0,0.0,0.0,938.0,164.0,16.351597831287414,2.0,4.0,938.0,pop
23.462942123413086,6.413813591003418,5.041810989379883,3.8095123767852783,2.143508195877075,-0.8246755599975586,7.31258487701416,2.2279090881347656,1.7318384647369385,0.4864625930786133,476946.6845278343,2100.4894591865364,1500311.678287838,4726.629131130064,4.828827968594851e-06,0.002359930193051696,0.00015983878302079128,0.1029747676239339,0.5743651430098904,0.0,0.0,0.0,0.0,0.0,938.0,199.0,29.135235094880613,41.0,4.0,927.0,pop
44.11514663696289,6.874889373779297,8.889801979064941,5.1385955810546875,2.628195285797119,-8.029072761535645,6.747988224029541,2.9413585662841797,1.6244254112243652,1.0479727983474731,891405.4370730518,2175.9244990104244,2760466.6651494335,4810.709288379531,3.310462489025667e-05,0.004096974153071642,0.01144971652906768,0.11676897321428571,0.620008019246191,0.0,0.0,0.0,0.0,0.0,938.0,144.0,18.354047994837977,37.0,4.0,797.0,pop
30.812843322753906,4.136174201965332,7.352370738983154,2.2008440494537354,1.0106523036956787,1.2502763271331787,4.95150089263916,0.4627840220928192,0.6364786624908447,0.7790622711181641,317625.459750382,2609.7439705628826,825458.9140972052,5384.819762793177,6.86902012603241e-06,0.002002214314416051,0.009382526718328702,0.19207828741337954,0.5398422881582465,1.0,0.0,0.0,117.20416666666667,0.0,938.0,163.0,20.601722307054366,35.0,3.0,918.0,pop
33.9210319519043,5.601739883422852,4.140300273895264,1.8068904876708984,1.3529901504516602,-6.87717866897583,9.605768203735352,1.7934585809707642,1.4529924392700195,0.5124586224555969,291585.8482314953,1647.3537400102948,1630884.648659241,3833.4305037313434,4.711521341960179e-06,0.0022871759720146656,0.0019850448474344412,0.08605774836753731,0.5713935667825003,0.0,0.0,0.0,0.0,0.0,938.0,163.0,20.601722307054366,15.0,4.0,938.0,pop
27.430694580078125,4.136610507965088,5.372988224029541,3.764139175415039,1.7145825624465942,-7.83292293548584,8.120875358581543,0.34062913060188293,1.2582852840423584,1.077136754989624,171845.4764393318,1923.320928087664,1305806.607702904,4285.65598347548,2.13193061426864e-06,0.0021848976612091064,0.0011641978848998887,0.12396409414978678,0.5689833377884701,1.0,0.0,0.0,125.01666666666667,0.0,938.0,187.0,17.323914436054505,6.0,4.0,938.0,reggae
21.72294044494629,5.643739700317383,4.9576191902160645,1.6759775876998901,1.3828352689743042,-11.87634563446045,10.574662208557129,1.0347859859466553,1.1877063512802124,0.8115699291229248,257365.04546954407,1489.7355306705049,1741493.4913066796,3247.584621535181,2.5071892650885275e-06,0.0016767937922850251,0.0001687387237967825,0.0812483342217484,0.6303617571059432,1.0,0.0,0.0,156.26666666666665,0.0,938.0,294.0,25.956543598746574,152.0,3.0,938.0,reggae
46.617618560791016,6.892971038818359,5.500948429107666,2.751020669937134,2.0424067974090576,-11.00684642791748,8.530355453491211,2.0568323135375977,2.6574273109436035,0.4346402585506439,249650.25105381795,1654.6795670594056,1530327.8253042053,3612.2401385927506,1.0138323887076695e-05,0.00340716983191669,0.001766492951056711,0.09622888626066098,0.6091998574356232,1.0,0.0,0.0,104.18333333333334,0.0,938.0,143.0,30.867706328507765,6.0,3.0,937.0,reggae
41.2142333984375,8.654130935668945,5.604349136352539,6.186924934387207,3.0227088928222656,-11.899643898010254,8.371997833251953,-0.7948915362358093,2.1876916885375977,2.0594539642333984,398438.4542409957,1697.8865837014214,2198688.2302747215,3610.3994536247333,1.5326902939705178e-05,0.003273288020864129,0.00014630432144861438,0.1038925073294243,0.49656063441147646,1.0,0.0,0.0,144.24743589743588,0.0,938.0,281.0,20.601722307054366,123.0,3.0,928.0,reggae
58.754032135009766,8.677998542785645,3.7979462146759033,2.987703561782837,1.3294605016708374,-9.618528366088867,8.271235466003418,-0.2107095867395401,1.2794615030288696,0.6342055201530457,314102.9674756508,1820.680862380173,1587547.7783700372,3868.878264925373,9.500585292698815e-06,0.0031369049102067947,0.00045136871790576024,0.10718293993203624,0.5663681725028958,1.0,0.0,0.0,125.01666666666667,0.0,938.0,212.0,17.323914436054505,35.0,4.0,921.0,reggae
44.08187484741211,6.6688995361328125,3.7999184131622314,3.457890272140503,2.8207826614379883,-9.639985084533691,8.919432640075684,-0.15726269781589508,1.803357481956482,0.4459710717201233,249985.01426592114,1685.828051528713,1189949.1286355923,3569.6711753731342,8.393615644308738e-06,0.003129139542579651,0.0031345225621139945,0.09456102578624734,0.4992069856544596,0.0,0.0,0.0,0.0,0.0,938.0,215.0,24.499714748859326,46.0,3.0,925.0,reggae
41.64596176147461,12.199344635009766,7.514838695526123,4.418848037719727,1.6999778747558594,-12.577211380004883,11.036779403686523,0.2909374237060547,2.4803178310394287,1.2636131048202515,390652.15694480867,1344.938191755957,1838838.2547587093,2750.549706823028,1.0210730579274241e-05,0.003197360783815384,0.00035600376490310177,0.07927646921641791,0.5702441414951438,1.0,0.0,0.0,144.0625,0.0,938.0,179.0,27.5,2.0,3.0,934.0,reggae
43.58635711669922,5.969201564788818,5.707464218139648,4.134807109832764,3.004704475402832,-11.110788345336914,9.717720985412598,0.010847332887351513,1.323056697845459,1.0370360612869263,262901.67312849103,1599.6378621519234,1738420.5034372795,3392.1325293176974,1.1876668395416345e-05,0.0033036810345947742,0.0038066856790475896,0.09343662546641791,0.5429475184888175,0.0,0.0,0.0,0.0,0.0,938.0,165.0,21.826764464562746,10.0,5.0,928.0,reggae
46.035240173339844,9.160794258117676,5.856163024902344,4.666754722595215,2.272475481033325,-10.898886680603027,9.161876678466797,0.7898668050765991,2.207237720489502,0.49447280168533325,323759.68947664293,1565.0045598580723,1761730.5032931443,3397.5046641791046,9.244376997230574e-06,0.003548375330865383,0.003300333306406137,0.08918680870202558,0.49116991891651074,1.0,0.0,0.0,98.4375,0.0,938.0,193.0,24.499714748859326,72.0,3.0,936.0,reggae
48.8612060546875,9.955102920532227,4.838322639465332,3.78493332862854,2.4168026447296143,-15.27975082397461,11.408160209655762,0.3555779457092285,1.2420767545700073,2.0184905529022217,560033.8978625555,1374.264163206945,3140696.993741753,2835.4544243070363,2.3343694920185953e-05,0.004677958786487579,0.003871904084919636,0.07254099896721748,0.4996257685110933,1.0,0.0,0.0,156.26666666666665,0.0,938.0,199.0,25.956543598746574,45.0,4.0,899.0,reggae
55.474952697753906,9.079339027404785,5.485777854919434,5.750698566436768,2.355992555618286,-13.003395080566406,7.345460414886475,0.8716639876365662,3.03354549407959,0.758731484413147,529333.9602915907,2060.1017427065276,1441758.5214352673,4278.559768123668,3.0643823265563697e-06,0.002048193011432886,0.005872470511236679,0.13180782749200426,0.5579568742760402,0.0,0.0,0.0,0.0,0.0,938.0,203.0,24.499714748859326,56.0,3.0,938.0,reggae
43.07265853881836,4.768544673919678,5.826299667358398,4.548736095428467,2.14339017868042,-12.50026798248291,8.597105979919434,0.3099006116390228,1.3168388605117798,0.5036876201629639,186040.14772290166,1715.8501278437864,1086793.7917258139,3786.1390591684435,9.050648259290028e-06,0.0032453425228595734,0.005762254456205447,0.08811654617537314,0.6085404971932639,1.0,0.0,0.0,125.01666666666667,0.0,938.0,140.0,18.354047994837977,12.0,5.0,900.0,reggae
41.10280990600586,5.9507246017456055,4.523064136505127,4.0375847816467285,3.4050393104553223,-11.996405601501465,7.448009967803955,-0.285910964012146,1.0541846752166748,1.234928846359253,446197.85662038886,1971.9453222991253,1925677.9923930408,4273.870602345416,6.452647085097851e-06,0.002609505783766508,0.003675259342023906,0.13386610474413646,0.5284059520627283,1.0,0.0,0.0,133.9452380952381,0.0,938.0,252.0,20.601722307054366,96.0,3.0,937.0,reggae
59.35563659667969,7.673290252685547,8.2351713180542,3.5273468494415283,2.8251543045043945,-12.311918258666992,10.40234088897705,0.42965149879455566,2.0035951137542725,2.002411127090454,321674.8847168973,1380.6014622934397,1907630.0256356702,2902.335421108742,2.1995294446242042e-05,0.004868673160672188,0.0005408818706021984,0.08575686717084222,0.5375701684041699,1.0,0.0,0.0,125.01666666666667,0.0,938.0,195.0,23.12465141947715,11.0,4.0,923.0,reggae
60.035194396972656,7.924136161804199,7.9422760009765625,4.485915184020996,2.2518274784088135,-13.397897720336914,9.147479057312012,0.6945203542709351,2.4806015491485596,1.9973515272140503,540435.4215628897,1489.1993126084787,2780273.630141683,3237.9647521321963,1.3688648323295638e-05,0.003820637706667185,0.002484345445743017,0.07718695862206823,0.5199055511004188,1.0,0.0,0.0,133.9452380952381,0.0,938.0,196.0,20.601722307054366,0.0,3.0,909.0,reggae
29.84153175354004,6.362318992614746,4.625911712646484,3.023098945617676,2.2070183753967285,-8.949909210205078,9.15600872039795,2.161513090133667,2.3359293937683105,1.6716842651367188,350730.9461738372,1622.0431417759517,2119068.632160063,3747.0099280383797,5.445061560749309e-06,0.0031798325944691896,0.0029879903631398366,0.07810001332622601,0.6031720573821615,0.0,0.0,0.0,0.0,0.0,938.0,213.0,29.135235094880613,21.0,3.0,938.0,reggae
29.265647888183594,2.591130018234253,3.2319507598876953,1.7030701637268066,0.8018261790275574,-1.2761280536651611,7.186897277832031,0.8650417327880859,1.9472230672836304,0.6884599924087524,142284.25853158074,1930.8231525890474,632831.7719377846,4414.862073560767,9.193589903588872e-06,0.002254089340567589,0.0036676892938951686,0.1006005130597015,0.553270070391161,0.0,0.0,0.0,0.0,0.0,938.0,306.0,30.867706328507765,151.0,3.0,930.0,reggae
41.76698684692383,10.073704719543457,5.543713092803955,3.8290257453918457,3.4774436950683594,-7.499968528747559,8.335893630981445,-0.5588354468345642,1.8451138734817505,1.121931791305542,474925.6237742642,1673.4592821312972,1793360.7723563113,3495.2941764392326,6.854967523395317e-06,0.0030822677072137594,0.001809901355378502,0.10113668543443496,0.5069277376815469,0.0,0.0,0.0,0.0,0.0,938.0,187.0,23.12465141947715,10.0,3.0,924.0,reggae
39.57524108886719,7.990474224090576,4.216540813446045,2.9606821537017822,1.8708627223968506,-10.172080039978027,8.1847505569458,1.5963667631149292,2.7040302753448486,1.0987675189971924,470576.7318013883,1751.7456731937355,2278968.209628217,3888.584421641791,1.0781389391922858e-05,0.003122360212728381,0.0012061308300443496,0.09515341817697229,0.5322195491401586,0.0,0.0,0.0,0.0,0.0,938.0,236.0,27.5,38.0,3.0,931.0,reggae
79.41617584228516,9.102151870727539,7.54199743270874,4.027244567871094,4.3443498611450195,-10.24685287475586,9.056153297424316,1.0586888790130615,2.149049758911133,1.717726469039917,547736.880973521,1535.337597559517,2729080.495643972,3394.223081023454,1.992010948015377e-05,0.004482334014028311,5.394962697062915e-05,0.08644660347814499,0.5233493718257151,1.0,0.0,0.0,144.24743589743588,0.0,938.0,206.0,21.826764464562746,90.0,3.0,933.0,reggae
48.8875732421875,8.497366905212402,4.046156883239746,3.791978120803833,1.809092402458191,-9.687756538391113,9.639734268188477,1.2563308477401733,1.5274310111999512,1.6275811195373535,395759.38785301027,1499.6326286542321,2392152.834319919,3310.0013326226012,1.9077004253631458e-05,0.004016371443867683,0.002107240028604547,0.0722718716684435,0.48929430633520443,1.0,0.0,0.0,125.01666666666667,0.0,938.0,196.0,18.354047994837977,42.0,4.0,899.0,reggae
13.580306053161621,2.560253620147705,2.735921859741211,2.0464491844177246,1.5103362798690796,-2.810581922531128,7.879096508026123,-0.35310760140419006,2.045945882797241,0.5289019346237183,173933.35245600823,1819.8143709187293,728199.6388778551,3928.7629930703624,1.5163266198214842e-06,0.0017058602534234524,0.0044415113079517045,0.11791419576226013,0.5410318096765572,1.0,0.0,0.0,156.26666666666665,0.0,938.0,255.0,24.499714748859326,123.0,3.0,938.0,reggae
24.231523513793945,3.688572645187378,3.5924811363220215,2.191763401031494,1.1725594997406006,-2.763603925704956,7.116448402404785,0.17591668665409088,2.470324993133545,0.8702494502067566,160569.09811203068,1890.8364686237423,815493.6622975742,4203.79131130064,8.438735676463693e-06,0.00257083959877491,0.003623936913046528,0.09144914378997868,0.5624565624164662,0.0,0.0,0.0,0.0,0.0,938.0,127.0,27.5,7.0,4.0,845.0,reggae
44.73650360107422,7.392735958099365,4.365102291107178,3.2044124603271484,2.2858235836029053,-9.529650688171387,5.39793062210083,0.09129207581281662,3.6167497634887695,1.742100477218628,461682.30407186394,2053.3608121269367,1352101.706706694,4346.640125266525,7.188897143350914e-06,0.002267315285280347,0.008681443731299912,0.14493207789179105,0.49688140425911076,0.0,0.0,0.0,0.0,0.0,938.0,197.0,19.445436482630058,41.0,3.0,928.0,reggae
48.462135314941406,10.488166809082031,4.528410911560059,3.237948179244995,1.8113222122192383,-8.585098266601562,8.735334396362305,0.7174398899078369,2.6469719409942627,1.2316964864730835,456383.68140560755,1673.1663514077911,1982597.0875012714,3565.215218550107,1.1001435268553905e-05,0.0031662883702665567,0.005030087793119051,0.09240748684035181,0.5291098636728147,0.0,0.0,0.0,0.0,0.0,938.0,172.0,21.826764464562746,39.0,4.0,928.0,reggae
76.93243408203125,8.932259559631348,7.056949138641357,3.253239154815674,2.7333128452301025,-9.178035736083984,9.14765739440918,-0.34580546617507935,2.1863346099853516,0.7558907270431519,378897.4085293165,1590.4701194950371,1926430.0302831563,3342.9670842217483,2.2878317395225167e-05,0.003981946036219597,2.3613646810399002e-05,0.09421485624333689,0.47859306780718164,0.0,0.0,0.0,0.0,0.0,938.0,168.0,20.601722307054366,7.0,3.0,924.0,reggae
66.30652618408203,7.956869602203369,5.110185146331787,3.8943634033203125,2.526761293411255,-8.837934494018555,7.699700355529785,0.6697584986686707,2.772885322570801,1.064596176147461,437499.78055873606,1692.5295219393363,2007180.1111169101,3696.6784381663115,1.8322132746106945e-05,0.0037956438027322292,1.8766783400224184e-05,0.09527731043443496,0.4977724316136506,0.0,0.0,0.0,0.0,0.0,938.0,212.0,20.601722307054366,37.0,4.0,916.0,reggae
56.97888946533203,7.948822975158691,7.21833610534668,4.408149719238281,2.8191170692443848,-10.526946067810059,7.752143383026123,1.8009482622146606,2.291623115539551,1.1242905855178833,418064.65399577795,1773.3008695028868,1938535.51127121,3969.116471215352,2.1114226910867728e-05,0.004445885308086872,0.0009128914852921796,0.10003831289978678,0.609988416644391,1.0,0.0,0.0,133.9452380952381,0.0,938.0,147.0,24.499714748859326,7.0,4.0,909.0,reggae
78.27579498291016,11.83187198638916,6.637416362762451,4.539961814880371,3.228269338607788,-18.2398738861084,7.623444080352783,1.18113374710083,3.8184142112731934,1.317294716835022,598826.2924046768,1532.112392832683,2149851.9772802275,3322.369736140725,2.780000249913428e-05,0.004621145781129599,0.0043364672251845595,0.08635967067563965,0.5276663993584604,0.0,0.0,0.0,0.0,0.0,938.0,261.0,19.445436482630058,53.0,3.0,914.0,reggae
47.88248062133789,3.7119176387786865,7.51759672164917,1.1023694276809692,1.2678755521774292,-13.544031143188477,8.28317928314209,2.7156918048858643,3.0980782508850098,1.5237215757369995,214430.46291759354,1476.476437022011,1506714.5848245942,3478.436500533049,1.1800706488429569e-05,0.0034528167452663183,0.0012697163207677057,0.05467604777452026,0.6151073687962221,0.0,0.0,0.0,0.0,0.0,938.0,430.0,23.12465141947715,213.0,3.0,938.0,reggae
63.09586715698242,11.2918062210083,6.962310791015625,3.2823145389556885,2.196315288543701,-16.91421890258789,7.590789318084717,3.189938545227051,2.5943634510040283,1.712734580039978,615002.151986376,1646.8150697224312,3286653.4151674053,3826.8173640724945,1.7677271898719482e-05,0.004319779109209776,4.4487302289797844e-05,0.08821284898054371,0.5115076182838812,0.0,0.0,0.0,0.0,0.0,938.0,313.0,25.956543598746574,88.0,3.0,932.0,reggae
69.48149871826172,6.91116189956665,6.661787509918213,2.8655710220336914,3.977738618850708,-15.404899597167969,8.135903358459473,1.0763404369354248,2.688558340072632,1.7892813682556152,350386.925960144,1427.8060305501883,2078885.0573892572,3204.457622601279,1.7432874301448464e-05,0.004390374757349491,0.0029850886698794244,0.07427028501465885,0.6464938073598859,1.0,0.0,0.0,156.26666666666665,0.0,938.0,492.0,24.499714748859326,388.0,3.0,928.0,reggae
41.140892028808594,7.036978244781494,7.545027256011963,2.960777997970581,1.906266689300537,-17.393539428710938,9.324113845825195,-0.021021513268351555,2.8939476013183594,1.2892870903015137,234649.19951183864,1381.0909626685368,1279323.886804725,3052.746868336887,1.27623225125717e-05,0.003551460336893797,0.003188788864282756,0.08527795592350747,0.5858727612937716,0.0,0.0,0.0,0.0,0.0,938.0,297.0,27.5,113.0,3.0,930.0,reggae
52.49429702758789,6.944770336151123,10.814269065856934,2.4571774005889893,2.5472466945648193,-17.495216369628906,8.41413688659668,2.5726571083068848,1.8639503717422485,1.6018010377883911,438592.49225039955,1513.5946729010407,2646165.0055432636,3412.238472814499,2.0772544303326868e-05,0.0044529372826218605,0.003322380200115064,0.07424165445095948,0.5555243695981467,0.0,0.0,0.0,0.0,0.0,938.0,253.0,29.135235094880613,113.0,3.0,925.0,reggae
46.65807342529297,7.152584075927734,3.773847818374634,2.310853958129883,1.215792179107666,-16.296167373657227,10.416678428649902,0.8890066146850586,2.706819534301758,0.4787102937698364,289469.1220986164,1215.8290490211352,1967399.582288012,2729.5858875266526,1.695203536655754e-05,0.004630246665328741,0.001144671713162187,0.05678221615138593,0.5969883275416555,1.0,0.0,0.0,126.5625,0.0,938.0,237.0,19.445436482630058,24.0,3.0,934.0,reggae
50.370697021484375,6.46295690536499,4.848360061645508,2.2592849731445312,1.620900273323059,-15.210102081298828,8.5311279296875,1.2451603412628174,2.134608030319214,0.6564834117889404,335857.37003686593,1585.5716228075976,1766928.229517818,3611.623800639659,1.3152804058336187e-05,0.0036548273637890816,0.0019753158397891254,0.07715936916977612,0.5947295731978971,0.0,0.0,0.0,0.0,0.0,938.0,278.0,27.5,65.0,3.0,932.0,reggae
44.80677795410156,5.373023509979248,4.691392421722412,1.829944372177124,1.906286358833313,-16.2705135345459,7.341746807098389,1.8460111618041992,2.5072927474975586,1.1338815689086914,442764.0493406097,1657.0341944836223,1759170.4534217543,3810.892523987207,1.929195786942728e-05,0.0037869696971029043,0.0033430556230884404,0.0734441631130064,0.7251225162612492,1.0,0.0,0.0,117.89772727272728,0.0,938.0,560.0,23.12465141947715,419.0,3.0,924.0,reggae
82.83683776855469,5.824095726013184,4.662600040435791,4.21243953704834,2.2148079872131348,-17.032760620117188,7.140491485595703,1.1672052145004272,2.77449107170105,1.1456965208053589,378155.93335860054,1571.5179288497234,1787259.825032726,3543.360207889126,2.4602146368124522e-05,0.0046380958519876,0.002736022120044845,0.0811155925173241,0.619651608304375,0.0,0.0,0.0,0.0,0.0,938.0,295.0,20.601722307054366,111.0,3.0,901.0,reggae
67.5158462524414,6.267717361450195,8.499405860900879,2.4879095554351807,2.4581565856933594,-15.867392539978027,8.965845108032227,1.1352792978286743,1.9617724418640137,0.48661962151527405,318516.8718472281,1556.5705189150603,1655212.5025840206,3383.120668976546,4.222127972752787e-05,0.004339294508099556,0.0030035469250423194,0.08263665628331557,0.5215272208856813,0.0,0.0,0.0,0.0,0.0,938.0,180.0,20.601722307054366,4.0,3.0,920.0,reggae
109.87874603271484,17.26935386657715,13.622480392456055,3.3609862327575684,2.591665744781494,-23.011518478393555,9.762018203735352,5.5897111892700195,2.6543076038360596,2.2326791286468506,455900.07725429244,1128.4965119063127,3928370.3648327193,2215.4934035181236,6.676014891127124e-05,0.008372907526791096,0.0005172239505539196,0.031043339385660982,0.6694734028334671,1.0,0.0,0.0,156.26666666666665,0.0,938.0,276.0,23.12465141947715,145.0,3.0,847.0,reggae
129.9468536376953,17.280330657958984,7.582647323608398,7.034037113189697,3.551283597946167,-20.376535415649414,8.326645851135254,0.07346020638942719,2.4845871925354004,-0.39287692308425903,718766.9768264646,1934.5944504775578,1588445.0254262937,3669.742803837953,6.075342753320001e-06,0.002560681663453579,0.0004030775921651759,0.13286976112739873,0.5448498618907601,0.0,0.0,0.0,0.0,0.0,938.0,158.0,24.499714748859326,2.0,4.0,938.0,reggae
43.9981689453125,9.134592056274414,8.068609237670898,4.645389556884766,2.757361888885498,-10.364879608154297,7.214803695678711,3.135174512863159,4.009346961975098,-0.3320176601409912,377514.91805029346,1804.100563611034,1437047.0405078554,4024.1204690831555,2.6811077987076715e-05,0.004177790600806475,0.004765264030666145,0.0758668293576759,0.46854227924797287,1.0,0.0,0.0,144.24743589743588,0.0,938.0,362.0,29.135235094880613,242.0,3.0,900.0,reggae
31.740707397460938,3.241582155227661,5.418878555297852,3.35134220123291,2.1989119052886963,-11.247035026550293,7.093299388885498,-2.219355821609497,2.387925624847412,1.646682858467102,212131.448579266,1925.0969733212273,1081811.405396777,3859.574893390192,8.680204700795002e-06,0.00252855964936316,0.013316058348010817,0.12564913296242003,0.5866657756393121,0.0,0.0,0.0,0.0,0.0,938.0,173.0,24.499714748859326,4.0,3.0,878.0,reggae
32.689613342285156,3.8133997917175293,2.7269270420074463,2.2578983306884766,1.3826303482055664,-8.378918647766113,11.315235137939453,-3.0645034313201904,4.613303184509277,-0.5500563383102417,93534.43191238132,1395.9479986371175,143351.7904395774,2710.662646588486,2.46038030127238e-06,0.002269214019179344,2.7011180391069316e-05,0.10285347814498934,0.4800810834892631,1.0,0.0,0.0,156.26666666666665,0.0,938.0,313.0,16.351597831287414,52.0,4.0,938.0,reggae
25.80286979675293,4.9158196449279785,3.5187110900878906,2.6575682163238525,1.2854633331298828,-5.696928024291992,7.614659786224365,1.860876202583313,2.2697412967681885,0.6647189855575562,317035.92837583675,1806.9350855368561,1288348.9283599432,4116.89598880597,5.240056452748831e-06,0.0026442166417837143,0.0005980816027319304,0.09623305070628999,0.5459681012207074,0.0,0.0,0.0,0.0,0.0,938.0,158.0,24.499714748859326,1.0,3.0,933.0,reggae
48.641231536865234,6.007612705230713,7.746318340301514,4.135878562927246,1.567440390586853,-7.501527786254883,2.2368812561035156,3.1193783283233643,2.5846383571624756,0.7958499789237976,346581.9841048001,3203.2452681820637,433735.7113813687,5960.079624200426,4.135074505029479e-06,0.0015672772424295545,0.030102852594133755,0.23209548657382728,0.5701639490332354,0.0,0.0,0.0,0.0,0.0,938.0,245.0,21.826764464562746,113.0,3.0,937.0,reggae
23.93194580078125,4.580869674682617,4.732748031616211,3.109510660171509,1.7657442092895508,-10.570379257202148,7.311252593994141,2.6672379970550537,3.0962724685668945,1.1899833679199219,332896.3564471885,1876.0691252794663,1360915.1931475431,4363.098014392324,7.599212040076964e-06,0.0030444643925875425,1.8802882037521347e-07,0.09613674790111941,0.50845139445781,1.0,0.0,0.0,134.9431818181818,0.0,938.0,189.0,19.445436482630058,21.0,4.0,925.0,reggae
38.113162994384766,10.194586753845215,6.084487438201904,5.345046520233154,2.6132290363311768,-6.770458698272705,5.80525016784668,1.0548995733261108,4.027618885040283,-0.15755385160446167,460983.71858108934,2220.1653480860205,772933.4344799335,4297.974413646056,4.9831105570774525e-06,0.0025376123376190662,0.002813345804349793,0.14874410730943496,0.5723959725563574,1.0,0.0,0.0,144.24743589743588,0.0,938.0,243.0,24.499714748859326,98.0,4.0,932.0,reggae
28.841394424438477,6.404763221740723,4.596409797668457,4.0294928550720215,2.2377166748046875,-5.890387058258057,5.504525184631348,1.844024419784546,2.8587212562561035,1.2394272089004517,541697.4650694921,2345.1575491864974,1190396.150227075,4935.034648187633,3.7076333683216944e-06,0.002078650053590536,0.0011678596368979452,0.13671302388726012,0.48081618105675844,1.0,0.0,0.0,89.48863636363637,0.0,938.0,121.0,25.956543598746574,0.0,4.0,937.0,reggae
34.38447952270508,4.912700176239014,4.888279914855957,2.9354090690612793,1.729842185974121,-6.936320781707764,9.0847806930542,2.2633824348449707,2.777878522872925,-0.11158275604248047,186219.546823565,1636.5123974838764,992369.8165882247,3751.7324093816633,3.3321487080684165e-06,0.0023089793976396322,0.003293279462070481,0.08668397687899787,0.5218301701862246,1.0,0.0,0.0,98.70087719298246,0.0,938.0,202.0,19.445436482630058,59.0,3.0,938.0,reggae
29.630298614501953,12.031283378601074,3.3308141231536865,2.6410834789276123,1.334524393081665,-5.103373050689697,5.935444355010986,0.4172132909297943,2.0190412998199463,0.48778828978538513,803074.7996000535,2353.657198210121,2075172.1364638088,4729.102811833689,6.763396868336713e-06,0.0024004532024264336,0.00640042311466888,0.14201436317297442,0.5562772877127328,1.0,0.0,0.0,93.76666666666667,0.0,938.0,194.0,30.867706328507765,4.0,3.0,925.0,reggae
42.36027908325195,19.835004806518555,5.513911247253418,2.3337905406951904,1.2964147329330444,-11.629960060119629,-0.054245952516794205,3.224924087524414,1.670384168624878,1.2745593786239624,1455504.3612807188,3199.3295807438826,1306760.915336647,5664.453957889125,8.824031829135492e-05,0.006327258422970772,0.07122857843978525,0.30936729577558636,0.5751626124922035,1.0,0.0,0.0,85.77586206896552,0.0,938.0,252.0,30.867706328507765,142.0,7.0,686.0,reggae
21.857744216918945,7.377371788024902,4.152857780456543,3.638476848602295,2.029895067214966,-4.8245344161987305,6.69305944442749,2.6450910568237305,1.7660859823226929,0.9990030527114868,589021.4436230019,2077.0190716704765,1921657.3620007716,4720.274187100214,5.7484908211336005e-06,0.0029617573600262403,0.0024354978014216096,0.11868670042643924,0.5547848168938788,0.0,0.0,0.0,0.0,0.0,938.0,199.0,23.12465141947715,35.0,3.0,906.0,reggae
66.45843505859375,7.264461994171143,6.932780742645264,2.4383676052093506,2.2120468616485596,-18.838027954101562,8.875669479370117,0.34733450412750244,3.223423957824707,0.6726900339126587,549735.1076722764,1499.9053484512176,2811990.8857000684,3207.9390991471214,3.60968078894075e-05,0.0053137666545808315,5.611983235516953e-05,0.09147569213086354,0.5778267842822774,1.0,0.0,0.0,103.4375,0.0,938.0,234.0,20.601722307054366,121.0,3.0,835.0,reggae
41.66106033325195,9.718931198120117,5.522363662719727,5.982781410217285,2.8704020977020264,-11.595768928527832,8.00204086303711,-0.5252519845962524,2.0544612407684326,2.126953363418579,518535.8303584996,1771.7112621241888,2679957.9206410632,3818.5800906183367,1.3077916264592204e-05,0.0030870765913277864,0.0001415581484040512,0.1038248350879531,0.4908045977011494,1.0,0.0,0.0,144.24743589743588,0.0,938.0,271.0,20.601722307054366,128.0,3.0,925.0,reggae
29.406818389892578,8.79888916015625,6.877176761627197,2.520738363265991,0.8350932598114014,-8.240314483642578,8.00475025177002,2.7273306846618652,1.5740000009536743,1.109348177909851,486905.48964241764,1866.175828321547,2473745.955115694,4182.88579424307,1.873396831797436e-05,0.003673872211948037,0.00011685306763027998,0.08942314099147121,0.6253630936469748,1.0,0.0,0.0,133.9452380952381,0.0,938.0,200.0,20.601722307054366,14.0,3.0,937.0,reggae
44.626861572265625,6.71128511428833,3.733234167098999,3.3977644443511963,2.8569204807281494,-9.648296356201172,8.779889106750488,-0.09762951731681824,1.7384942770004272,0.5381630659103394,277159.2742543012,1690.790163093847,1415413.4172484518,3637.410047974414,8.422774044447578e-06,0.00303186965174973,8.410045149276898e-05,0.09559641108075694,0.509943865276664,1.0,0.0,0.0,105.46875,0.0,938.0,212.0,24.499714748859326,39.0,3.0,928.0,reggae
46.04664993286133,9.502058982849121,5.837028980255127,4.6319732666015625,2.272477865219116,-10.803583145141602,9.019577026367188,0.9654454588890076,2.0708167552948,0.6339598298072815,373268.357843661,1593.152802837132,2189208.0956010562,3526.9689498933903,1.0440058758831583e-05,0.003395461244508624,0.0058577997059353635,0.08874329524253731,0.5038492381716118,1.0,0.0,0.0,98.4375,0.0,938.0,183.0,24.499714748859326,73.0,3.0,934.0,reggae
56.52116394042969,6.701611042022705,7.789563179016113,3.3366358280181885,2.616173267364502,-10.689570426940918,8.32274341583252,0.30117300152778625,1.7456398010253906,1.6320228576660156,394141.7349215568,1802.841437355026,1907566.4857213192,3889.9503598081023,1.4258043847803492e-05,0.003497870173305273,0.003090842846790348,0.11858363039712154,0.5260224538893344,1.0,0.0,0.0,125.01666666666667,0.0,938.0,195.0,23.12465141947715,16.0,3.0,935.0,reggae
28.67998504638672,4.897817611694336,3.865426778793335,3.3514668941497803,2.1094746589660645,-3.914285898208618,7.607197284698486,0.07436706125736237,0.9834024906158447,0.5505229830741882,288565.7921478263,2062.3711286098273,1226879.4127723433,4411.888659381663,1.7532495348859811e-06,0.0017713222187012434,0.0022646826420926105,0.1345027443696695,0.5046199768332887,1.0,0.0,0.0,144.53125,0.0,938.0,165.0,21.826764464562746,20.0,4.0,937.0,reggae
55.61824417114258,9.017793655395508,5.415268421173096,5.720112323760986,2.377521276473999,-20.201690673828125,6.992750644683838,0.30308085680007935,2.596391201019287,0.5021576881408691,505352.19717282365,2113.1753070032473,1329328.4269051044,4324.202092217484,2.6107372832484543e-06,0.0018569350941106677,0.00042820564287466244,0.14813453658049042,0.5835694555822862,0.0,0.0,0.0,0.0,0.0,938.0,179.0,24.499714748859326,36.0,3.0,938.0,reggae
19.644208908081055,6.14949893951416,4.981916904449463,3.7993626594543457,1.8122965097427368,-1.8569751977920532,6.169640064239502,1.1443551778793335,2.9593095779418945,0.5317201614379883,394458.72236895474,2250.652815680969,1275966.3088290547,4685.384461620469,2.4624000616313424e-06,0.0024129501543939114,0.00012963175869546906,0.14224496934968017,0.5122783569455582,0.0,0.0,0.0,0.0,0.0,938.0,182.0,17.323914436054505,3.0,4.0,928.0,reggae
55.274940490722656,7.693785667419434,5.173271656036377,3.602612257003784,2.058544158935547,-19.42098045349121,7.616427421569824,0.7073755264282227,3.496943473815918,1.392488718032837,451835.3549715869,1582.244458055307,2164411.0023317165,3591.3013059701493,3.081138856941834e-05,0.00452579278498888,0.002737438195966621,0.06745725196561833,0.5411164572752384,0.0,0.0,0.0,0.0,0.0,938.0,290.0,23.12465141947715,177.0,3.0,778.0,reggae
28.608413696289062,4.502466678619385,4.1169538497924805,2.990422487258911,2.054921865463257,-9.34237289428711,8.855710983276367,-1.425134301185608,3.5926709175109863,-0.25453653931617737,182575.27081721046,1607.6850366467106,705646.1803016537,3343.716684434968,4.76735067422851e-06,0.002749964827671647,0.005707931244812469,0.1058242895455757,0.5482669517954203,1.0,0.0,0.0,94.19642857142858,0.0,938.0,163.0,18.354047994837977,31.0,4.0,923.0,reggae
25.917997360229492,4.837234020233154,5.951022148132324,3.0479137897491455,1.984689712524414,-1.9280407428741455,6.384581565856934,1.1986209154129028,2.5953919887542725,2.37129807472229,349750.3978496118,2094.690407577876,1273280.2078924335,4767.882129530917,1.651077764108777e-05,0.0031963535584509373,0.0016682193981002451,0.09601962286780384,0.40722623184531775,0.0,0.0,0.0,0.0,0.0,938.0,144.0,30.867706328507765,16.0,3.0,799.0,reggae
48.60194778442383,11.958542823791504,5.27637243270874,3.5258312225341797,3.032510995864868,-0.5688658356666565,8.573003768920898,-1.14011812210083,2.809934377670288,0.3127251863479614,399177.22195716115,1712.129647823185,1375360.3833358216,3483.966884328358,1.687957046669908e-05,0.0036918045952916145,1.5336156872901595e-05,0.10252917194163114,0.5184620867860643,1.0,0.0,0.0,89.30238095238096,0.0,938.0,216.0,21.826764464562746,34.0,3.0,902.0,reggae
21.96516227722168,8.121959686279297,3.3968863487243652,2.9053919315338135,1.4576036930084229,-7.197694778442383,9.640281677246094,-0.8942955136299133,2.798158645629883,0.4612409174442291,220603.28047186445,1497.772237859853,884579.7453384004,3040.4034514925374,4.4580892790690996e-06,0.0029664866160601377,0.0013036247211552913,0.08884011860341151,0.5590350173750334,0.0,0.0,0.0,0.0,0.0,938.0,307.0,20.601722307054366,207.0,3.0,938.0,reggae
18.461406707763672,5.249011993408203,3.768728017807007,3.401838779449463,2.0677847862243652,-7.66489315032959,10.889309883117676,-1.0145978927612305,3.3594706058502197,0.6048911213874817,97917.08888909024,1274.7982475150516,453042.4858163777,2668.9432302771856,4.235825599607779e-06,0.0030740268994122744,0.0014338538730603698,0.07448735674307036,0.5157088122605364,1.0,0.0,0.0,157.67045454545456,0.0,938.0,234.0,27.5,100.0,3.0,931.0,reggae
54.358062744140625,11.365777969360352,6.6859941482543945,4.174670219421387,1.8513442277908325,-11.190763473510742,7.8387227058410645,0.4363008737564087,1.325753927230835,0.4905339181423187,529051.1476925223,1832.860841542257,1878639.3867439365,3910.48940565032,2.1992847905494273e-05,0.004427921026945114,0.0012688632099990946,0.09860938749333689,0.5280049897531854,0.0,0.0,0.0,0.0,0.0,938.0,159.0,24.499714748859326,4.0,5.0,841.0,reggae
39.39306640625,7.803909778594971,6.735255241394043,4.530309200286865,2.26020884513855,-7.830977439880371,7.611639499664307,2.8405444622039795,1.8677654266357422,0.11879271268844604,464859.95050760795,2041.5625409312106,1912825.1458214158,4576.134394989339,1.6780140867922455e-05,0.0033164939377456903,0.0021506653452202894,0.09569167277452026,0.4812171433663013,1.0,0.0,0.0,144.24743589743588,0.0,938.0,358.0,29.135235094880613,208.0,4.0,922.0,reggae
30.86901092529297,5.182058811187744,3.9384963512420654,3.9980077743530273,1.8841463327407837,-6.832456588745117,7.635725975036621,0.7879163026809692,1.9996565580368042,0.7231674194335938,263882.5670933865,1868.7456033289968,1118728.786980477,4168.30190565032,2.09679583349498e-05,0.0036968339700251818,3.69042285080136e-05,0.07443426006130063,0.49618194778579705,1.0,0.0,0.0,117.6948051948052,0.0,938.0,202.0,18.354047994837977,80.0,5.0,838.0,reggae
63.82437515258789,15.910653114318848,6.407759666442871,5.004909992218018,4.1184587478637695,-8.374326705932617,4.735985279083252,2.7487902641296387,3.498481035232544,1.5956066846847534,1007424.4482199359,2422.659179054071,2386400.4305340857,5030.575359808102,4.700499994214624e-05,0.0038584116846323013,0.009402807638985426,0.13847198160980811,0.5716831506727257,0.0,0.0,0.0,0.0,0.0,938.0,184.0,27.5,60.0,4.0,827.0,reggae
47.4188232421875,5.938497543334961,5.6453776359558105,4.681682586669922,2.2858617305755615,-4.682114124298096,7.312039852142334,0.416520893573761,1.630228877067566,0.9320082664489746,423663.6101192685,2131.6565813979932,1881953.0168182023,4407.774187100214,2.3110264010028914e-05,0.0025119937490671873,0.0013887205990207967,0.13558602078891258,0.5490332353203244,0.0,0.0,0.0,0.0,0.0,938.0,208.0,27.5,48.0,3.0,901.0,reggae
14.549811363220215,5.490948677062988,3.615576982498169,2.8783915042877197,1.588082194328308,-5.768907070159912,8.384191513061523,2.231910228729248,1.731888771057129,0.8862509727478027,219943.82907906358,1635.8720994384046,1447428.6097837593,3950.3514792110873,3.089754500251729e-06,0.0027157163713127375,0.0014310955909691094,0.05784935534381663,0.5540318987792926,0.0,0.0,0.0,0.0,0.0,938.0,192.0,29.135235094880613,14.0,4.0,861.0,reggae
14.520256996154785,5.492867946624756,3.6075668334960938,2.892946243286133,1.603185772895813,-5.76434326171875,8.402706146240234,2.2225260734558105,1.7266712188720703,0.8777734041213989,217558.27574288915,1632.6069825024922,1432585.7510411649,3942.1974946695095,2.8045628823747393e-06,0.00271987309679389,0.0015106258922757633,0.0579097398054371,0.5494386527666398,0.0,0.0,0.0,0.0,0.0,938.0,195.0,29.135235094880613,28.0,4.0,856.0,reggae
27.621553421020508,3.8082268238067627,5.805904388427734,4.046587944030762,3.4023489952087402,-0.6918986439704895,6.697220802307129,-1.8370387554168701,1.0161917209625244,-0.39871498942375183,194470.9954284194,2127.9837135593298,990620.9409558016,4192.972081556503,9.248200854017341e-07,0.0015900323633104563,0.004166091022152581,0.17099057585954158,0.5398690189788825,1.0,0.0,0.0,144.24743589743588,0.0,938.0,162.0,18.354047994837977,28.0,6.0,938.0,reggae
62.595394134521484,14.836012840270996,7.203979015350342,2.8969950675964355,1.4602811336517334,-4.884615421295166,7.369864463806152,2.6910057067871094,2.2816553115844727,0.4389248490333557,857053.4334911855,2006.4102910428605,2933758.2561466508,4219.366337953092,3.369292608113028e-05,0.003700719913467765,0.003725608027223446,0.10400650902851813,0.5548560990822419,0.0,0.0,0.0,0.0,0.0,938.0,237.0,27.5,26.0,3.0,804.0,reggae
24.937883377075195,5.867039680480957,3.972419023513794,2.1659305095672607,1.4090042114257812,-9.325849533081055,8.363761901855469,0.8046677708625793,4.055414199829102,0.525262176990509,218082.36404059446,1536.061852918802,793276.7780158329,3403.2515991471214,3.3988471841439605e-06,0.0025705238804221153,0.002531110900038292,0.07814217833821961,0.4869553595295375,1.0,0.0,0.0,144.24743589743588,0.0,938.0,199.0,30.867706328507765,38.0,3.0,937.0,reggae
52.44693374633789,10.230010986328125,7.701658725738525,3.3632805347442627,2.3516159057617188,-10.330425262451172,5.888106346130371,0.9714055061340332,3.8803467750549316,1.461540937423706,534987.5175224171,2046.2321600722148,2209422.843078774,4261.668776652452,1.537430398457218e-05,0.0031197071075439453,0.00887967634137966,0.1191343783315565,0.5455894145950281,1.0,0.0,0.0,156.26666666666665,0.0,938.0,321.0,24.499714748859326,224.0,3.0,926.0,reggae
35.27533721923828,12.817815780639648,5.617954254150391,2.5127408504486084,2.28413724899292,-9.926009178161621,2.8836557865142822,-0.3609144389629364,1.3178423643112183,0.09488246589899063,775435.51534832,2793.7820455175674,847196.1032457574,4994.361340618337,3.915017259714659e-06,0.0016023960197344422,0.006564800123658283,0.2445976729077825,0.6030606789628443,0.0,0.0,0.0,0.0,0.0,938.0,141.0,19.445436482630058,57.0,3.0,805.0,reggae
42.427242279052734,6.868269443511963,6.045597076416016,3.3492298126220703,3.1411004066467285,-4.918375492095947,6.162723064422607,0.7973521947860718,1.8501629829406738,-0.11042071878910065,493030.2388643531,2035.6045628073414,1468166.9434816889,4339.585554371002,1.4128941074886825e-05,0.0036642192862927914,8.010379369348776e-06,0.11415838636060767,0.6085360420564911,0.0,0.0,0.0,0.0,0.0,938.0,191.0,30.867706328507765,61.0,5.0,828.0,reggae
45.07475280761719,7.381924629211426,6.72012186050415,3.629194736480713,3.3537871837615967,-5.931525230407715,6.137650489807129,0.8137049078941345,1.8666006326675415,-0.13409055769443512,538372.379626254,2057.1999665505487,1571500.958639401,4374.683502132196,1.555146445753053e-05,0.0036672987043857574,0.0073782768549798955,0.11812345915511727,0.6231266149870802,0.0,0.0,0.0,0.0,0.0,938.0,197.0,30.867706328507765,70.0,5.0,822.0,reggae
45.07475280761719,7.381924629211426,6.72012186050415,3.629194736480713,3.3537871837615967,-5.931525230407715,6.137650489807129,0.8137049078941345,1.8666006326675415,-0.13409055769443512,538372.379626254,2057.1999665505487,1571500.958639401,4374.683502132196,1.555146445753053e-05,0.0036672987043857574,0.0073782768549798955,0.11812345915511727,0.6231266149870802,0.0,0.0,0.0,0.0,0.0,938.0,197.0,30.867706328507765,70.0,5.0,822.0,reggae
100.349853515625,23.672452926635742,8.83436107635498,4.619429111480713,2.841366767883301,-18.51765251159668,12.586163520812988,1.2765566110610962,1.4711788892745972,-1.3219343423843384,396708.5447381618,1244.5837165393557,2043589.9617113632,2404.176106076759,2.2277379230217775e-06,0.0023873322643339634,2.5696499107350748e-05,0.09442464019189765,0.518377439187383,0.0,0.0,0.0,0.0,0.0,938.0,192.0,18.354047994837977,7.0,4.0,938.0,reggae
32.75251007080078,6.216625690460205,3.231154680252075,4.167272090911865,2.65409255027771,-7.453440189361572,9.127371788024902,1.22365140914917,2.6441128253936768,-0.23526130616664886,262510.98933716357,1594.1605057612733,1035562.2263569639,3513.101345948827,4.803479441761738e-06,0.0027204242069274187,0.0038351304221282572,0.09854952358742004,0.5057916778045085,1.0,0.0,0.0,133.406432748538,0.0,938.0,421.0,17.323914436054505,288.0,4.0,938.0,reggae
80.10193634033203,5.561819553375244,6.804121971130371,2.650259494781494,4.825775146484375,-9.616830825805664,8.348423957824707,-2.49338960647583,5.581104755401611,-1.329204797744751,246303.22007574933,1747.598891064308,369033.51067463733,3403.0017324093815,2.310729723831173e-05,0.0028854317497462034,0.006168104368218658,0.1337130613672708,0.49654281386438565,0.0,0.0,0.0,0.0,0.0,938.0,235.0,20.601722307054366,126.0,3.0,893.0,reggae
87.73920440673828,24.54387092590332,6.698752403259277,3.266580104827881,1.4386999607086182,6.155855655670166,3.203341484069824,-0.8384078145027161,0.8226856589317322,0.39233461022377014,1215925.7976009822,3153.9595565608965,3148218.860222399,5398.953891257996,3.520454356475966e-06,0.0008708970854058862,0.0028470762422166864,0.28724471948294245,0.48925421010425024,1.0,0.0,0.0,126.04166666666667,0.0,938.0,316.0,30.867706328507765,53.0,5.0,936.0,reggae
36.71891784667969,9.72166633605957,5.217458724975586,4.093284606933594,1.9382565021514893,-4.495199680328369,6.751165866851807,2.918557643890381,1.051459789276123,0.40828418731689453,859669.1545630599,2334.034123113163,2068066.814647593,4990.571695095949,4.0154398448066786e-05,0.004405648447573185,0.003287307535213365,0.1208116088086354,0.5475674953221064,0.0,0.0,0.0,0.0,0.0,938.0,165.0,20.601722307054366,45.0,4.0,848.0,reggae
15.012918472290039,3.9805004596710205,3.0797765254974365,2.32724928855896,1.8843250274658203,-2.870708465576172,5.533170700073242,0.5968164205551147,0.42590397596359253,0.16042926907539368,201077.562336192,2602.796616839279,446136.3054842677,5587.769856076759,1.789530188034405e-06,0.0017114641377702355,0.019187322500973495,0.1849050298174307,0.5529181145861178,0.0,0.0,0.0,0.0,0.0,938.0,184.0,25.956543598746574,35.0,4.0,936.0,reggae
73.4582290649414,17.171218872070312,4.338440418243408,4.333262920379639,1.419196605682373,-10.970142364501953,12.492944717407227,-0.2844075560569763,3.125701904296875,0.17750641703605652,273123.2744952394,1067.949312703994,1231172.6970479153,2158.9568896588485,3.939433008781634e-05,0.00502786785364151,9.644818933229672e-05,0.05132471015458422,0.46201995901274173,1.0,0.0,0.0,144.0625,0.0,938.0,194.0,19.445436482630058,6.0,3.0,902.0,reggae
36.38972091674805,8.50617790222168,8.396581649780273,3.777355670928955,1.9541499614715576,-6.990488529205322,5.703054428100586,1.0577130317687988,2.055877208709717,1.8373414278030396,760230.8039416762,2347.7411844452704,1769932.8501927836,4779.425972814499,9.81643552222522e-06,0.002701029647141695,0.007757738497290605,0.1545977561966951,0.5383720930232558,1.0,0.0,0.0,105.46875,0.0,938.0,206.0,18.354047994837977,7.0,4.0,905.0,reggae
25.4593448638916,3.379481792449951,5.881112575531006,4.051968574523926,3.217350721359253,-9.203200340270996,6.527220249176025,-1.3193920850753784,1.6446388959884644,-0.3209078311920166,182888.0989074786,2096.014776451803,807921.6998918318,4194.138126332623,1.0207303375864285e-06,0.0016292149666696787,0.004448383031334585,0.16142276202691896,0.5502049362915442,1.0,0.0,0.0,144.24743589743588,0.0,938.0,147.0,18.354047994837977,9.0,3.0,938.0,reggae
25.541797637939453,3.4028232097625732,5.927925109863281,4.017565727233887,3.3344926834106445,-6.735624313354492,6.729313373565674,-1.4716384410858154,1.7066689729690552,-0.40178292989730835,168443.10927058544,2026.7324221485478,757099.3109378623,4067.9137793176974,1.0970200037263567e-06,0.0016678571701049805,0.0035129271933691873,0.15790276435900852,0.554468502183017,1.0,0.0,0.0,144.24743589743588,0.0,938.0,143.0,18.354047994837977,10.0,3.0,938.0,reggae
39.22407913208008,5.9225382804870605,4.284887790679932,2.4004507064819336,4.213106155395508,-8.328089714050293,10.803077697753906,-1.738784909248352,2.3350830078125,-0.05128513276576996,161760.77948420474,1435.124601705551,687424.390671457,2844.6328624733474,4.536349024419906e-06,0.002673356793820858,0.005849674881886869,0.1033386360607676,0.5084603047313553,0.0,0.0,0.0,0.0,0.0,938.0,291.0,24.499714748859326,171.0,3.0,938.0,reggae
14.624113082885742,5.7857818603515625,2.460411787033081,2.0689778327941895,1.6608054637908936,-3.7116129398345947,9.159085273742676,-1.887939453125,2.593742609024048,1.080268383026123,218970.33329839772,1738.7111197613178,1024751.8620843582,3365.9215085287847,8.466301437692891e-07,0.001673965947702527,0.0037195734976183006,0.12055861873667377,0.49007841040719946,1.0,0.0,0.0,125.01666666666667,0.0,938.0,311.0,19.445436482630058,142.0,3.0,938.0,reggae
24.908641815185547,1.9966343641281128,3.1853058338165283,1.3379629850387573,1.2521169185638428,-2.4186007976531982,7.2488017082214355,1.817746639251709,2.3014090061187744,0.11739057302474976,135390.8423723491,1992.0345205596445,431354.88188781997,4508.203957889125,1.5639319599358714e-06,0.0018669991986826062,0.0013755993602970213,0.11326094832755863,0.6112403100775193,1.0,0.0,0.0,125.01666666666667,0.0,938.0,316.0,16.351597831287414,191.0,3.0,938.0,reggae
68.89845275878906,7.89823579788208,6.175450801849365,2.617246389389038,3.5156631469726562,-8.938614845275879,7.824931621551514,-1.1308199167251587,5.6704864501953125,-0.3042868375778198,455987.69747456675,1628.7414947988987,1252135.8142461723,3206.789712153518,4.158681258559227e-05,0.004356645047664642,0.007971195141847635,0.1070075126599147,0.466617660162167,1.0,0.0,0.0,117.11309523809524,0.0,938.0,189.0,24.499714748859326,70.0,3.0,823.0,reggae
34.58624267578125,2.47965931892395,4.343224048614502,3.9126932621002197,2.1641387939453125,-6.639466285705566,8.645912170410156,0.24115946888923645,3.0587921142578125,-0.9846238493919373,136047.22264640455,1804.1512548639143,513784.81782885664,3851.429237739872,1.5152389778450015e-06,0.001567999366670847,0.0035004735125218336,0.12117651835687633,0.5755724850752918,0.0,0.0,0.0,0.0,0.0,938.0,214.0,16.351597831287414,38.0,4.0,938.0,reggae
46.63325500488281,5.351563453674316,2.914149522781372,1.3515650033950806,1.303566336631775,-6.9939680099487305,7.4961652755737305,1.0392041206359863,2.514646291732788,0.4504329264163971,335385.8354130321,1710.9425383444468,1520569.1526086584,3774.9533582089553,1.8473863747203723e-05,0.0035320939496159554,0.000475732108938055,0.08072777851812367,0.49268912055600106,0.0,0.0,0.0,0.0,0.0,938.0,179.0,24.499714748859326,8.0,3.0,855.0,reggae
19.035274505615234,7.006475448608398,4.286914825439453,0.7178745865821838,0.9805853366851807,0.5067076683044434,4.1369757652282715,-1.2235764265060425,3.0948076248168945,0.9910554885864258,378814.5145433577,2447.0102466153917,499032.3133770953,4682.061234008529,4.881678705714876e-06,0.0018516179407015443,0.0012105098148369544,0.1844458996868337,0.5475229439543795,1.0,0.0,0.0,117.20416666666667,0.0,938.0,416.0,27.5,274.0,6.0,931.0,reggae
45.50825881958008,4.714418411254883,2.2923336029052734,1.9218517541885376,1.8292382955551147,-5.042474269866943,8.229232788085938,0.27558282017707825,2.15712571144104,0.527816891670227,199675.52020917722,1843.9408435464904,887427.2990128435,3898.8706023454156,9.206473237099999e-07,0.001241198624484241,0.000781533659155105,0.11559876399253731,0.5620689655172413,0.0,0.0,0.0,0.0,0.0,938.0,231.0,27.5,60.0,4.0,938.0,rock
26.68634796142578,4.996727466583252,1.734618902206421,1.6411296129226685,1.2652325630187988,-4.278387069702148,10.360626220703125,-0.021423960104584694,2.5703134536743164,1.272320032119751,158967.76620188044,1440.7258654150212,914897.6128642905,3083.388859275053,2.129642098225304e-06,0.0018043335294350982,0.0014527202986823716,0.07229425556369937,0.5341842644569188,0.0,0.0,0.0,0.0,0.0,938.0,353.0,20.601722307054366,235.0,3.0,938.0,rock
74.19962310791016,5.943027973175049,3.760988473892212,2.1654579639434814,2.5074663162231445,-5.694503307342529,8.56804084777832,-0.16539084911346436,2.3578152656555176,0.3131501078605652,319772.41098661936,1747.1975769042842,1291677.4385994668,3675.456423240938,6.736718660249608e-06,0.001972538186237216,0.007795840266711654,0.09774110057969083,0.5575470016929519,0.0,0.0,0.0,0.0,0.0,938.0,359.0,27.5,183.0,3.0,913.0,rock
51.450340270996094,7.329235553741455,2.1168110370635986,1.3287423849105835,2.3666422367095947,-9.096821784973145,10.543985366821289,1.247633934020996,1.8491466045379639,1.3900316953659058,319927.57169724134,1317.9033408524347,1853474.3335004558,2848.2309434968015,9.969784514396451e-06,0.0030715554021298885,1.4113925777476969e-05,0.055026381763059705,0.5885770293148,0.0,0.0,0.0,0.0,0.0,938.0,153.0,20.601722307054366,13.0,3.0,934.0,rock
27.435367584228516,7.181709289550781,2.9330735206604004,1.5025891065597534,1.0917249917984009,-6.585971832275391,10.316180229187012,2.4449000358581543,3.1268701553344727,1.7898608446121216,363091.65571983036,1272.4829787011442,2003079.2126861587,2818.146988272921,3.2405159799964167e-06,0.0022488657850772142,0.001171740956602821,0.05229710820895522,0.509988416644391,0.0,0.0,0.0,0.0,0.0,938.0,333.0,24.499714748859326,182.0,3.0,938.0,rock
13.49637222290039,5.238783359527588,2.263303756713867,0.9735493063926697,0.7066377401351929,0.4916999340057373,11.341789245605469,-2.6968443393707275,1.8562228679656982,0.7009300589561462,76412.19512743449,1491.7097481010428,354828.7986301585,2764.458955223881,3.503083121358941e-07,0.0011492500780150294,4.371296354083086e-05,0.10329126549173774,0.5824378508420209,1.0,0.0,0.0,98.78472222222223,0.0,938.0,341.0,16.351597831287414,29.0,5.0,938.0,rock
26.291505813598633,6.472594261169434,3.4796338081359863,3.16929292678833,2.0906283855438232,-1.6678918600082397,10.15994644165039,-1.4930990934371948,2.91040301322937,-0.810860276222229,178700.9358219202,1651.807915341772,579462.1919621059,3216.2929770788915,1.1652533657979802e-06,0.0016693249344825745,0.000474075870692198,0.11698812716551173,0.49536665775639305,0.0,0.0,0.0,0.0,0.0,938.0,209.0,19.445436482630058,49.0,4.0,938.0,rock
22.99825096130371,3.894639015197754,2.316310167312622,1.82609224319458,1.53855299949646,-7.128070831298828,12.117326736450195,0.6011373996734619,2.6176950931549072,1.047134518623352,147371.33865266346,1179.9051379679142,970500.5228332736,2519.439632196162,2.2400772650144063e-06,0.001975295366719365,0.0003405006087471633,0.059468283582089554,0.5590884790163059,1.0,0.0,0.0,169.49404761904762,0.0,938.0,243.0,21.826764464562746,103.0,3.0,938.0,rock
3.5487329959869385,1.5565446615219116,0.6052297353744507,0.7009710073471069,0.5953401327133179,4.1477484703063965,10.048872947692871,-1.7989718914031982,0.29695644974708557,0.6123143434524536,34257.48565003403,1623.3729872072506,300340.67264394404,3150.378131663113,1.771976769759931e-07,0.0012004018062725663,0.002153466602292679,0.11329999000533049,0.5145950280673617,0.0,0.0,0.0,0.0,0.0,938.0,225.0,27.5,39.0,3.0,938.0,rock
38.60664749145508,8.971649169921875,3.493406295776367,1.217719554901123,0.791451096534729,-10.522709846496582,13.461065292358398,0.3462070822715759,0.9753674268722534,0.987261950969696,157138.3083576328,1110.3083445650216,1232861.7892441195,2232.8591417910447,3.998536158178467e-06,0.002206470351666212,0.00035179288362986407,0.05635379880730277,0.6077430277109507,1.0,0.0,0.0,144.0625,0.0,938.0,298.0,21.826764464562746,138.0,3.0,938.0,rock
20.28266716003418,4.098090648651123,2.8523471355438232,1.416654348373413,1.0828204154968262,-4.480977535247803,8.87232780456543,1.650058388710022,2.3254425525665283,0.49117511510849,295554.43366426363,1692.9323509134742,1267012.1666970623,3848.3891924307036,2.8554291020554956e-06,0.0021054944954812527,1.7713095621851306e-05,0.09002958838619403,0.6081128040630847,0.0,0.0,0.0,0.0,0.0,938.0,218.0,24.499714748859326,30.0,3.0,938.0,rock
22.620620727539062,5.604307174682617,5.410004615783691,3.1953725814819336,1.2116793394088745,-9.721380233764648,9.99362850189209,2.0629265308380127,3.055449962615967,1.0345793962478638,354225.9681706323,1383.708224304867,1786803.0448948015,3120.9688166311303,4.601778982760152e-06,0.0026602584403008223,8.730013871140804e-05,0.06793720432436035,0.5862425376459057,0.0,0.0,0.0,0.0,0.0,938.0,408.0,25.956543598746574,269.0,3.0,938.0,rock
43.9186897277832,9.194256782531738,3.0889062881469727,2.0976524353027344,1.6151773929595947,-13.367318153381348,8.602396011352539,1.3951237201690674,3.130971670150757,1.3324779272079468,553789.3451608188,1718.5441482873264,1978369.7615319672,3756.7713885927506,9.567366760165896e-06,0.0032214608509093523,0.0005594402598123773,0.08425766674440298,0.6376414505925333,1.0,0.0,0.0,116.9905462184874,0.0,938.0,171.0,25.956543598746574,21.0,3.0,938.0,rock
33.968448638916016,7.265866756439209,6.229650020599365,3.0712954998016357,1.4287545680999756,-13.664705276489258,8.590852737426758,5.481021881103516,3.443328619003296,0.8939931988716125,524795.1251060995,1383.9518570392781,3458145.345481255,3352.0955490405117,1.2047741620335728e-05,0.0037964237853884697,4.00749505915393e-05,0.05467032166178038,0.5943464314354451,0.0,0.0,0.0,0.0,0.0,938.0,277.0,29.135235094880613,75.0,3.0,930.0,rock
115.97260284423828,11.816327095031738,5.523124694824219,4.082509994506836,2.3164474964141846,-17.803035736083984,8.262996673583984,1.5177507400512695,3.2557036876678467,0.351672887802124,746878.3676263388,1821.3722575709485,2231362.0558446697,3800.764592217484,1.4806667422817554e-05,0.003434001235291362,0.0026852334344691247,0.10748330057302771,0.6050610353737861,0.0,0.0,0.0,0.0,0.0,938.0,206.0,30.867706328507765,20.0,3.0,917.0,rock
25.179365158081055,14.47900390625,5.981861591339111,2.729497194290161,1.9835132360458374,-9.870994567871094,7.554819583892822,0.596428632736206,2.7020676136016846,-0.2632232904434204,807902.6508163791,2138.0349859441326,1990842.9776646,4122.476345948828,8.941159649111796e-06,0.002441153861582279,0.0007174187170544436,0.14104248567430705,0.634090706584692,1.0,0.0,0.0,134.2147435897436,0.0,938.0,357.0,18.354047994837977,262.0,4.0,901.0,rock
3.396009683609009,1.205967903137207,1.4931268692016602,1.4193248748779297,0.6632118225097656,3.3249902725219727,6.062380790710449,-0.48163577914237976,1.6763728857040405,-0.043914057314395905,70646.23746796194,2274.4775676386807,369606.3977654526,4595.515724946695,8.108220583835646e-08,0.0008846441633068025,0.00045851909011027575,0.18156930886860342,0.5532968012117971,1.0,0.0,0.0,124.84975961538461,0.0,938.0,194.0,24.499714748859326,56.0,3.0,938.0,rock
5.7655205726623535,1.627683162689209,2.024155378341675,1.553841233253479,1.083592176437378,2.018650531768799,6.5037126541137695,-1.2545074224472046,2.610755205154419,-0.025812169536948204,86890.10222680421,2170.4419104247754,407768.2845784709,4251.607476012793,1.5523988849963644e-07,0.0009152363636530936,0.0016443648467563648,0.1821523312566631,0.5655127862425376,0.0,0.0,0.0,0.0,0.0,938.0,166.0,18.354047994837977,0.0,4.0,938.0,rock
12.789656639099121,3.1225717067718506,3.124652862548828,1.7898331880569458,1.1872302293777466,-1.5907591581344604,6.965795040130615,-0.3931935131549835,2.275739908218384,0.5180692076683044,152098.36251431753,2027.5715011900822,691831.1461704478,4205.715285181237,3.5788519880952663e-07,0.0011411071754992008,0.0019693512995278693,0.14545159248400852,0.549452018176958,0.0,0.0,0.0,0.0,0.0,938.0,246.0,20.601722307054366,74.0,3.0,938.0,rock
14.265242576599121,2.548574924468994,2.2968223094940186,1.472912311553955,0.8189302086830139,-2.561401128768921,6.303000450134277,-0.6239596605300903,2.5207059383392334,0.5142951011657715,110895.3013430096,2181.9633831692863,465296.28112974163,4391.832689232409,3.365134659816249e-07,0.0009362727869302034,0.0022935099685120193,0.16556638542777186,0.5985565356856455,1.0,0.0,0.0,117.47311827956989,0.0,938.0,266.0,20.601722307054366,22.0,3.0,938.0,rock
19.305007934570312,4.549710750579834,2.5482022762298584,1.4099735021591187,1.5857378244400024,-0.03604668378829956,7.88979434967041,-0.23409870266914368,1.3451329469680786,-0.19169366359710693,215644.03881626693,2036.0090838966541,900230.7448204464,4132.087886460555,2.494787736395665e-07,0.001080842805095017,0.00689963349781769,0.15044684501599148,0.5230642430722623,0.0,0.0,0.0,0.0,0.0,938.0,422.0,19.445436482630058,332.0,4.0,938.0,rock
12.670169830322266,3.704028844833374,2.860172986984253,2.445420265197754,2.2955973148345947,0.5435452461242676,7.719516754150391,-0.6326176524162292,1.5283203125,-0.5051201581954956,181632.47595277347,2022.0930279130673,627358.2877805657,3988.6310634328356,1.8498489851026534e-07,0.0011480622924864292,0.006571550213309297,0.1582135361140725,0.5233983783302147,0.0,0.0,0.0,0.0,0.0,938.0,199.0,25.956543598746574,21.0,4.0,938.0,rock
8.937121391296387,3.293264150619507,3.248647451400757,1.339337944984436,1.4811899662017822,2.2755024433135986,6.936635494232178,-1.1333694458007812,0.8989812135696411,-0.5398396849632263,163642.277216109,2177.150731279913,635267.7761736917,4258.795309168443,1.8761402031941543e-07,0.0010268199257552624,0.006621862836724582,0.1785427980077292,0.5283391250111378,0.0,0.0,0.0,0.0,0.0,938.0,214.0,19.445436482630058,31.0,4.0,938.0,rock
20.041900634765625,4.569523811340332,2.1702427864074707,1.9848973751068115,1.480851173400879,-1.765345573425293,7.444119453430176,0.27159953117370605,1.5559064149856567,-0.1909220814704895,300887.9633003802,2142.1555898302704,1247772.197234414,4489.472281449894,4.2416462520122877e-07,0.0009768439922481775,0.00855252156164478,0.14667906283315565,0.5586206896551723,0.0,0.0,0.0,0.0,0.0,938.0,207.0,21.826764464562746,15.0,4.0,938.0,rock
8.222237586975098,3.578258991241455,3.646190881729126,1.3980889320373535,1.6909825801849365,1.0655800104141235,5.978730201721191,-1.2894901037216187,2.5856845378875732,-0.24634455144405365,95561.47064697504,2194.468861619108,311299.85611984646,4228.9695495735605,2.063881794356348e-07,0.0009347755112685263,0.0018380020937505855,0.1888680203891258,0.5506771807894502,0.0,0.0,0.0,0.0,0.0,938.0,204.0,23.12465141947715,26.0,3.0,938.0,rock
5.500503063201904,1.8977501392364502,2.6299774646759033,3.3308982849121094,1.3063052892684937,0.939780056476593,5.612260818481445,-0.7818755507469177,2.5159475803375244,-0.6120226979255676,91459.8661056631,2342.7270267702993,407515.9035095107,4383.81196695096,1.5242814299654128e-07,0.0009013543021865189,0.012525969170636756,0.2037163512793177,0.5111066559743384,0.0,0.0,0.0,0.0,0.0,938.0,174.0,20.601722307054366,49.0,5.0,938.0,rock
8.81152057647705,3.537590265274048,2.1502065658569336,2.057098627090454,1.694461703300476,0.03014468587934971,7.001595497131348,-0.35074350237846375,2.005394220352173,-0.0017693823901936412,168941.53247243815,2109.921518952456,603207.8653783591,4261.602145522388,3.120398730516172e-07,0.0010621523251757026,0.0054167786742253254,0.15807142440698294,0.565227657489085,0.0,0.0,0.0,0.0,0.0,938.0,214.0,21.826764464562746,12.0,3.0,938.0,rock
15.190075874328613,5.508196830749512,2.4493494033813477,2.9498863220214844,1.0733749866485596,-6.271949768066406,5.868730545043945,-0.06081181392073631,2.1300833225250244,0.9129093289375305,294021.9759897581,2369.3733888776947,919517.8941528137,4810.226212686567,1.1303361588943517e-06,0.0012339049717411399,0.02192687950561079,0.16712024420309168,0.46128931658201916,0.0,0.0,0.0,0.0,0.0,938.0,189.0,21.826764464562746,12.0,3.0,933.0,rock
15.685304641723633,3.450765609741211,1.8435747623443604,2.204549551010132,0.9621835350990295,-3.1141469478607178,7.1729207038879395,-1.805110216140747,4.137649059295654,1.172799825668335,151555.82554939308,1841.0325669351328,501861.32211585593,3729.777452025586,1.5928964103295584e-06,0.001522194710560143,0.0013006192472934115,0.13176722414712153,0.5464180700347501,1.0,0.0,0.0,133.29326923076923,0.0,938.0,176.0,21.826764464562746,33.0,3.0,938.0,rock
7.692325592041016,3.2722251415252686,2.281381845474243,1.665345549583435,0.9848611950874329,0.28874441981315613,6.444746017456055,0.963152289390564,2.425967216491699,0.6933308243751526,191759.50485792666,2169.044155620981,573863.0698405635,4653.1766391258,7.072395646900986e-07,0.0012557700974866748,6.199870392957979e-05,0.1400752931769723,0.5160919540229886,1.0,0.0,0.0,125.01666666666667,0.0,938.0,134.0,16.351597831287414,12.0,3.0,938.0,rock
22.566564559936523,6.147876262664795,6.21358060836792,4.2064385414123535,2.081087112426758,-7.86494779586792,6.260660648345947,3.995546340942383,1.655203104019165,0.9989786744117737,397742.67079509277,2481.2540364042907,636283.772988095,5495.235874200426,1.999800133489771e-06,0.001869219820946455,0.002422516096981299,0.1346682810834222,0.5153434910451751,0.0,0.0,0.0,0.0,0.0,938.0,245.0,19.445436482630058,25.0,3.0,938.0,rock
35.674644470214844,5.474564075469971,5.787024974822998,1.9057432413101196,1.9700539112091064,-3.083853006362915,7.231725692749023,-0.413540244102478,1.6024277210235596,-0.8031567931175232,229035.31147651083,2147.8505854280943,804970.1951142448,4342.209155117271,9.6531152848911e-07,0.001447077956981957,0.0036913083524120105,0.16231863839285715,0.5938875523478571,1.0,0.0,0.0,117.20416666666667,0.0,938.0,190.0,24.499714748859326,60.0,4.0,938.0,rock
6.40111780166626,3.229416608810425,2.4011142253875732,2.716250419616699,1.2447203397750854,2.5309972763061523,7.052978992462158,-1.0583736896514893,3.0437636375427246,0.5334169864654541,152706.89954060962,1985.271089889908,530527.9194018593,4035.981861198738,5.468193648994202e-07,0.0013580769300460815,0.004053754603615184,0.14814175867507887,0.53684398111022,1.0,0.0,0.0,93.34415584415585,0.0,951.0,136.0,24.499714748859326,7.0,3.0,951.0,rock
13.716588973999023,5.078091144561768,4.85212516784668,1.2390828132629395,0.6808338165283203,-5.100210666656494,10.457967758178711,-1.2299995422363281,2.5658349990844727,0.41921648383140564,114313.45320144371,1502.8393511188738,770166.6726600867,3147.7295442430704,1.0991665249093785e-06,0.0016791302477940917,0.000959040520453619,0.09835119186433902,0.5325937806290653,1.0,0.0,0.0,117.20416666666667,0.0,938.0,254.0,17.323914436054505,69.0,4.0,938.0,rock
4.571278095245361,2.012936592102051,2.6370251178741455,2.765714645385742,0.6583321690559387,2.1282389163970947,5.923353672027588,-0.2016858607530594,2.4137496948242188,0.771334171295166,132082.5752054881,2291.8075418949534,559673.1373091846,4675.604254478399,2.1815350237375242e-07,0.0010794299887493253,0.001516407153917054,0.1624762290898314,0.5015503875968992,0.0,0.0,0.0,0.0,0.0,949.0,281.0,21.826764464562746,73.0,3.0,949.0,rock
16.53862762451172,3.3426356315612793,2.214723825454712,1.327601432800293,0.7557719349861145,-7.54777717590332,9.178932189941406,0.6703053116798401,2.3784236907958984,0.5164412260055542,125876.72742829956,1470.6408706399,818617.1888835238,3372.792843816631,2.1183607259445125e-06,0.0018164794892072678,3.523594013077651e-06,0.06779509261727079,0.5019468947696695,1.0,0.0,0.0,133.9452380952381,0.0,938.0,251.0,30.867706328507765,32.0,3.0,938.0,rock
6.02431058883667,2.1487655639648438,1.9062501192092896,1.8104560375213623,1.0437263250350952,3.992403507232666,5.989053726196289,-0.7889705300331116,1.856574296951294,0.8895112872123718,175497.71144724506,2357.1211323784905,909031.7893940053,4800.471884899684,1.8144423563626333e-07,0.0009272748720832169,0.00041780454718100154,0.17473714278643082,0.4857881136950904,1.0,0.0,0.0,133.9452380952381,0.0,947.0,178.0,24.499714748859326,29.0,3.0,947.0,rock
13.013991355895996,3.1359262466430664,2.578613758087158,2.5682320594787598,1.2619304656982422,-2.0753977298736572,6.310637950897217,-0.9952120780944824,2.687283515930176,-0.20528309047222137,157454.67070002176,2199.991806002578,559005.273771477,4189.790445095949,2.480545333582995e-07,0.0010586896678432822,0.004219211946719619,0.18263124250399787,0.5510291365944935,0.0,0.0,0.0,0.0,0.0,938.0,296.0,24.499714748859326,160.0,3.0,938.0,rock
7.793726921081543,2.540187120437622,3.6648502349853516,2.1921355724334717,2.527487277984619,2.533862352371216,5.490255355834961,-1.6337741613388062,1.183295488357544,0.34628531336784363,156174.70670792667,2242.647107872944,541137.7843841315,4560.417777185501,9.232545039594697e-07,0.0013313827803358436,0.005376778172195601,0.1695179237739872,0.5268466541922837,0.0,0.0,0.0,0.0,0.0,938.0,219.0,23.12465141947715,106.0,6.0,937.0,rock
8.662890434265137,1.7345243692398071,1.9141560792922974,1.3020834922790527,1.3667534589767456,-0.8836689591407776,7.780168056488037,-2.2626895904541016,2.2093334197998047,1.539963722229004,74202.91588905302,1883.0953415744011,407591.84061333333,3722.8894589552237,2.7654132850329916e-07,0.0010240760166198015,0.0017222717759550262,0.14745729361007462,0.5264635124298315,1.0,0.0,0.0,144.24743589743588,0.0,938.0,270.0,20.601722307054366,9.0,3.0,938.0,rock
24.86773681640625,2.546687364578247,3.7773704528808594,3.193584442138672,1.3682641983032227,-1.951158881187439,5.15095329284668,0.1402348130941391,2.913968324661255,0.5248591303825378,149444.24403627793,2348.4514120269046,401867.8638583587,4799.640191897654,4.4990687797508144e-07,0.001212041126564145,7.325608521522013e-05,0.16966367937100213,0.48658558317740347,0.0,0.0,0.0,0.0,0.0,938.0,179.0,20.601722307054366,21.0,3.0,938.0,rock
11.179701805114746,2.713649272918701,2.448741912841797,1.9422845840454102,1.1545960903167725,0.8341988325119019,6.388540267944336,-2.161698818206787,1.9710040092468262,0.8071011900901794,134330.0784147358,2146.2159646424366,493643.86647539306,4224.771788379531,4.353344138507964e-07,0.0010784821351990104,0.0011484084933445172,0.17793114505597016,0.5314354450681635,1.0,0.0,0.0,117.20416666666667,0.0,938.0,209.0,24.499714748859326,23.0,6.0,938.0,rock
24.043134689331055,4.722742080688477,4.30557918548584,2.6430935859680176,1.1015522480010986,-3.103482723236084,6.706691265106201,0.06368288397789001,2.5873444080352783,0.25566384196281433,224849.312699461,2136.304266663886,661172.3550322735,4423.024386993603,7.268562285389635e-07,0.001191179733723402,0.00019654935828406847,0.15855085621002132,0.5655038759689923,0.0,0.0,0.0,0.0,0.0,938.0,170.0,20.601722307054366,66.0,3.0,938.0,rock
38.073062896728516,3.103755474090576,3.8935928344726562,1.895548701286316,1.0515893697738647,-1.5109057426452637,6.268317222595215,-2.116663694381714,1.7576216459274292,-0.3035992980003357,121720.04810502577,2185.062672926747,384148.17441458814,4232.301106076759,6.422821456908423e-07,0.001120532164350152,0.015611598565439816,0.17523935151252665,0.5249487659271139,1.0,0.0,0.0,89.48863636363637,0.0,938.0,185.0,27.5,7.0,3.0,938.0,rock
16.427013397216797,6.360255241394043,3.8955013751983643,2.8933370113372803,1.1933056116104126,-4.847838401794434,11.762287139892578,-1.0925719738006592,1.0591142177581787,0.13226474821567535,105607.04317121388,1359.8381781868795,911560.5076285406,2783.323893923241,1.1626170817180537e-06,0.0014512804336845875,0.0013329578165376917,0.0892440698294243,0.5544818675933352,0.0,0.0,0.0,0.0,0.0,938.0,244.0,24.499714748859326,46.0,4.0,938.0,rock
31.452150344848633,3.010105848312378,2.0993432998657227,0.6759508848190308,0.8139661550521851,-8.399036407470703,9.84115219116211,-1.7020083665847778,6.333649635314941,-0.5275960564613342,93531.09987338685,1556.6507266187825,277213.6982033534,3254.181103411514,8.356955731869675e-07,0.0010961211519315839,0.0014759067252633508,0.10628862523320895,0.5038269624877484,0.0,0.0,0.0,0.0,0.0,938.0,367.0,27.5,15.0,3.0,938.0,rock
15.462811470031738,3.8232133388519287,3.867241859436035,0.9776308536529541,0.9403200149536133,-2.931574821472168,8.275310516357422,-1.4798630475997925,1.6686713695526123,1.06842839717865,166563.51167499524,1941.0611755387538,936520.9521656191,3923.0493736673775,4.986920316696342e-07,0.0011448673903942108,7.051976320057542e-05,0.1458992703891258,0.6123808250913303,1.0,0.0,0.0,104.16666666666667,0.0,938.0,306.0,20.601722307054366,130.0,5.0,938.0,rock
13.017141342163086,3.810664415359497,2.781118154525757,2.370365858078003,1.0308607816696167,-1.776253342628479,5.182344436645508,-0.20869919657707214,2.9585912227630615,0.20146813988685608,197858.28825161376,2350.259172992397,587829.7344810958,4585.712619936034,4.2904278529931617e-07,0.001102857175283134,0.01597348162057871,0.18449170858875266,0.5628486144524637,0.0,0.0,0.0,0.0,0.0,938.0,194.0,24.499714748859326,50.0,3.0,938.0,rock
9.198248863220215,5.036355972290039,2.2341201305389404,1.4891376495361328,1.0734072923660278,-2.199896812438965,9.793466567993164,-1.8313322067260742,2.5525312423706055,0.18261553347110748,105477.25795942228,1594.9924009380406,436297.79137838015,3124.5752265458423,4.424145743087138e-07,0.0013261315179988742,0.001567807503819569,0.11479086154051173,0.5161008642965339,0.0,0.0,0.0,0.0,0.0,938.0,269.0,27.5,85.0,3.0,938.0,rock
61.4076042175293,12.568120956420898,3.483549118041992,1.4766908884048462,1.4001573324203491,-8.193487167358398,10.109601020812988,0.08962316811084747,2.139470100402832,-0.04654764011502266,400395.30809358327,1589.5343579534278,2285483.0544406385,3481.6681103411515,4.2726242099888623e-07,0.0011638305149972439,0.0019636264441270346,0.10168326892324094,0.5754922926133831,0.0,0.0,0.0,0.0,0.0,938.0,409.0,23.12465141947715,221.0,3.0,938.0,rock
32.10356903076172,9.447549819946289,3.216296911239624,0.9811255931854248,0.6667914986610413,-9.052613258361816,10.510621070861816,1.856285810470581,1.719408392906189,-0.0035518996883183718,256932.10770842637,1352.3083166289919,1772790.9073827113,3116.93763326226,6.014685823174659e-06,0.002958227414637804,1.4043610175786272e-05,0.06119392573960555,0.7024859663191659,1.0,0.0,0.0,125.01666666666667,0.0,938.0,399.0,17.323914436054505,286.0,4.0,911.0,rock
15.737988471984863,4.160624980926514,2.655569076538086,1.5475776195526123,0.7419292330741882,-2.6922030448913574,6.808044910430908,2.7906064987182617,1.555392861366272,0.35532745718955994,307268.8717448719,2226.5343375339203,732989.20142655,5026.211020788913,1.3190077652325272e-06,0.0016289373161271214,0.00048472111728096356,0.1269093983208955,0.5724449790608571,1.0,0.0,0.0,133.92857142857144,0.0,938.0,309.0,19.445436482630058,21.0,4.0,937.0,rock
75.68559265136719,13.372245788574219,6.843912124633789,2.5301835536956787,2.1030735969543457,-11.855770111083984,10.16493034362793,0.798696756362915,2.5387566089630127,0.6649137139320374,638251.9590925784,1592.0864785474012,2560343.5225920775,3282.740871535181,7.480512522306526e-06,0.003065509721636772,0.0022273814055321552,0.09553498550772921,0.5679274703733405,0.0,0.0,0.0,0.0,0.0,938.0,288.0,25.956543598746574,142.0,3.0,938.0,rock
5.577668190002441,1.6446489095687866,0.9123824238777161,0.9308668375015259,0.9008437395095825,3.6339099407196045,4.684648513793945,-0.661078691482544,2.056861400604248,0.6072643995285034,103739.05315349062,2535.4222386202164,342236.0390029236,5012.1851679104475,2.2158189949550433e-07,0.000887044589035213,0.000869844392788222,0.21162203075026653,0.6188675042323799,0.0,0.0,0.0,0.0,0.0,938.0,404.0,16.351597831287414,300.0,4.0,938.0,rock
11.05551815032959,6.300179958343506,2.414238214492798,1.613332748413086,0.9140181541442871,-8.417755126953125,7.432519435882568,-1.252146601676941,1.8239318132400513,0.8048925399780273,343131.4558256566,2072.303898238123,1071449.5111008538,4118.361873667377,1.6933876167968265e-06,0.0015402666758745909,0.0011730599326206753,0.15583199376998935,0.5259868127951528,1.0,0.0,0.0,110.17628205128204,0.0,938.0,267.0,24.499714748859326,79.0,3.0,938.0,rock
14.720744132995605,3.5383200645446777,2.852782726287842,1.3969142436981201,0.5854369401931763,-4.065756320953369,11.2949857711792,-0.09928859770298004,1.3423969745635986,0.20556235313415527,110150.01479075383,1339.6724686443622,815776.3435377331,2762.4850079957355,8.505521691404283e-07,0.0016464120708405972,0.00021985501312307603,0.0812337586620469,0.5521340105141228,0.0,0.0,0.0,0.0,0.0,938.0,212.0,16.351597831287414,43.0,3.0,938.0,rock
10.678849220275879,1.8255555629730225,1.6203278303146362,0.9112065434455872,0.6837814450263977,2.1499547958374023,4.80615758895874,1.1279106140136719,1.8145791292190552,0.42974865436553955,168807.61507716656,2604.8128951629883,391074.4322139111,5370.777252132196,3.4480845556572604e-07,0.0008103771251626313,0.0011517626687808256,0.2023946603478145,0.6065579613294129,1.0,0.0,0.0,133.9452380952381,0.0,938.0,364.0,20.601722307054366,217.0,3.0,938.0,rock
10.511919975280762,2.6467947959899902,1.8749821186065674,1.8172188997268677,0.6706555485725403,-1.9434434175491333,6.749724864959717,0.6444753408432007,0.10108291357755661,0.8564742207527161,177820.01831173777,2395.472551618472,533590.7677929802,5372.917777185501,4.0193128825194435e-07,0.0011641912860795856,0.0037396651727623492,0.1685746768390192,0.5609195402298849,1.0,0.0,0.0,125.01666666666667,0.0,938.0,188.0,21.826764464562746,32.0,4.0,938.0,rock
10.287604331970215,5.02296781539917,3.201338052749634,2.15095853805542,0.928357720375061,-8.061902046203613,9.90629768371582,0.9800685048103333,0.37747418880462646,0.21982263028621674,385371.7871513656,1747.520856088456,1944290.0658872128,3800.306503198294,8.982490840026003e-07,0.0016372776590287685,2.5987585288269013e-05,0.10867172924440298,0.49007395527042674,0.0,0.0,0.0,0.0,0.0,938.0,297.0,24.499714748859326,124.0,4.0,938.0,rock
17.730287551879883,7.4666032791137695,5.904500961303711,2.8775794506073,0.9520620703697205,-15.466405868530273,10.451349258422852,2.698253631591797,0.1759597212076187,0.5527676939964294,385998.02217096573,1627.2758784423079,2575347.3120600116,3759.869736140725,1.1610860610744567e-06,0.001482202555052936,0.0008190833375088028,0.08818994452958422,0.5985431702753276,1.0,0.0,0.0,117.20416666666667,0.0,938.0,224.0,24.499714748859326,42.0,3.0,938.0,rock
7.903983116149902,2.5702075958251953,1.6338882446289062,1.6984753608703613,0.5967110395431519,-3.452782154083252,7.743026256561279,-0.9351539611816406,1.083662748336792,0.5323217511177063,145639.63587875865,1980.485159645978,788707.9969180129,4217.075892857143,4.6488466409755347e-07,0.0013292464427649975,0.0014584798151809377,0.14707676739072495,0.5621135168849684,0.0,0.0,0.0,0.0,0.0,938.0,226.0,20.601722307054366,67.0,3.0,938.0,rock
36.253814697265625,10.054976463317871,4.934038162231445,3.6047399044036865,1.4753190279006958,-13.159551620483398,10.657111167907715,3.695664405822754,1.7020182609558105,0.8648214340209961,425239.24155399174,1448.9379732528253,3019069.418862356,3175.806236673774,4.78182209917577e-06,0.0026827463880181313,0.002590061714152975,0.0782363989205757,0.5636460839347769,0.0,0.0,0.0,0.0,0.0,938.0,268.0,27.5,6.0,4.0,938.0,rock
46.326141357421875,6.511332035064697,8.958332061767578,4.395045280456543,2.707858085632324,-14.865720748901367,8.224745750427246,3.2358591556549072,1.2085083723068237,0.8061040043830872,407668.73385750415,1905.3977944618123,1804479.9004568965,4481.035114605544,3.2630036912451033e-06,0.002273116260766983,0.003910871297870979,0.10159945945495735,0.5594582553684397,0.0,0.0,0.0,0.0,0.0,938.0,308.0,25.956543598746574,203.0,3.0,938.0,rock
67.64464569091797,17.582796096801758,10.843472480773926,6.07503080368042,3.0303807258605957,-21.819053649902344,12.564457893371582,3.1147687435150146,2.179594039916992,1.1348793506622314,651222.6826120343,1210.4605091503704,3534450.035510224,2478.669709488273,5.614808742393507e-06,0.0028366721235215664,0.001071487505467236,0.06248125999466951,0.5218658112804063,0.0,0.0,0.0,0.0,0.0,938.0,211.0,24.499714748859326,61.0,3.0,936.0,rock
25.852388381958008,2.133118152618408,2.9627084732055664,2.095761775970459,1.9197148084640503,-4.538987159729004,7.591149806976318,-0.30427756905555725,1.7894997596740723,1.0404478311538696,104541.94804693347,2031.095416883531,694727.046941458,4327.733542110875,8.154963211381983e-07,0.0015320582315325737,0.0005896330997816959,0.13609876815698294,0.47117972021741067,1.0,0.0,0.0,103.48135964912282,0.0,938.0,247.0,24.499714748859326,139.0,3.0,938.0,rock
19.66155242919922,2.8915231227874756,2.9486138820648193,2.28568172454834,0.7592468857765198,-2.378237009048462,6.476912975311279,-0.6076362133026123,1.9667654037475586,-0.10851223766803741,138554.22210171266,2179.2785332721046,505742.4270693912,4466.326292643923,4.923143137602892e-07,0.0011156699620187283,0.0018580078376298707,0.16810461503864604,0.5103091864920254,1.0,0.0,0.0,117.02898550724638,0.0,938.0,163.0,25.956543598746574,25.0,3.0,938.0,rock
83.30728149414062,6.293484210968018,5.710221290588379,3.133850574493408,1.7892227172851562,-16.24434471130371,7.508175849914551,0.5361427068710327,3.061600923538208,0.6968486309051514,298659.17862846534,2052.047014723781,1252063.9382260388,4228.786313965885,1.754732011249871e-06,0.0015582952182739973,4.566261106406293e-06,0.13739078741337954,0.567089904660073,0.0,0.0,0.0,0.0,0.0,938.0,252.0,27.5,54.0,3.0,937.0,rock
21.885719299316406,4.602811336517334,3.50386643409729,3.4161899089813232,1.5605758428573608,-5.788895130157471,6.872252464294434,1.4545561075210571,2.405351400375366,0.09496317058801651,343701.508800132,2190.645760749171,1047390.7297415792,4714.63552771855,8.751198379286507e-07,0.0014904681593179703,0.006328827047574995,0.1493781441564499,0.5678383676378865,0.0,0.0,0.0,0.0,0.0,938.0,164.0,23.12465141947715,2.0,3.0,938.0,rock
14.041624069213867,2.420494794845581,2.389268398284912,1.346081256866455,0.8270922303199768,-5.480597972869873,6.273617267608643,1.166642189025879,2.407083749771118,0.8919306397438049,200740.87547043824,2259.3328653873414,592473.1424140645,4896.396921641791,4.0844358295544225e-07,0.0011306704254820943,0.0005615600033579793,0.14772069479610875,0.5119174908669696,1.0,0.0,0.0,125.27901785714286,0.0,938.0,296.0,20.601722307054366,120.0,3.0,938.0,rock
15.463125228881836,5.3696417808532715,3.210291862487793,1.663103461265564,1.4930763244628906,-11.763349533081055,6.255728244781494,1.6818130016326904,2.500908374786377,0.39997413754463196,437927.9897938678,2391.202446455702,1251467.8827991497,5017.882129530917,6.425410106203344e-07,0.001399208209477365,0.006399257084460548,0.17179223164312366,0.5192239151741959,1.0,0.0,0.0,117.31283422459893,0.0,938.0,305.0,27.5,155.0,4.0,938.0,rock
23.24822235107422,5.088220119476318,2.911485433578491,2.9972007274627686,1.405834436416626,-10.835511207580566,5.227298736572266,1.580161213874817,3.502347230911255,0.847837507724762,299165.8509005551,2405.139068188252,862818.2262459311,4914.56223347548,1.522408297205402e-06,0.0016026730882003903,0.0009371140906634967,0.1780732567630597,0.5736835070836676,1.0,0.0,0.0,117.31283422459893,0.0,938.0,208.0,27.5,62.0,3.0,938.0,rock
25.713077545166016,2.467714786529541,2.463853359222412,2.6374192237854004,1.2097668647766113,-1.998801827430725,7.568439483642578,0.45755741000175476,1.721290111541748,0.6104903221130371,137877.39278563712,1857.0910950276902,581324.630109433,4179.862406716418,1.2250673080416163e-06,0.0015383282443508506,4.7537719518746066e-05,0.1148049165445096,0.5724984407021296,1.0,0.0,0.0,110.31078431372549,0.0,938.0,180.0,24.499714748859326,35.0,3.0,935.0,rock
25.3075008392334,5.509085178375244,4.41792106628418,3.3171119689941406,0.9806345105171204,-3.158808946609497,8.446434020996094,1.6714158058166504,1.8749923706054688,0.5188350081443787,318140.6629730629,1779.4570921457032,1241307.8840627568,4032.4493603411515,1.373095528833801e-06,0.00180763506796211,0.0005181714855873072,0.10381806786380597,0.5582286376191749,1.0,0.0,0.0,104.18333333333334,0.0,938.0,198.0,23.12465141947715,39.0,3.0,938.0,rock
12.858287811279297,3.109257459640503,1.7841796875,1.322064995765686,0.5611628293991089,-0.438923716545105,6.910524368286133,0.8207004070281982,1.8944967985153198,0.6312243342399597,207085.1276276864,2061.1116862250296,636319.7090904752,4567.630597014925,5.701545546799025e-07,0.0012887094635516405,0.004869171776207627,0.13911538845948826,0.5747794707297513,1.0,0.0,0.0,93.76666666666667,0.0,938.0,287.0,24.499714748859326,105.0,3.0,938.0,rock
14.701580047607422,1.831616997718811,1.8953677415847778,1.3998688459396362,0.758675754070282,-2.154635429382324,7.162614345550537,1.3701715469360352,2.435192108154297,0.44847196340560913,140276.1585827921,2010.918485052389,420776.51959433383,4569.271388592751,8.605230732428026e-07,0.0011506113223731518,0.0018541504450326617,0.11581375349813433,0.5943687071193086,0.0,0.0,0.0,0.0,0.0,938.0,300.0,20.601722307054366,67.0,3.0,938.0,rock
29.86271858215332,5.378782749176025,4.945660591125488,2.054776906967163,1.2003892660140991,-4.660637378692627,6.653219223022461,1.8014264106750488,2.011155366897583,0.8505005240440369,304109.66529478633,2112.0316894136627,870267.2657072234,4707.755863539445,2.09413337870501e-06,0.0018349065212532878,0.00282180104815474,0.14052297108208955,0.5770961418515549,0.0,0.0,0.0,0.0,0.0,938.0,237.0,20.601722307054366,82.0,3.0,938.0,rock
21.787967681884766,7.594282150268555,3.7910051345825195,3.9654383659362793,1.6609089374542236,-5.724067687988281,9.725220680236816,1.0125195980072021,2.049067974090576,0.5836692452430725,414187.72373441455,1573.728207246197,1529794.642794987,3429.570895522388,2.2419255856220843e-06,0.002030385658144951,0.0014253904543838625,0.09146528101679105,0.5497861534349106,0.0,0.0,0.0,0.0,0.0,938.0,197.0,20.601722307054366,3.0,3.0,938.0,rock
21.25702667236328,2.5251758098602295,3.630476236343384,2.1262879371643066,1.4205574989318848,-4.265336513519287,7.17044734954834,0.758206307888031,1.9867429733276367,0.5344195365905762,146677.04674498003,1971.5501723950615,673485.1675854612,4471.731743070362,1.6594067346886732e-06,0.0015074326656758785,0.00431031718329248,0.13108269339685502,0.5322373696872494,1.0,0.0,0.0,110.17628205128204,0.0,938.0,277.0,23.12465141947715,94.0,3.0,938.0,rock
21.072425842285156,6.692242622375488,3.249648094177246,3.092984199523926,1.497494101524353,-6.192190647125244,9.051875114440918,1.6662501096725464,1.706717610359192,1.4983259439468384,382381.4281684737,1718.0538254577586,1603606.3904493696,3931.761393923241,4.116066520509776e-06,0.0022817563731223345,0.0020110590249013713,0.08976670775586354,0.5540497193263832,1.0,0.0,0.0,98.70087719298246,0.0,938.0,239.0,24.499714748859326,26.0,3.0,938.0,rock
14.067882537841797,3.4037280082702637,2.3877837657928467,1.3753361701965332,0.7811087369918823,-2.5755088329315186,7.5432281494140625,-0.052721813321113586,1.8413089513778687,0.05913357436656952,179078.80045157892,2020.353155420435,700095.406317235,4255.846881663113,5.522629749066255e-07,0.0012940396554768085,0.0013366474001688829,0.1405640949826759,0.5264456918827407,1.0,0.0,0.0,125.01666666666667,0.0,938.0,268.0,24.499714748859326,74.0,3.0,938.0,rock
10.664446830749512,2.48058819770813,2.086228370666504,1.333282232284546,1.0201908349990845,-2.4522218704223633,5.926531791687012,0.3415527939796448,1.5273939371109009,-0.13864989578723907,176676.23719772045,2404.565307257578,619539.1087956049,4906.508195628998,2.4791705754978466e-07,0.0009507804643362761,0.0014791482545030961,0.18836204024520256,0.5118773946360152,1.0,0.0,0.0,117.20416666666667,0.0,938.0,202.0,29.135235094880613,31.0,4.0,938.0,rock
40.421627044677734,4.263266086578369,2.7351324558258057,3.051973819732666,1.1865278482437134,-4.969294548034668,6.136936187744141,-0.41422268748283386,1.200057864189148,-0.5016124844551086,241919.59295064383,2375.3449462999615,649549.7958042002,4748.625732942431,1.0923045010713395e-06,0.001202697167173028,0.004691383976863308,0.1739624283715352,0.5540318987792926,0.0,0.0,0.0,0.0,0.0,938.0,321.0,19.445436482630058,173.0,5.0,938.0,rock
20.782726287841797,2.2040481567382812,2.551511764526367,1.8639600276947021,1.3890553712844849,-3.3629648685455322,4.737881660461426,0.0518295019865036,1.1067166328430176,-0.08129267394542694,173363.29007371084,2698.8402998097586,475052.8130538313,5342.259128464819,2.884865466512565e-07,0.0008521978161297739,1.3331098635123953e-05,0.22533086520522388,0.5137797380379578,1.0,0.0,0.0,98.4375,0.0,938.0,166.0,27.5,7.0,5.0,938.0,rock
8.910530090332031,2.4110982418060303,2.0173614025115967,1.2611533403396606,0.5660009384155273,-5.1148223876953125,7.574942111968994,1.245934247970581,2.6296024322509766,0.28290030360221863,130911.31523962218,1961.41262115351,538032.9044309142,4363.980876865671,5.171091288502794e-07,0.001150838565081358,0.00043604002810925614,0.11804954024520256,0.6019647153167601,1.0,0.0,0.0,125.01666666666667,0.0,938.0,167.0,20.601722307054366,12.0,3.0,938.0,rock
15.023482322692871,4.120631694793701,2.5767881870269775,1.7594547271728516,1.0994502305984497,-3.1908891201019287,6.289875030517578,0.3505396246910095,1.2885218858718872,0.4747568666934967,292107.9234120854,2327.646610630715,820731.7341559847,4842.725546375266,4.720953086234658e-07,0.00116548512596637,0.0003187474253724362,0.1721503739672175,0.5268154682348748,0.0,0.0,0.0,0.0,0.0,938.0,217.0,24.499714748859326,55.0,3.0,938.0,rock
32.8269157409668,5.391298770904541,2.6859920024871826,2.574528932571411,1.7735170125961304,-9.430092811584473,6.895701885223389,-0.5546117424964905,1.9717934131622314,0.05592166632413864,368462.27635009354,2127.5375117800563,966645.5148966082,4240.363472814499,1.1307570275675971e-06,0.0013558920472860336,0.001281913619346435,0.15543272754530918,0.5210193352935936,0.0,0.0,0.0,0.0,0.0,938.0,229.0,21.826764464562746,61.0,4.0,938.0,rock
95.53733825683594,8.29310131072998,6.288017749786377,2.9471707344055176,1.7876096963882446,-8.937098503112793,6.067453861236572,-0.24800348281860352,2.728576898574829,0.08034541457891464,381654.2394571021,2328.7782905781987,959488.1927288921,4429.970682302772,1.260215185538982e-06,0.001298528746701777,0.005339816492235913,0.1853787355077292,0.5425331907689567,1.0,0.0,0.0,125.74404761904762,0.0,938.0,175.0,20.601722307054366,27.0,4.0,938.0,rock
4.634153842926025,1.300965428352356,1.5806125402450562,1.5637388229370117,0.7805594205856323,1.8474745750427246,6.856569766998291,-1.095089077949524,1.937155842781067,0.49093636870384216,66164.95394008042,2154.47508273662,452760.2800411431,4367.262460021322,2.284544251551779e-07,0.000900475075468421,0.001536593442516836,0.1651759686500533,0.5950325224984406,1.0,0.0,0.0,133.9452380952381,0.0,938.0,286.0,24.499714748859326,82.0,3.0,938.0,rock
32.696746826171875,4.313161373138428,4.0846710205078125,2.75650691986084,1.0142828226089478,-4.934571266174316,5.289242267608643,-1.6541218757629395,2.1926658153533936,-0.15173032879829407,193251.41524646984,2419.89608111779,583700.620044332,4552.380397121535,1.13943963242491e-06,0.001125870505347848,0.010720334876282284,0.2085195187566631,0.5083979328165374,0.0,0.0,0.0,0.0,0.0,938.0,178.0,27.5,59.0,4.0,937.0,rock
20.938398361206055,5.984813213348389,2.776801109313965,2.2653839588165283,0.992387592792511,-7.355456352233887,9.982037544250488,-0.4138743579387665,1.7071219682693481,0.17141176760196686,262033.34338259412,1540.8677016862132,1166313.3901463684,3267.548973880597,3.4769288959068945e-06,0.0020453152246773243,0.0036094736751806464,0.09621170792244137,0.5663592622293504,1.0,0.0,0.0,110.31078431372549,0.0,938.0,182.0,24.499714748859326,17.0,3.0,938.0,rock
15.130438804626465,3.9020774364471436,2.9039864540100098,4.344640254974365,1.5982487201690674,-0.9651613235473633,5.814205169677734,0.8436516523361206,0.8916048407554626,-0.9676504731178284,210962.42907845555,2358.8445102309147,383716.5454277264,4955.756929637527,1.4643909480582806e-06,0.0017582247965037823,0.0017067095809568792,0.1560584355010661,0.4912144702842377,0.0,0.0,0.0,0.0,0.0,938.0,270.0,16.351597831287414,136.0,5.0,937.0,rock
4.5645670890808105,3.1878347396850586,2.1427433490753174,1.423843502998352,0.6409815549850464,-1.1454272270202637,6.339238166809082,-1.251721739768982,2.1771886348724365,-0.17272256314754486,170818.5090765426,2319.5403645345446,744704.8099866459,4436.317297441365,1.0608922451638136e-07,0.0007661071140319109,0.005685693057537325,0.1930793160314499,0.5168626926846653,0.0,0.0,0.0,0.0,0.0,938.0,204.0,20.601722307054366,30.0,3.0,938.0,rock
3.197417736053467,2.0025718212127686,0.8417854309082031,0.8664951324462891,0.46516743302345276,-0.750377893447876,6.145913124084473,-1.402784824371338,2.4342057704925537,0.06992769241333008,73039.69357062168,2303.90777173697,262829.7743829668,4347.289778784648,7.937985913031298e-08,0.0007649554754607379,0.0005864520406912269,0.19658005313832622,0.5609908224182483,0.0,0.0,0.0,0.0,0.0,938.0,230.0,29.135235094880613,3.0,3.0,938.0,rock
6.317523002624512,3.1013338565826416,2.0981810092926025,1.8503373861312866,0.5657978057861328,-3.8725287914276123,8.83177375793457,-1.8602349758148193,2.8808701038360596,0.3695894479751587,103668.83517722801,1835.4698042997406,507237.0362139482,3538.4461620469083,2.240325471802862e-07,0.0010278718546032906,0.006099449461011033,0.12985678471481876,0.5237592444088033,0.0,0.0,0.0,0.0,0.0,938.0,410.0,23.12465141947715,220.0,3.0,938.0,rock
6.066052436828613,0.9987644553184509,1.8281705379486084,0.7102968096733093,0.4428005814552307,-2.301156759262085,5.0562968254089355,-1.2677346467971802,3.0791308879852295,0.9083319902420044,61238.41248831188,2455.130510514517,264278.31968927605,4705.182236140725,1.9459588429526775e-07,0.0007437046733684838,0.010453816603700736,0.19062281366604478,0.5425510113160474,1.0,0.0,0.0,117.64705882352942,0.0,938.0,506.0,23.12465141947715,319.0,3.0,938.0,rock
14.742081642150879,4.0434980392456055,2.066530704498291,2.018789768218994,0.6914567351341248,-7.770153522491455,8.241903305053711,0.3576207756996155,3.4363763332366943,0.056735314428806305,170576.77186011075,1866.4475600399335,673539.5374227251,3959.096815031983,4.859551268054929e-07,0.0011136052198708057,0.0036891580327656536,0.1139610957489339,0.5417802726543706,1.0,0.0,0.0,104.18333333333334,0.0,938.0,304.0,18.354047994837977,68.0,3.0,938.0,rock
26.145305633544922,2.593318223953247,1.3807239532470703,0.7955492734909058,0.46991395950317383,-7.0673298835754395,8.323186874389648,-0.6762727499008179,2.563802719116211,0.45085853338241577,117344.73069109807,1866.402907132469,643354.3701177425,3859.191764392324,2.0220291219175124e-07,0.0009000464924611151,0.00039246733753857215,0.12625610091284648,0.5747260090884789,1.0,0.0,0.0,117.20416666666667,0.0,938.0,302.0,27.5,28.0,3.0,938.0,rock
12.328593254089355,2.807807207107544,2.3709139823913574,1.6799530982971191,0.666520357131958,-5.350677967071533,7.479538917541504,-1.4326276779174805,3.0725834369659424,-0.11340877413749695,153205.41808864416,1955.4488639725612,479325.8827862214,3818.6050772921108,3.2850374509507674e-07,0.0009545724024064839,0.000763247388461939,0.15946286980277186,0.5912501113784194,0.0,0.0,0.0,0.0,0.0,938.0,210.0,27.5,65.0,3.0,938.0,rock
94.49213409423828,5.265842437744141,5.591556072235107,2.592087984085083,1.6404691934585571,-14.640813827514648,10.07101058959961,1.0063904523849487,4.5221943855285645,1.354003667831421,181151.72753828618,1315.5927346236033,959485.0411609056,2883.7203491471214,7.712672413617838e-06,0.002519349567592144,0.0007330633823832626,0.06369623700692964,0.5275639312126883,0.0,0.0,0.0,0.0,0.0,938.0,386.0,24.499714748859326,217.0,3.0,936.0,rock
62.12010192871094,12.301955223083496,4.366408348083496,1.5082837343215942,1.7195768356323242,-14.097333908081055,9.754233360290527,-0.576930820941925,2.8988447189331055,0.6284492015838623,362273.77930994227,1536.552602144884,1401041.7026236728,3130.2222148187634,2.0451309410418617e-06,0.00132432347163558,0.0006598662698915609,0.10077698144323027,0.5203822507350976,0.0,0.0,0.0,0.0,0.0,938.0,420.0,20.601722307054366,269.0,3.0,937.0,rock
